episode,step,state_id,action_id,action_name,reward,total_reward,distance_to_goal,min_distance,epsilon,goal_reached,collision
1,1,964610217,0,forward,-0.0009,-0.0009,15.9976,0.9657,0.0,False,False
1,2,964610217,0,forward,0.124,0.1231,15.9889,0.9768,0.0,False,False
1,3,964610217,0,forward,0.2491,0.3722,15.9739,1.0082,0.0,False,False
1,4,964610217,0,forward,0.3741,0.7462,15.9527,1.0439,0.0,False,False
1,5,1904234423,4,forward_right,0.4024,1.1486,15.9301,1.0363,0.0,False,False
1,6,1904234423,4,forward_right,0.3598,1.5084,15.9096,0.9884,0.0,False,False
1,7,964610217,0,forward,0.4812,1.9896,15.8831,1.0317,0.0,False,False
1,8,1904234423,4,forward_right,0.4433,2.4328,15.8584,1.0426,0.0,False,False
1,9,1904234423,4,forward_right,0.3467,2.7795,15.8386,1.1013,0.0,False,False
1,10,1548021558,0,forward,0.4926,3.2721,15.8114,1.4418,0.0,False,False
1,11,1548021558,0,forward,0.5453,3.8174,15.7817,2.1373,0.0,False,False
1,12,1548021558,0,forward,0.5456,4.3629,15.7519,2.9969,0.0,False,False
1,13,1548021558,0,forward,0.6648,5.0277,15.7161,3.8524,0.0,False,False
1,14,1548021558,0,forward,0.4266,5.4543,15.6923,3.819,0.0,False,False
1,15,1548021558,0,forward,0.5457,6.0,15.6625,3.8096,0.0,False,False
1,16,1548021558,0,forward,0.5457,6.5457,15.6328,3.778,0.0,False,False
1,17,1548021558,0,forward,0.5457,7.0914,15.603,2.9406,0.0,False,False
1,18,1548021558,0,forward,0.5458,7.6372,15.5732,1.9998,0.0,False,False
1,19,1548021558,0,forward,0.5464,8.1836,15.5434,1.3745,0.0,False,False
1,20,1548021558,0,forward,0.4716,8.6552,15.5173,0.9502,0.0,False,False
1,21,964610217,0,forward,0.544,9.1992,15.4876,1.5751,0.0,False,False
1,22,1548021558,0,forward,0.5453,9.7445,15.4578,3.608,0.0,False,False
1,23,1548021558,0,forward,0.5313,10.2758,15.4287,3.641,0.0,False,False
1,24,1548021558,0,forward,0.546,10.8218,15.3989,3.6196,0.0,False,False
1,25,1548021558,0,forward,0.5456,11.3674,15.3692,3.5781,0.0,False,False
1,26,1548021558,0,forward,0.5456,11.9129,15.3394,3.5787,0.0,False,False
1,27,1548021558,0,forward,0.5455,12.4585,15.3096,3.5471,0.0,False,False
1,28,1548021558,0,forward,0.5455,13.004,15.2798,3.5206,0.0,False,False
1,29,1548021558,0,forward,0.5456,13.5496,15.2501,2.2878,0.0,False,False
1,30,1548021558,0,forward,0.5461,14.0958,15.2202,1.4543,0.0,False,False
1,31,1548021558,0,forward,0.4497,14.5455,15.1953,0.9462,0.0,False,False
1,32,964610217,0,forward,0.5428,15.0883,15.1656,1.6367,0.0,False,False
1,33,1548021558,0,forward,0.545,15.6333,15.1359,3.4298,0.0,False,False
1,34,1548021558,0,forward,0.5177,16.151,15.1075,3.4006,0.0,False,False
1,35,1548021558,0,forward,0.5453,16.6963,15.0777,3.3904,0.0,False,False
1,36,1548021558,0,forward,0.5452,17.2415,15.048,3.3641,0.0,False,False
1,37,1548021558,0,forward,0.5452,17.7867,15.0182,3.3482,0.0,False,False
1,38,1548021558,0,forward,0.5452,18.3319,14.9884,3.3245,0.0,False,False
1,39,1548021558,0,forward,0.5452,18.877,14.9587,2.821,0.0,False,False
1,40,1548021558,0,forward,0.5454,19.4224,14.9289,1.7904,0.0,False,False
1,41,1548021558,0,forward,0.5463,19.9687,14.8991,1.1421,0.0,False,False
1,42,1548021558,0,forward,0.457,20.4257,14.8738,1.0905,0.0,False,False
1,43,1904234423,4,forward_right,0.4605,20.8862,14.8482,1.9295,0.0,False,False
1,44,1548021558,0,forward,0.4997,21.3859,14.8207,3.0533,0.0,False,False
1,45,1548021558,0,forward,0.5435,21.9294,14.7911,3.1912,0.0,False,False
1,46,1548021558,0,forward,0.5293,22.4588,14.7621,3.1788,0.0,False,False
1,47,1548021558,0,forward,0.5435,23.0023,14.7324,3.1692,0.0,False,False
1,48,1548021558,0,forward,0.5435,23.5458,14.7027,3.1463,0.0,False,False
1,49,1548021558,0,forward,0.5434,24.0892,14.6731,3.1346,0.0,False,False
1,50,1548021558,0,forward,0.5434,24.6326,14.6434,3.1044,0.0,False,False
1,51,1548021558,0,forward,0.5434,25.176,14.6137,3.0759,0.0,False,False
1,52,1548021558,0,forward,0.5435,25.7195,14.5841,2.1207,0.0,False,False
1,53,1548021558,0,forward,0.4251,26.1446,14.5603,1.3886,0.0,False,False
1,54,1548021558,0,forward,0.5856,26.7303,14.5285,0.9489,0.0,False,False
1,55,964610217,0,forward,0.5417,27.272,14.4989,1.6257,0.0,False,False
1,56,1548021558,0,forward,0.4243,27.6962,14.4752,3.0059,0.0,False,False
1,57,1548021558,0,forward,0.6386,28.3349,14.4408,3.0002,0.0,False,False
1,58,1548021558,0,forward,0.5438,28.8786,14.4111,2.9855,0.0,False,False
1,59,1548021558,0,forward,0.5432,29.4218,14.3814,2.9728,0.0,False,False
1,60,1548021558,0,forward,0.5432,29.965,14.3518,2.9493,0.0,False,False
1,61,1548021558,0,forward,0.5431,30.5081,14.3221,2.9312,0.0,False,False
1,62,1548021558,0,forward,0.5431,31.0512,14.2925,2.9032,0.0,False,False
1,63,1548021558,0,forward,0.5431,31.5943,14.2628,2.3203,0.0,False,False
1,64,1548021558,0,forward,0.5435,32.1379,14.2331,1.5118,0.0,False,False
1,65,1548021558,0,forward,0.4815,32.6194,14.2066,0.9665,0.0,False,False
1,66,964610217,0,forward,0.5042,33.1236,14.1789,1.5106,0.0,False,False
1,67,1548021558,0,forward,0.5426,33.6662,14.1492,2.8389,0.0,False,False
1,68,1548021558,0,forward,0.5063,34.1725,14.1214,2.8298,0.0,False,False
1,69,1548021558,0,forward,0.5429,34.7154,14.0918,2.8131,0.0,False,False
1,70,1548021558,0,forward,0.5428,35.2582,14.0621,2.7751,0.0,False,False
1,71,1548021558,0,forward,0.5427,35.8009,14.0325,2.7852,0.0,False,False
1,72,1548021558,0,forward,0.5427,36.3436,14.0029,2.7702,0.0,False,False
1,73,1548021558,0,forward,0.5427,36.8863,13.9732,2.7539,0.0,False,False
1,74,1548021558,0,forward,0.4242,37.3105,13.9495,2.1055,0.0,False,False
1,75,1548021558,0,forward,0.6619,37.9724,13.9139,1.3089,0.0,False,False
1,76,1548021558,0,forward,0.4697,38.4421,13.8879,0.9412,0.0,False,False
1,77,964610217,0,forward,0.5417,38.9838,13.8583,1.6836,0.0,False,False
1,78,1548021558,0,forward,0.5422,39.5259,13.8287,2.6925,0.0,False,False
1,79,1548021558,0,forward,0.5296,40.0555,13.7998,2.6864,0.0,False,False
1,80,1548021558,0,forward,0.5426,40.5981,13.7701,2.6807,0.0,False,False
1,81,1548021558,0,forward,0.4239,41.022,13.7464,2.6609,0.0,False,False
1,82,1548021558,0,forward,0.6608,41.6828,13.7109,2.6524,0.0,False,False
1,83,1548021558,0,forward,0.5423,42.2251,13.6813,2.6386,0.0,False,False
1,84,1548021558,0,forward,0.5423,42.7674,13.6517,2.6293,0.0,False,False
1,85,1548021558,0,forward,0.4239,43.1912,13.628,2.1771,0.0,False,False
1,86,1548021558,0,forward,0.6613,43.8525,13.5924,1.3912,0.0,False,False
1,87,1548021558,0,forward,0.4447,44.2972,13.5677,0.9393,0.0,False,False
1,88,964610217,0,forward,0.5448,44.842,13.5379,1.8159,0.0,False,False
1,89,1548021558,0,forward,0.5418,45.3838,13.5083,2.5822,0.0,False,False
1,90,1548021558,0,forward,0.5023,45.8862,13.4807,2.5745,0.0,False,False
1,91,1548021558,0,forward,0.542,46.4282,13.4511,2.5664,0.0,False,False
1,92,1548021558,0,forward,0.5419,46.9701,13.4215,2.5385,0.0,False,False
1,93,1548021558,0,forward,0.5418,47.5119,13.3919,2.5414,0.0,False,False
1,94,1548021558,0,forward,0.5418,48.0537,13.3624,2.5206,0.0,False,False
1,95,1548021558,0,forward,0.5418,48.5955,13.3328,2.4772,0.0,False,False
1,96,1548021558,0,forward,0.5419,49.1374,13.3032,1.8584,0.0,False,False
1,97,1548021558,0,forward,0.5427,49.6801,13.2735,1.1878,0.0,False,False
1,98,1548021558,0,forward,0.4713,50.1514,13.2475,1.0941,0.0,False,False
1,99,1904234423,4,forward_right,0.4592,50.6106,13.222,2.0499,0.0,False,False
1,100,1548021558,0,forward,0.4583,51.0689,13.1966,2.3333,0.0,False,False
1,101,1548021558,0,forward,0.5138,51.5827,13.1684,2.325,0.0,False,False
1,102,1548021558,0,forward,0.4205,52.0032,13.1449,2.301,0.0,False,False
1,103,1548021558,0,forward,0.6564,52.6595,13.1096,2.2524,0.0,False,False
1,104,1548021558,0,forward,0.5385,53.1981,13.0801,2.2261,0.0,False,False
1,105,1548021558,0,forward,0.5385,53.7365,13.0507,2.1859,0.0,False,False
1,106,1548021558,0,forward,0.5384,54.2749,13.0213,2.1644,0.0,False,False
1,107,1548021558,0,forward,0.5384,54.8133,12.9919,2.1339,0.0,False,False
1,108,1548021558,0,forward,0.5386,55.352,12.9624,1.7162,0.0,False,False
1,109,1548021558,0,forward,0.5395,55.8914,12.933,1.115,0.0,False,False
1,110,1548021558,0,forward,0.4354,56.3269,12.9087,1.1615,0.0,False,False
1,111,1548021558,0,forward,0.5372,56.8641,12.8793,2.0015,0.0,False,False
1,112,1548021558,0,forward,0.4848,57.3489,12.8526,1.9886,0.0,False,False
1,113,1548021558,0,forward,0.5384,57.8873,12.8232,1.9713,0.0,False,False
1,114,1548021558,0,forward,0.4203,58.3076,12.7997,1.951,0.0,False,False
1,115,1548021558,0,forward,0.6554,58.9631,12.7644,1.9051,0.0,False,False
1,116,1548021558,0,forward,0.5378,59.5008,12.735,1.8686,0.0,False,False
1,117,1548021558,0,forward,0.5377,60.0385,12.7056,1.8396,0.0,False,False
1,118,1548021558,0,forward,0.5377,60.5763,12.6762,1.8128,0.0,False,False
1,119,1548021558,0,forward,0.6557,61.232,12.6409,1.5241,0.0,False,False
1,120,1548021558,0,forward,0.3832,61.6152,12.6193,0.9848,0.0,False,False
1,121,964610217,0,forward,0.4719,62.0872,12.5932,1.4603,0.0,False,False
1,122,1548021558,0,forward,0.5367,62.6239,12.5638,1.7013,0.0,False,False
1,123,1548021558,0,forward,0.4845,63.1084,12.5371,1.6765,0.0,False,False
1,124,1548021558,0,forward,0.5374,63.6458,12.5077,1.6422,0.0,False,False
1,125,1548021558,0,forward,0.5372,64.183,12.4784,1.6191,0.0,False,False
1,126,1548021558,0,forward,0.5371,64.7201,12.449,1.564,0.0,False,False
1,127,1548021558,0,forward,0.4196,65.1397,12.4256,1.5473,0.0,False,False
1,128,1548021558,0,forward,0.6544,65.794,12.3903,1.5133,0.0,False,False
1,129,1548021558,0,forward,0.537,66.331,12.361,1.4677,0.0,False,False
1,130,1548021558,0,forward,0.5375,66.8685,12.3316,1.3642,0.0,False,False
1,131,1548021558,0,forward,0.4378,67.3063,12.3072,0.9348,0.0,False,False
1,132,964610217,0,forward,0.5396,67.8459,12.2777,1.3904,0.0,False,False
1,133,1548021558,0,forward,0.5362,68.3821,12.2484,1.3815,0.0,False,False
1,134,1548021558,0,forward,0.5059,68.888,12.2206,1.3505,0.0,False,False
1,135,1548021558,0,forward,0.5363,69.4243,12.1913,1.329,0.0,False,False
1,136,1548021558,0,forward,0.5362,69.9605,12.162,1.2811,0.0,False,False
1,137,1548021558,0,forward,0.5361,70.4967,12.1327,1.2514,0.0,False,False
1,138,1548021558,0,forward,0.5361,71.0327,12.1034,1.2227,0.0,False,False
1,139,1548021558,0,forward,0.4189,71.4516,12.08,1.1883,0.0,False,False
1,140,1548021558,0,forward,0.6536,72.1052,12.0448,1.1515,0.0,False,False
1,141,1548021558,0,forward,0.5203,72.6255,12.0163,0.9931,0.0,False,False
1,142,964610217,0,forward,0.5679,73.1934,11.9854,1.0904,0.0,False,False
1,143,1904234423,4,forward_right,0.2881,73.4815,11.9685,1.0698,0.0,False,False
1,144,1904234423,4,forward_right,0.4351,73.9166,11.9442,1.0633,0.0,False,False
1,145,1904234423,4,forward_right,0.344,74.2606,11.9245,1.0423,0.0,False,False
1,146,1904234423,4,forward_right,0.3504,74.611,11.9045,1.0188,0.0,False,False
1,147,1904234423,4,forward_right,0.3461,74.9572,11.8847,1.0029,0.0,False,False
1,148,1904234423,4,forward_right,0.3416,75.2987,11.8651,0.9656,0.0,False,False
1,149,1904234423,4,forward_right,0.3368,75.6355,11.8458,0.9507,0.0,False,False
1,150,1904234423,4,forward_right,0.3319,75.9674,11.8267,0.9262,0.0,False,False
1,151,1328149006,0,forward,0.3379,76.3053,11.8073,0.9048,0.0,False,False
1,152,1328149006,0,forward,0.5933,76.8986,11.7751,0.8625,0.0,False,False
1,153,768927338,1,turn_left,0.4101,77.3087,11.7496,0.8251,0.0,False,False
1,154,768927338,1,turn_left,0.1501,77.4588,11.7371,0.825,0.0,False,False
1,155,768927338,1,turn_left,0.1893,77.6481,11.7226,0.8213,0.0,False,False
1,156,768927338,1,turn_left,-0.1,77.5481,11.7218,0.8139,0.0,False,False
1,157,224357922,1,turn_left,-0.1,77.4481,11.7219,0.7967,0.0,False,False
1,158,224357922,1,turn_left,-0.1,77.3481,11.7221,0.8064,0.0,False,False
1,159,224357922,1,turn_left,-0.1,77.2481,11.7222,0.7936,0.0,False,False
1,160,224357922,1,turn_left,-0.1,77.1481,11.7223,0.7903,0.0,False,False
1,161,224357922,1,turn_left,-0.1,77.0481,11.7217,0.8003,0.0,False,False
1,162,964610217,0,forward,0.1959,77.2441,11.7094,0.7797,0.0,False,False
1,163,224357922,1,turn_left,0.2492,77.4933,11.6919,0.7819,0.0,False,False
1,164,224357922,1,turn_left,-0.0281,77.4652,11.6883,0.7703,0.0,False,False
1,165,224357922,1,turn_left,-0.1,77.3652,11.6882,0.7794,0.0,False,False
1,166,964610217,0,forward,0.226,77.5911,11.6744,0.7503,0.0,False,False
1,167,224357922,1,turn_left,0.2477,77.8389,11.657,0.7538,0.0,False,False
1,168,224357922,1,turn_left,-0.0303,77.8086,11.6535,0.744,0.0,False,False
1,169,224357922,1,turn_left,-0.1,77.7086,11.6534,0.7577,0.0,False,False
1,170,851696946,3,forward_left,0.1509,77.8594,11.6433,0.7385,0.0,False,False
1,171,851696946,3,forward_left,0.4369,78.2963,11.619,0.7172,0.0,False,False
1,172,851696946,3,forward_left,0.3523,78.6487,11.5989,0.7157,0.0,False,False
1,173,851696946,3,forward_left,0.1927,78.8414,11.5867,0.6944,0.0,False,False
1,174,394836670,1,turn_left,0.1789,79.0202,11.5728,0.7055,0.0,False,False
1,175,851696946,3,forward_left,0.2193,79.2396,11.5593,0.7004,0.0,False,False
1,176,2005065858,4,forward_right,0.3666,79.6061,11.5385,0.7031,0.0,False,False
1,177,851696946,3,forward_left,0.2214,79.8276,11.5249,0.6824,0.0,False,False
1,178,851696946,3,forward_left,0.3197,80.1472,11.5064,0.6804,0.0,False,False
1,179,2005065858,4,forward_right,0.2907,80.4379,11.4894,0.6804,0.0,False,False
1,180,2005065858,4,forward_right,0.3273,80.7652,11.4705,0.6519,0.0,False,False
1,181,2005065858,4,forward_right,0.3324,81.0977,11.4514,0.6268,0.0,False,False
1,182,851696946,3,forward_left,0.3017,81.3993,11.4338,0.6205,0.0,False,False
1,183,851696946,3,forward_left,0.3342,81.7335,11.4146,0.5913,0.0,False,False
1,184,2005065858,4,forward_right,0.2951,82.0286,11.3974,0.5845,0.0,False,False
1,185,1248015960,4,forward_right,0.1672,82.1958,11.3865,0.5842,0.0,False,False
1,186,851696946,3,forward_left,0.2662,82.4621,11.3707,0.5791,0.0,False,False
1,187,851696946,3,forward_left,0.2606,82.7227,11.3552,0.5791,0.0,False,False
1,188,2005065858,4,forward_right,0.2846,83.0073,11.3384,0.5762,0.0,False,False
1,189,2005065858,4,forward_right,0.3108,83.3181,11.3204,0.5683,0.0,False,False
1,190,2005065858,4,forward_right,0.333,83.6511,11.3013,0.5457,0.0,False,False
1,191,435714005,3,forward_left,0.3122,83.9633,11.2831,0.5457,0.0,False,False
1,192,435714005,3,forward_left,0.3118,84.2751,11.2651,0.5336,0.0,False,False
1,193,435714005,3,forward_left,0.333,84.6081,11.2459,0.5259,0.0,False,False
1,194,704603121,3,forward_left,0.3275,84.9356,11.227,0.5259,0.0,False,False
1,195,704603121,3,forward_left,0.322,85.2576,11.2084,0.5439,0.0,False,False
1,196,704603121,3,forward_left,0.3167,85.5743,11.1901,0.5335,0.0,False,False
1,197,704603121,3,forward_left,0.27,85.8443,11.1741,0.5353,0.0,False,False
1,198,5351129,1,turn_left,-0.1,85.7443,11.1724,0.5353,0.0,False,False
1,199,5351129,1,turn_left,-0.1,85.6443,11.172,0.561,0.0,False,False
1,200,269267653,0,forward,0.191,85.8353,11.1599,0.561,0.0,False,False
1,201,269267653,0,forward,0.2813,86.1166,11.1434,0.5746,0.0,False,False
1,202,269267653,0,forward,0.3926,86.5092,11.1212,0.5746,0.0,False,False
1,203,269267653,0,forward,0.3918,86.901,11.0991,0.5822,0.0,False,False
1,204,269267653,0,forward,0.3911,87.2921,11.0771,0.5938,0.0,False,False
1,205,269267653,0,forward,0.3903,87.6824,11.0551,0.6553,0.0,False,False
1,206,269267653,0,forward,0.3895,88.0719,11.0331,0.6553,0.0,False,False
1,207,269267653,0,forward,0.3888,88.4607,11.0111,0.7223,0.0,False,False
1,208,269267653,0,forward,0.3882,88.849,10.9892,0.7605,0.0,False,False
1,209,269267653,0,forward,0.3881,89.2371,10.9673,0.7605,0.0,False,False
1,210,269267653,0,forward,0.1144,89.3515,10.9591,0.7863,0.0,False,False
1,211,269267653,0,forward,0.3623,89.7138,10.9385,0.7906,0.0,False,False
1,212,269267653,0,forward,0.2972,90.011,10.9211,0.7906,0.0,False,False
1,213,269267653,0,forward,0.3856,90.3966,10.8994,0.817,0.0,False,False
1,214,269267653,0,forward,0.3848,90.7814,10.8776,0.817,0.0,False,False
1,215,269267653,0,forward,0.384,91.1654,10.8559,0.8505,0.0,False,False
1,216,269267653,0,forward,0.3832,91.5485,10.8343,0.9142,0.0,False,False
1,217,269267653,0,forward,0.3824,91.9309,10.8126,0.9142,0.0,False,False
1,218,269267653,0,forward,0.2954,92.2263,10.7954,0.9379,0.0,False,False
1,219,269267653,0,forward,0.4679,92.6942,10.7695,0.9883,0.0,False,False
1,220,137084343,1,turn_left,0.001,92.6952,10.7644,1.022,0.0,False,False
1,221,269267653,0,forward,0.227,92.9222,10.7506,1.0219,0.0,False,False
1,222,269267653,0,forward,0.2632,93.1854,10.7349,1.0418,0.0,False,False
1,223,269267653,0,forward,0.3625,93.5479,10.7143,1.0769,0.0,False,False
1,224,269267653,0,forward,0.3606,93.9085,10.6938,1.0954,0.0,False,False
1,225,269267653,0,forward,0.3597,94.2682,10.6733,1.1291,0.0,False,False
1,226,909280383,2,turn_right,0.2326,94.5008,10.6566,1.1511,0.0,False,False
1,227,909280383,2,turn_right,0.06,94.5608,10.6486,1.0987,0.0,False,False
1,228,1873715732,4,forward_right,0.0191,94.5798,10.6452,1.1813,0.0,False,False
1,229,909280383,2,turn_right,0.1345,94.7143,10.6335,1.1489,0.0,False,False
1,230,909280383,2,turn_right,-0.0224,94.6919,10.6296,1.1489,0.0,False,False
1,231,909280383,2,turn_right,-0.1,94.5919,10.6297,1.0862,0.0,False,False
1,232,269267653,0,forward,0.1229,94.7148,10.6211,1.0862,0.0,False,False
1,233,269267653,0,forward,0.264,94.9788,10.6054,1.0719,0.0,False,False
1,234,269267653,0,forward,0.3593,95.3381,10.5849,1.0677,0.0,False,False
1,235,269267653,0,forward,0.4291,95.7672,10.561,1.0855,0.0,False,False
1,236,269267653,0,forward,0.4283,96.1955,10.537,1.1346,0.0,False,False
1,237,909280383,2,turn_right,0.2345,96.4299,10.5203,1.1346,0.0,False,False
1,238,909280383,2,turn_right,0.3203,96.7502,10.4993,1.1573,0.0,False,False
1,239,909280383,2,turn_right,0.0306,96.7808,10.4928,0.9129,0.0,False,False
1,240,2113935175,4,forward_right,0.1033,96.8841,10.4851,1.1403,0.0,False,False
1,241,909280383,2,turn_right,0.149,97.0331,10.4727,1.1319,0.0,False,False
1,242,909280383,2,turn_right,0.0065,97.0396,10.4673,1.1319,0.0,False,False
1,243,909280383,2,turn_right,-0.1,96.9396,10.4679,1.0842,0.0,False,False
1,244,269267653,0,forward,0.0734,97.013,10.4617,1.0822,0.0,False,False
1,245,269267653,0,forward,0.2645,97.2774,10.446,1.0822,0.0,False,False
1,246,909969137,0,forward,0.3817,97.6591,10.4244,1.0821,0.0,False,False
1,247,909969137,0,forward,0.5011,98.1603,10.3968,1.0868,0.0,False,False
1,248,909969137,0,forward,0.5012,98.6614,10.3693,1.0837,0.0,False,False
1,249,909969137,0,forward,0.5009,99.1624,10.3417,1.1113,0.0,False,False
1,250,1548021558,0,forward,0.5007,99.663,10.3142,1.1265,0.0,False,False
1,251,1548021558,0,forward,0.5004,100.1634,10.2867,1.1265,0.0,False,False
1,252,1548021558,0,forward,0.5001,100.6635,10.2592,1.1511,0.0,False,False
1,253,1548021558,0,forward,0.3899,101.0534,10.2372,1.1511,0.0,False,False
1,254,1548021558,0,forward,0.6095,101.6629,10.2042,1.1674,0.0,False,False
1,255,1548021558,0,forward,0.4992,102.1621,10.1767,1.177,0.0,False,False
1,256,1548021558,0,forward,0.4991,102.6612,10.1493,1.1958,0.0,False,False
1,257,1548021558,0,forward,0.4993,103.1605,10.1218,1.1958,0.0,False,False
1,258,1548021558,0,forward,0.2894,103.4499,10.1048,1.0784,0.0,False,False
1,259,1904234423,4,forward_right,0.4771,103.927,10.0785,1.2121,0.0,False,False
1,260,1548021558,0,forward,0.325,104.252,10.0597,1.2165,0.0,False,False
1,261,1548021558,0,forward,0.4424,104.6944,10.0351,1.2165,0.0,False,False
1,262,1548021558,0,forward,0.6149,105.3093,10.0019,1.2197,0.0,False,False
1,263,1548021558,0,forward,0.5037,105.8129,9.9742,1.2405,0.0,False,False
1,264,1548021558,0,forward,0.3927,106.2057,9.9521,1.2552,0.0,False,False
1,265,1548021558,0,forward,0.6138,106.8194,9.9189,1.2705,0.0,False,False
1,266,1548021558,0,forward,0.5029,107.3223,9.8912,1.2876,0.0,False,False
1,267,1548021558,0,forward,0.5028,107.8251,9.8636,1.2876,0.0,False,False
1,268,1548021558,0,forward,0.5031,108.3282,9.8359,1.2972,0.0,False,False
1,269,1548021558,0,forward,0.3545,108.6826,9.8157,1.0516,0.0,False,False
1,270,1904234423,4,forward_right,0.3925,109.0751,9.7936,1.3125,0.0,False,False
1,271,1548021558,0,forward,0.4073,109.4824,9.7707,1.3007,0.0,False,False
1,272,1548021558,0,forward,0.4558,109.9382,9.7454,1.3007,0.0,False,False
1,273,1548021558,0,forward,0.3983,110.3365,9.723,1.3144,0.0,False,False
1,274,1548021558,0,forward,0.6222,110.9587,9.6894,1.328,0.0,False,False
1,275,1548021558,0,forward,0.5098,111.4686,9.6614,1.3458,0.0,False,False
1,276,1548021558,0,forward,0.5096,111.9781,9.6334,1.3609,0.0,False,False
1,277,1548021558,0,forward,0.5094,112.4875,9.6055,1.3685,0.0,False,False
1,278,1548021558,0,forward,0.5092,112.9967,9.5775,1.3685,0.0,False,False
1,279,1548021558,0,forward,0.5095,113.5063,9.5495,1.1766,0.0,False,False
1,280,1548021558,0,forward,0.3707,113.877,9.5285,1.0392,0.0,False,False
1,281,1904234423,4,forward_right,0.4016,114.2786,9.5059,1.3813,0.0,False,False
1,282,1548021558,0,forward,0.4455,114.7241,9.4811,1.3813,0.0,False,False
1,283,1548021558,0,forward,0.4789,115.2031,9.4547,1.3983,0.0,False,False
1,284,1548021558,0,forward,0.5151,115.7182,9.4264,1.3994,0.0,False,False
1,285,1548021558,0,forward,0.5148,116.233,9.3982,1.4122,0.0,False,False
1,286,1548021558,0,forward,0.5146,116.7476,9.37,1.4213,0.0,False,False
1,287,1548021558,0,forward,0.4015,117.1491,9.3474,1.4088,0.0,False,False
1,288,1548021558,0,forward,0.627,117.7762,9.3135,1.4446,0.0,False,False
1,289,1548021558,0,forward,0.5141,118.2902,9.2853,1.4446,0.0,False,False
1,290,1548021558,0,forward,0.4015,118.6918,9.2627,1.4615,0.0,False,False
1,291,1548021558,0,forward,0.4929,119.1847,9.2356,1.1114,0.0,False,False
1,292,1548021558,0,forward,0.5119,119.6965,9.2075,1.4702,0.0,False,False
1,293,1548021558,0,forward,0.4613,120.1579,9.1819,1.4748,0.0,False,False
1,294,1548021558,0,forward,0.5072,120.665,9.1541,1.4895,0.0,False,False
1,295,1548021558,0,forward,0.5127,121.1777,9.126,1.4895,0.0,False,False
1,296,1548021558,0,forward,0.5124,121.6902,9.0978,1.4967,0.0,False,False
1,297,1548021558,0,forward,0.5122,122.2023,9.0697,1.5007,0.0,False,False
1,298,1548021558,0,forward,0.5119,122.7142,9.0416,1.5131,0.0,False,False
1,299,1548021558,0,forward,0.5117,123.2259,9.0135,1.5275,0.0,False,False
1,300,1548021558,0,forward,0.5117,123.7376,8.9855,1.4971,0.0,False,False
1,301,1548021558,0,forward,0.5124,124.25,8.9573,0.952,0.0,False,False
1,302,964610217,0,forward,0.3792,124.6292,8.9359,0.952,0.0,False,False
1,303,964610217,0,forward,0.5098,125.1391,8.9079,1.5602,0.0,False,False
1,304,1548021558,0,forward,0.4532,125.5922,8.8827,1.5685,0.0,False,False
1,305,1548021558,0,forward,0.5113,126.1036,8.8547,1.5749,0.0,False,False
1,306,1548021558,0,forward,0.5112,126.6148,8.8266,1.5726,0.0,False,False
1,307,1548021558,0,forward,0.5109,127.1257,8.7986,1.5865,0.0,False,False
1,308,1548021558,0,forward,0.5107,127.6363,8.7705,1.5766,0.0,False,False
1,309,1548021558,0,forward,0.3983,128.0347,8.7481,1.5766,0.0,False,False
1,310,1548021558,0,forward,0.6221,128.6568,8.7145,1.6067,0.0,False,False
1,311,1548021558,0,forward,0.5099,129.1667,8.6865,1.6067,0.0,False,False
1,312,1548021558,0,forward,0.5098,129.6764,8.6585,1.6379,0.0,False,False
1,313,1548021558,0,forward,0.5102,130.1866,8.6305,1.0409,0.0,False,False
1,314,1904234423,4,forward_right,0.1964,130.383,8.6182,1.0409,0.0,False,False
1,315,1904234423,4,forward_right,0.409,130.7919,8.5952,1.6436,0.0,False,False
1,316,1548021558,0,forward,0.3432,131.1351,8.5756,1.6219,0.0,False,False
1,317,1548021558,0,forward,0.5076,131.6427,8.5477,1.6443,0.0,False,False
1,318,1548021558,0,forward,0.5202,132.163,8.5192,1.6482,0.0,False,False
1,319,1548021558,0,forward,0.52,132.683,8.4907,1.6718,0.0,False,False
1,320,1548021558,0,forward,0.5198,133.2027,8.4622,1.663,0.0,False,False
1,321,1548021558,0,forward,0.5195,133.7223,8.4337,1.8003,0.0,False,False
1,322,1548021558,0,forward,0.5193,134.2416,8.4053,1.7613,0.0,False,False
1,323,1548021558,0,forward,0.5192,134.7608,8.3768,1.7287,0.0,False,False
1,324,1548021558,0,forward,0.5193,135.28,8.3483,1.4246,0.0,False,False
1,325,1548021558,0,forward,0.5012,135.7812,8.3208,1.4246,0.0,False,False
1,326,964610217,0,forward,0.4174,136.1985,8.2974,1.6119,0.0,False,False
1,327,1548021558,0,forward,0.5171,136.7156,8.2691,1.6172,0.0,False,False
1,328,1548021558,0,forward,0.4637,137.1793,8.2434,1.6172,0.0,False,False
1,329,1548021558,0,forward,0.5179,137.6972,8.215,1.5684,0.0,False,False
1,330,1548021558,0,forward,0.5172,138.2144,8.1866,1.5448,0.0,False,False
1,331,1548021558,0,forward,0.5169,138.7313,8.1583,1.5448,0.0,False,False
1,332,1548021558,0,forward,0.5167,139.2479,8.1299,1.4728,0.0,False,False
1,333,1548021558,0,forward,0.5165,139.7644,8.1016,1.4386,0.0,False,False
1,334,1548021558,0,forward,0.5165,140.281,8.0733,1.4386,0.0,False,False
1,335,1548021558,0,forward,0.5552,140.8362,8.043,0.9577,0.0,False,False
1,336,964610217,0,forward,0.3776,141.2138,8.0216,1.3606,0.0,False,False
1,337,1548021558,0,forward,0.515,141.7287,7.9934,1.3606,0.0,False,False
1,338,926291406,4,forward_right,0.3996,142.1283,7.9709,1.3207,0.0,False,False
1,339,926291406,4,forward_right,0.3485,142.4768,7.951,1.2901,0.0,False,False
1,340,926291406,4,forward_right,0.353,142.8299,7.9308,1.2655,0.0,False,False
1,341,926291406,4,forward_right,0.3562,143.186,7.9105,1.2447,0.0,False,False
1,342,926291406,4,forward_right,0.3594,143.5455,7.8901,1.2447,0.0,False,False
1,343,926291406,4,forward_right,0.2655,143.811,7.8743,1.1036,0.0,False,False
1,344,926291406,4,forward_right,0.3587,144.1697,7.8539,1.186,0.0,False,False
1,345,926291406,4,forward_right,0.3662,144.5359,7.833,1.1665,0.0,False,False
1,346,926291406,4,forward_right,0.3339,144.8698,7.8138,1.1566,0.0,False,False
1,347,926291406,4,forward_right,0.2854,145.1552,7.7971,1.1566,0.0,False,False
1,348,926291406,4,forward_right,0.4538,145.609,7.7719,1.1284,0.0,False,False
1,349,926291406,4,forward_right,0.454,146.063,7.7467,1.0853,0.0,False,False
1,350,1166997565,3,forward_left,0.3265,146.3895,7.7279,1.0853,0.0,False,False
1,351,1937774032,3,forward_left,0.37,146.7595,7.7069,1.0615,0.0,False,False
1,352,1937774032,3,forward_left,0.37,147.1296,7.6859,1.0337,0.0,False,False
1,353,1937774032,3,forward_left,0.454,147.5836,7.6607,0.9821,0.0,False,False
1,354,1937774032,3,forward_left,0.2864,147.87,7.6438,0.9821,0.0,False,False
1,355,1937774032,3,forward_left,0.2798,148.1497,7.6273,0.9423,0.0,False,False
1,356,1309443777,2,turn_right,0.3488,148.4986,7.6049,0.9449,0.0,False,False
1,357,1937774032,3,forward_left,0.3496,148.8482,7.5849,0.9368,0.0,False,False
1,358,1937774032,3,forward_left,0.3467,149.1949,7.5651,0.9218,0.0,False,False
1,359,1937774032,3,forward_left,0.3608,149.5557,7.5446,0.903,0.0,False,False
1,360,1937774032,3,forward_left,0.3577,149.9134,7.5242,0.8812,0.0,False,False
1,361,1937774032,3,forward_left,0.3543,150.2678,7.5039,0.8579,0.0,False,False
1,362,1937774032,3,forward_left,0.3506,150.6184,7.4839,0.8346,0.0,False,False
1,363,1937774032,3,forward_left,0.3467,150.9651,7.4641,0.8135,0.0,False,False
1,364,1937774032,3,forward_left,0.3428,151.3079,7.4444,0.7881,0.0,False,False
1,365,1937774032,3,forward_left,0.3394,151.6473,7.425,0.7583,0.0,False,False
1,366,1309443777,2,turn_right,0.07,151.7173,7.4165,0.7292,0.0,False,False
1,367,1309443777,2,turn_right,-0.0141,151.7032,7.4122,0.7354,0.0,False,False
1,368,1309443777,2,turn_right,-0.1,151.6032,7.4124,0.7345,0.0,False,False
1,369,1937774032,3,forward_left,0.2175,151.8207,7.399,0.7404,0.0,False,False
1,370,1937774032,3,forward_left,0.3098,152.1306,7.381,0.7338,0.0,False,False
1,371,1937774032,3,forward_left,0.3426,152.4732,7.3614,0.71,0.0,False,False
1,372,1937774032,3,forward_left,0.3376,152.8107,7.342,0.6942,0.0,False,False
1,373,1309443777,2,turn_right,0.0699,152.8806,7.3335,0.6812,0.0,False,False
1,374,1309443777,2,turn_right,-0.1,152.7806,7.3337,0.652,0.0,False,False
1,375,1309443777,2,turn_right,-0.1,152.6806,7.3342,0.6331,0.0,False,False
1,376,1309443777,2,turn_right,-0.1,152.5806,7.3345,0.6305,0.0,False,False
1,377,1937774032,3,forward_left,0.2404,152.8211,7.32,0.6343,0.0,False,False
1,378,1937774032,3,forward_left,0.3606,153.1817,7.2994,0.6217,0.0,False,False
1,379,1937774032,3,forward_left,0.2762,153.4579,7.2831,0.616,0.0,False,False
1,380,1937774032,3,forward_left,0.4208,153.8787,7.2596,0.6143,0.0,False,False
1,381,1937774032,3,forward_left,-1.1506,152.7281,7.2396,0.5782,0.0,False,False
1,382,1937774032,3,forward_left,-1.155,151.5731,7.2199,0.5699,0.0,False,False
1,383,1309443777,2,turn_right,-1.4289,150.1442,7.2113,0.5511,0.0,False,False
1,384,1309443777,2,turn_right,-1.6,148.5442,7.2118,0.508,0.0,False,False
1,385,1464962433,1,turn_left,-1.3926,147.1516,7.2014,0.4995,0.0,False,False
1,386,101706613,1,turn_left,-1.3836,145.7681,7.1906,0.4938,0.0,False,False
1,387,800498958,2,turn_right,-1.4897,144.2783,7.1851,0.4929,0.0,False,False
1,388,1464962433,1,turn_left,-1.4582,142.8201,7.178,0.5024,0.0,False,False
1,389,1464962433,1,turn_left,-1.6,141.2201,7.1778,0.4939,0.0,False,False
1,390,1464962433,1,turn_left,-1.6,139.6201,7.1776,0.4955,0.0,False,False
1,391,1126719143,2,turn_right,-1.5007,138.1194,7.1727,0.4971,0.0,False,False
1,392,1126719143,2,turn_right,-1.4966,136.6228,7.1675,0.4985,0.0,False,False
1,393,1126719143,2,turn_right,-1.6,135.0228,7.1665,0.4732,0.0,False,False
1,394,1126719143,2,turn_right,-1.6,133.4228,7.1667,0.4721,0.0,False,False
1,395,1464962433,1,turn_left,-1.5102,131.9126,7.1622,0.4631,0.0,False,False
1,396,1464962433,1,turn_left,-1.4307,130.4818,7.1537,0.4526,0.0,False,False
1,397,1464962433,1,turn_left,-1.6,128.8818,7.1532,0.445,0.0,False,False
1,398,1126719143,2,turn_right,-1.4914,127.3904,7.1477,0.442,0.0,False,False
1,399,1126719143,2,turn_right,-1.4689,125.9215,7.1412,0.4488,0.0,False,False
1,400,1126719143,2,turn_right,-1.6,124.3215,7.1408,0.4373,0.0,False,False
1,401,1464962433,1,turn_left,-1.496,122.8254,7.1357,0.4357,0.0,False,False
1,402,551561856,0,forward,-1.3646,121.4608,7.1264,0.4285,0.0,False,False
1,403,551561856,0,forward,-1.2498,120.2111,7.1114,0.4117,0.0,False,False
1,404,551561856,0,forward,-1.2276,118.9835,7.0952,0.4016,0.0,False,False
1,405,551561856,0,forward,-0.9352,118.0483,7.0645,0.3796,0.0,False,False
1,406,551561856,0,forward,-1.1103,116.938,7.0425,0.3557,0.0,False,False
1,407,551561856,0,forward,-0.8906,116.0474,7.0096,0.3171,0.0,False,False
1,408,551561856,0,forward,-500.0,-383.9526,6.9821,0.292,0.0,False,True
2,1,964610217,0,forward,0.0194,0.0194,15.9589,0.9982,0.0,False,False
2,2,964610217,0,forward,0.1496,0.169,15.9489,1.046,0.0,False,False
2,3,1904234423,4,forward_right,0.3367,0.5057,15.9296,1.2094,0.0,False,False
2,4,1548021558,0,forward,0.2317,0.7374,15.9155,1.2467,0.0,False,False
2,5,1548021558,0,forward,0.4752,1.2126,15.8892,1.1841,0.0,False,False
2,6,1548021558,0,forward,0.3999,1.6125,15.8667,1.1633,0.0,False,False
2,7,1548021558,0,forward,0.5502,2.1627,15.8367,1.0733,0.0,False,False
2,8,1904234423,4,forward_right,0.4464,2.6091,15.8119,1.0157,0.0,False,False
2,9,1904234423,4,forward_right,0.3669,2.976,15.7911,1.2322,0.0,False,False
2,10,1548021558,0,forward,0.4684,3.4443,15.7651,1.5147,0.0,False,False
2,11,1548021558,0,forward,0.6688,4.1132,15.7292,1.9115,0.0,False,False
2,12,1548021558,0,forward,0.4294,4.5426,15.7052,2.1792,0.0,False,False
2,13,1548021558,0,forward,0.5494,5.092,15.6753,2.1025,0.0,False,False
2,14,1548021558,0,forward,0.6694,5.7614,15.6393,1.8055,0.0,False,False
2,15,1548021558,0,forward,0.55,6.3114,15.6093,1.351,0.0,False,False
2,16,1548021558,0,forward,0.4109,6.7222,15.5862,0.957,0.0,False,False
2,17,964610217,0,forward,0.5142,7.2364,15.558,1.4381,0.0,False,False
2,18,1548021558,0,forward,0.6686,7.905,15.5221,2.4391,0.0,False,False
2,19,1548021558,0,forward,0.4294,8.3344,15.4981,3.6329,0.0,False,False
2,20,1548021558,0,forward,0.5495,8.8839,15.4682,3.6265,0.0,False,False
2,21,1548021558,0,forward,0.5479,9.4318,15.4383,3.6007,0.0,False,False
2,22,1548021558,0,forward,0.5496,9.9814,15.4083,3.5755,0.0,False,False
2,23,1548021558,0,forward,0.5495,10.531,15.3783,3.5542,0.0,False,False
2,24,1548021558,0,forward,0.6694,11.2003,15.3423,3.5334,0.0,False,False
2,25,1548021558,0,forward,0.5495,11.7498,15.3124,3.5113,0.0,False,False
2,26,1548021558,0,forward,0.5495,12.2993,15.2824,2.6822,0.0,False,False
2,27,1548021558,0,forward,0.4298,12.7291,15.2584,1.6981,0.0,False,False
2,28,1548021558,0,forward,0.5505,13.2796,15.2284,1.0969,0.0,False,False
2,29,1904234423,4,forward_right,0.4975,13.7771,15.201,1.0715,0.0,False,False
2,30,1904234423,4,forward_right,0.3689,14.1459,15.1801,1.1921,0.0,False,False
2,31,1548021558,0,forward,0.3441,14.4901,15.1604,1.2197,0.0,False,False
2,32,1548021558,0,forward,0.546,15.0361,15.1305,1.3226,0.0,False,False
2,33,1548021558,0,forward,0.5464,15.5825,15.1007,1.2406,0.0,False,False
2,34,1548021558,0,forward,0.547,16.1295,15.0709,1.0089,0.0,False,False
2,35,964610217,0,forward,0.6377,16.7673,15.0365,1.158,0.0,False,False
2,36,1548021558,0,forward,0.4266,17.1939,15.0127,1.3973,0.0,False,False
2,37,1548021558,0,forward,0.5461,17.74,14.9829,1.4339,0.0,False,False
2,38,1548021558,0,forward,0.6658,18.4058,14.9471,1.2745,0.0,False,False
2,39,1548021558,0,forward,0.5305,18.9363,14.918,1.0121,0.0,False,False
2,40,964610217,0,forward,0.4078,19.3441,14.8951,1.1714,0.0,False,False
2,41,1548021558,0,forward,0.6649,20.009,14.8594,1.4545,0.0,False,False
2,42,1548021558,0,forward,0.4269,20.436,14.8356,1.5895,0.0,False,False
2,43,1548021558,0,forward,0.6657,21.1017,14.7998,1.4786,0.0,False,False
2,44,1548021558,0,forward,0.5469,21.6486,14.7699,1.1997,0.0,False,False
2,45,1548021558,0,forward,0.3828,22.0314,14.7483,0.9615,0.0,False,False
2,46,964610217,0,forward,0.5448,22.5762,14.7185,1.3713,0.0,False,False
2,47,1548021558,0,forward,0.5459,23.1221,14.6887,1.8834,0.0,False,False
2,48,1548021558,0,forward,0.6655,23.7876,14.653,2.2542,0.0,False,False
2,49,1548021558,0,forward,0.5464,24.334,14.6232,2.4132,0.0,False,False
2,50,1548021558,0,forward,0.5465,24.8805,14.5933,2.1507,0.0,False,False
2,51,1548021558,0,forward,0.4273,25.3077,14.5695,1.7221,0.0,False,False
2,52,1548021558,0,forward,0.547,25.8547,14.5396,1.1995,0.0,False,False
2,53,1548021558,0,forward,0.4911,26.3457,14.5126,0.986,0.0,False,False
2,54,964610217,0,forward,0.5436,26.8893,14.4829,1.64,0.0,False,False
2,55,1548021558,0,forward,0.5459,27.4352,14.4531,2.9407,0.0,False,False
2,56,1548021558,0,forward,0.5463,27.9815,14.4233,2.9029,0.0,False,False
2,57,1548021558,0,forward,0.5464,28.5279,14.3935,2.9077,0.0,False,False
2,58,1548021558,0,forward,0.6648,29.1928,14.3577,2.8773,0.0,False,False
2,59,1548021558,0,forward,0.4272,29.6199,14.3339,2.8636,0.0,False,False
2,60,1548021558,0,forward,0.5464,30.1663,14.304,2.8532,0.0,False,False
2,61,1548021558,0,forward,0.6656,30.832,14.2683,2.8299,0.0,False,False
2,62,1548021558,0,forward,0.5463,31.3783,14.2384,2.8117,0.0,False,False
2,63,1548021558,0,forward,0.4271,31.8054,14.2146,2.1862,0.0,False,False
2,64,1548021558,0,forward,0.5467,32.3522,14.1847,1.3952,0.0,False,False
2,65,1548021558,0,forward,0.6062,32.9584,14.1519,0.9477,0.0,False,False
2,66,964610217,0,forward,0.509,33.4674,14.124,1.6417,0.0,False,False
2,67,1548021558,0,forward,0.4266,33.8939,14.1002,2.7342,0.0,False,False
2,68,1548021558,0,forward,0.5063,34.4002,14.0723,2.7363,0.0,False,False
2,69,1548021558,0,forward,0.6657,35.0659,14.0366,2.7019,0.0,False,False
2,70,1548021558,0,forward,0.5462,35.6121,14.0067,2.694,0.0,False,False
2,71,1548021558,0,forward,0.5462,36.1582,13.9769,2.6834,0.0,False,False
2,72,1548021558,0,forward,0.4269,36.5851,13.9531,2.6575,0.0,False,False
2,73,1548021558,0,forward,0.5461,37.1313,13.9233,2.6373,0.0,False,False
2,74,1548021558,0,forward,0.5462,37.6775,13.8935,1.9549,0.0,False,False
2,75,1548021558,0,forward,0.5466,38.2241,13.8636,1.2743,0.0,False,False
2,76,1548021558,0,forward,0.4727,38.6968,13.8375,0.9521,0.0,False,False
2,77,964610217,0,forward,0.6539,39.3507,13.8023,1.8005,0.0,False,False
2,78,1548021558,0,forward,0.4266,39.7773,13.7785,2.5851,0.0,False,False
2,79,1548021558,0,forward,0.6493,40.4266,13.7435,2.5724,0.0,False,False
2,80,1548021558,0,forward,0.427,40.8536,13.7197,2.5498,0.0,False,False
2,81,1548021558,0,forward,0.5462,41.3998,13.6899,2.5391,0.0,False,False
2,82,1548021558,0,forward,0.6654,42.0652,13.6541,2.5222,0.0,False,False
2,83,1548021558,0,forward,0.4269,42.4921,13.6302,2.5123,0.0,False,False
2,84,1548021558,0,forward,0.6653,43.1574,13.5945,2.5018,0.0,False,False
2,85,1548021558,0,forward,0.4269,43.5843,13.5706,2.2025,0.0,False,False
2,86,1548021558,0,forward,0.5464,44.1308,13.5408,1.3897,0.0,False,False
2,87,1548021558,0,forward,0.5316,44.6624,13.5117,0.9484,0.0,False,False
2,88,964610217,0,forward,0.4839,45.1463,13.485,1.5482,0.0,False,False
2,89,1548021558,0,forward,0.6644,45.8107,13.4493,2.4554,0.0,False,False
2,90,1548021558,0,forward,0.4268,46.2375,13.4255,2.448,0.0,False,False
2,91,1548021558,0,forward,0.6483,46.8858,13.3906,2.4279,0.0,False,False
2,92,1548021558,0,forward,0.4268,47.3126,13.3667,2.4298,0.0,False,False
2,93,1548021558,0,forward,0.546,47.8586,13.3369,2.4247,0.0,False,False
2,94,1548021558,0,forward,0.6651,48.5237,13.3012,2.4053,0.0,False,False
2,95,1548021558,0,forward,0.5459,49.0696,13.2714,2.3933,0.0,False,False
2,96,1548021558,0,forward,0.5459,49.6155,13.2416,2.3935,0.0,False,False
2,97,1548021558,0,forward,0.5461,50.1615,13.2118,1.676,0.0,False,False
2,98,1548021558,0,forward,0.5468,50.7083,13.1819,1.0798,0.0,False,False
2,99,1904234423,4,forward_right,0.3606,51.069,13.1614,1.1167,0.0,False,False
2,100,1548021558,0,forward,0.3731,51.442,13.1403,1.1167,0.0,False,False
2,101,1548021558,0,forward,0.655,52.0971,13.105,2.2776,0.0,False,False
2,102,1548021558,0,forward,0.3941,52.4911,13.0828,2.2562,0.0,False,False
2,103,1548021558,0,forward,0.6632,53.1543,13.0471,2.2207,0.0,False,False
2,104,1548021558,0,forward,0.4254,53.5796,13.0234,2.1989,0.0,False,False
2,105,1548021558,0,forward,0.663,54.2426,12.9877,2.1472,0.0,False,False
2,106,1548021558,0,forward,0.4253,54.6679,12.964,2.1312,0.0,False,False
2,107,1548021558,0,forward,0.5441,55.212,12.9343,2.1312,0.0,False,False
2,108,1548021558,0,forward,0.5443,55.7563,12.9045,2.0861,0.0,False,False
2,109,1548021558,0,forward,0.545,56.3013,12.8748,0.9724,0.0,False,False
2,110,964610217,0,forward,0.5851,56.8864,12.843,0.9724,0.0,False,False
2,111,964610217,0,forward,0.4243,57.3107,12.8193,1.3684,0.0,False,False
2,112,1548021558,0,forward,0.5438,57.8544,12.7896,1.9623,0.0,False,False
2,113,1548021558,0,forward,0.6465,58.5009,12.7548,1.9418,0.0,False,False
2,114,1548021558,0,forward,0.544,59.0449,12.7251,1.9264,0.0,False,False
2,115,1548021558,0,forward,0.5439,59.5889,12.6954,1.8704,0.0,False,False
2,116,1548021558,0,forward,0.4251,60.014,12.6717,1.8327,0.0,False,False
2,117,1548021558,0,forward,0.5438,60.5578,12.642,1.8327,0.0,False,False
2,118,1548021558,0,forward,0.5438,61.1016,12.6123,1.8015,0.0,False,False
2,119,1548021558,0,forward,0.5439,61.6455,12.5826,1.7575,0.0,False,False
2,120,1548021558,0,forward,0.6632,62.3087,12.5469,1.7266,0.0,False,False
2,121,1548021558,0,forward,0.3544,62.6631,12.5267,1.1074,0.0,False,False
2,122,1548021558,0,forward,0.6574,63.3205,12.4913,1.1844,0.0,False,False
2,123,1548021558,0,forward,0.4246,63.7451,12.4676,1.6467,0.0,False,False
2,124,1548021558,0,forward,0.6512,64.3963,12.4325,1.6376,0.0,False,False
2,125,1548021558,0,forward,0.544,64.9403,12.4028,1.5871,0.0,False,False
2,126,1548021558,0,forward,0.4249,65.3652,12.3791,1.5689,0.0,False,False
2,127,1548021558,0,forward,0.6623,66.0274,12.3435,1.5316,0.0,False,False
2,128,1548021558,0,forward,0.4248,66.4522,12.3197,1.4982,0.0,False,False
2,129,1548021558,0,forward,0.5435,66.9957,12.2901,1.4671,0.0,False,False
2,130,1548021558,0,forward,0.5435,67.5392,12.2604,1.4467,0.0,False,False
2,131,1548021558,0,forward,0.5438,68.0831,12.2307,1.3936,0.0,False,False
2,132,1548021558,0,forward,0.5204,68.6035,12.2022,1.2263,0.0,False,False
2,133,1548021558,0,forward,0.6082,69.2117,12.1693,1.3237,0.0,False,False
2,134,1548021558,0,forward,0.5428,69.7545,12.1396,1.3237,0.0,False,False
2,135,1548021558,0,forward,0.5369,70.2914,12.1103,1.308,0.0,False,False
2,136,1548021558,0,forward,0.5329,70.8244,12.0811,1.2813,0.0,False,False
2,137,1548021558,0,forward,0.5433,71.3676,12.0515,1.243,0.0,False,False
2,138,1548021558,0,forward,0.4246,71.7922,12.0277,1.208,0.0,False,False
2,139,1548021558,0,forward,0.5432,72.3353,11.9981,1.1922,0.0,False,False
2,140,1548021558,0,forward,0.5431,72.8785,11.9684,1.1362,0.0,False,False
2,141,1548021558,0,forward,0.6617,73.5402,11.9328,1.1258,0.0,False,False
2,142,1548021558,0,forward,0.5433,74.0835,11.9032,1.083,0.0,False,False
2,143,1904234423,4,forward_right,0.398,74.4815,11.8808,1.0615,0.0,False,False
2,144,1904234423,4,forward_right,0.222,74.7035,11.8672,0.9169,0.0,False,False
2,145,964610217,0,forward,0.4146,75.1181,11.8439,1.0088,0.0,False,False
2,146,1904234423,4,forward_right,0.3557,75.4738,11.8237,1.0087,0.0,False,False
2,147,1904234423,4,forward_right,0.2775,75.7513,11.8073,0.9819,0.0,False,False
2,148,224357922,1,turn_left,0.351,76.1023,11.7847,0.9522,0.0,False,False
2,149,224357922,1,turn_left,0.3519,76.4542,11.7621,0.9266,0.0,False,False
2,150,224357922,1,turn_left,0.001,76.4552,11.7571,0.9049,0.0,False,False
2,151,224357922,1,turn_left,-0.1,76.3552,11.7571,0.8995,0.0,False,False
2,152,224357922,1,turn_left,-0.1,76.2552,11.7571,0.9112,0.0,False,False
2,153,224357922,1,turn_left,-0.1,76.1552,11.7572,0.9019,0.0,False,False
2,154,224357922,1,turn_left,-0.1,76.0552,11.7572,0.9159,0.0,False,False
2,155,224357922,1,turn_left,-0.1,75.9552,11.7572,0.9046,0.0,False,False
2,156,1971047854,3,forward_left,0.1489,76.104,11.7472,0.926,0.0,False,False
2,157,1971047854,3,forward_left,0.3683,76.4723,11.7263,0.9288,0.0,False,False
2,158,1971047854,3,forward_left,0.4447,76.9171,11.7016,0.8941,0.0,False,False
2,159,1971047854,3,forward_left,0.2776,77.1947,11.6852,0.9026,0.0,False,False
2,160,1971047854,3,forward_left,0.3565,77.5512,11.6649,0.8981,0.0,False,False
2,161,851696946,3,forward_left,0.3529,77.9041,11.6447,0.8741,0.0,False,False
2,162,851696946,3,forward_left,0.4282,78.3322,11.6208,0.8702,0.0,False,False
2,163,851696946,3,forward_left,0.3438,78.6761,11.6011,0.837,0.0,False,False
2,164,851696946,3,forward_left,0.262,78.938,11.5855,0.8509,0.0,False,False
2,165,851696946,3,forward_left,0.4132,79.3513,11.5624,0.8378,0.0,False,False
2,166,2005065858,4,forward_right,0.1234,79.4746,11.5537,0.8306,0.0,False,False
2,167,1248015960,4,forward_right,0.2466,79.7212,11.5389,0.8299,0.0,False,False
2,168,851696946,3,forward_left,0.2287,79.95,11.5249,0.8219,0.0,False,False
2,169,851696946,3,forward_left,0.3313,80.2813,11.5059,0.8257,0.0,False,False
2,170,2005065858,4,forward_right,0.2945,80.5758,11.4887,0.8343,0.0,False,False
2,171,2005065858,4,forward_right,0.4045,80.9803,11.4659,0.8042,0.0,False,False
2,172,851696946,3,forward_left,0.3011,81.2814,11.4484,0.7862,0.0,False,False
2,173,851696946,3,forward_left,0.256,81.5374,11.4331,0.7925,0.0,False,False
2,174,2005065858,4,forward_right,0.2952,81.8327,11.4158,0.7838,0.0,False,False
2,175,2005065858,4,forward_right,0.3605,82.1932,11.3953,0.7721,0.0,False,False
2,176,851696946,3,forward_left,0.2225,82.4157,11.3817,0.7588,0.0,False,False
2,177,555146084,3,forward_left,0.2539,82.6695,11.3665,0.7631,0.0,False,False
2,178,2005065858,4,forward_right,0.3374,83.007,11.3471,0.7685,0.0,False,False
2,179,269267653,0,forward,0.302,83.309,11.3295,0.7759,0.0,False,False
2,180,269267653,0,forward,0.4007,83.7097,11.307,0.7478,0.0,False,False
2,181,269267653,0,forward,0.4879,84.1976,11.2801,0.7523,0.0,False,False
2,182,269267653,0,forward,0.3837,84.5814,11.2584,0.7498,0.0,False,False
2,183,269267653,0,forward,0.4919,85.0732,11.2313,0.755,0.0,False,False
2,184,269267653,0,forward,0.5998,85.6731,11.1988,0.7342,0.0,False,False
2,185,269267653,0,forward,0.383,86.056,11.1771,0.7564,0.0,False,False
2,186,269267653,0,forward,0.5991,86.6551,11.1447,0.7378,0.0,False,False
2,187,269267653,0,forward,0.3825,87.0376,11.1231,0.7456,0.0,False,False
2,188,269267653,0,forward,0.5987,87.6363,11.0906,0.7527,0.0,False,False
2,189,269267653,0,forward,0.3829,88.0192,11.069,0.7491,0.0,False,False
2,190,269267653,0,forward,0.2791,88.2983,11.0525,0.7557,0.0,False,False
2,191,137084343,1,turn_left,0.3915,88.6898,11.028,0.7514,0.0,False,False
2,192,269267653,0,forward,0.2781,88.9679,11.0116,0.7623,0.0,False,False
2,193,269267653,0,forward,0.4009,89.3688,10.989,0.7617,0.0,False,False
2,194,269267653,0,forward,0.5976,89.9664,10.9566,0.7811,0.0,False,False
2,195,269267653,0,forward,0.4931,90.4595,10.9295,0.7856,0.0,False,False
2,196,269267653,0,forward,0.3843,90.8437,10.9078,0.8017,0.0,False,False
2,197,269267653,0,forward,0.4925,91.3363,10.8806,0.8197,0.0,False,False
2,198,269267653,0,forward,0.6006,91.9369,10.8481,0.8068,0.0,False,False
2,199,269267653,0,forward,0.3835,92.3204,10.8264,0.8457,0.0,False,False
2,200,269267653,0,forward,0.6,92.9204,10.7939,0.8688,0.0,False,False
2,201,269267653,0,forward,0.3833,93.3037,10.7723,0.8818,0.0,False,False
2,202,269267653,0,forward,0.4664,93.7701,10.7464,0.8977,0.0,False,False
2,203,269267653,0,forward,0.3136,94.0837,10.7283,0.9014,0.0,False,False
2,204,1119390622,1,turn_left,0.398,94.4817,10.7034,0.8911,0.0,False,False
2,205,269267653,0,forward,0.3018,94.7835,10.6858,0.899,0.0,False,False
2,206,269267653,0,forward,0.479,95.2624,10.6593,0.9031,0.0,False,False
2,207,269267653,0,forward,0.493,95.7554,10.6322,0.9149,0.0,False,False
2,208,269267653,0,forward,0.6011,96.3565,10.5996,0.934,0.0,False,False
2,209,269267653,0,forward,0.3838,96.7404,10.5779,0.9541,0.0,False,False
2,210,269267653,0,forward,0.492,97.2323,10.5508,0.9763,0.0,False,False
2,211,269267653,0,forward,0.4917,97.724,10.5237,0.9812,0.0,False,False
2,212,269267653,0,forward,0.4914,98.2154,10.4967,0.9958,0.0,False,False
2,213,269267653,0,forward,0.4913,98.7067,10.4696,1.0023,0.0,False,False
2,214,269267653,0,forward,0.4918,99.1985,10.4425,1.0223,0.0,False,False
2,215,269267653,0,forward,0.393,99.5915,10.4204,0.9333,0.0,False,False
2,216,137084343,1,turn_left,0.2794,99.8709,10.4014,1.0397,0.0,False,False
2,217,269267653,0,forward,0.3223,100.1931,10.3828,1.0482,0.0,False,False
2,218,269267653,0,forward,0.4624,100.6555,10.3572,1.042,0.0,False,False
2,219,269267653,0,forward,0.5976,101.2531,10.3248,1.0602,0.0,False,False
2,220,269267653,0,forward,0.3814,101.6346,10.3032,1.0568,0.0,False,False
2,221,269267653,0,forward,0.489,102.1235,10.2763,1.1055,0.0,False,False
2,222,909280383,2,turn_right,0.5005,102.6241,10.2462,1.0898,0.0,False,False
2,223,269267653,0,forward,0.2719,102.896,10.2301,1.1229,0.0,False,False
2,224,909280383,2,turn_right,0.3428,103.2388,10.208,1.1418,0.0,False,False
2,225,909280383,2,turn_right,0.1575,103.3963,10.1951,1.0933,0.0,False,False
2,226,1873715732,4,forward_right,0.2958,103.6921,10.1778,1.1312,0.0,False,False
2,227,1548021558,0,forward,0.1601,103.8522,10.1673,1.1276,0.0,False,False
2,228,1548021558,0,forward,0.3346,104.1868,10.1481,1.1432,0.0,False,False
2,229,1548021558,0,forward,0.4503,104.6371,10.1231,1.1473,0.0,False,False
2,230,1548021558,0,forward,0.4975,105.1346,10.0957,1.1628,0.0,False,False
2,231,1548021558,0,forward,0.6065,105.7411,10.0629,1.1726,0.0,False,False
2,232,1548021558,0,forward,0.3874,106.1286,10.041,1.1828,0.0,False,False
2,233,1548021558,0,forward,0.6058,106.7344,10.0082,1.1961,0.0,False,False
2,234,1548021558,0,forward,0.4961,107.2305,9.9809,1.2055,0.0,False,False
2,235,1548021558,0,forward,0.3867,107.6172,9.9591,1.2093,0.0,False,False
2,236,1548021558,0,forward,0.6048,108.222,9.9263,1.2303,0.0,False,False
2,237,1548021558,0,forward,0.496,108.7181,9.899,1.2522,0.0,False,False
2,238,1548021558,0,forward,0.2307,108.9487,9.885,0.9829,0.0,False,False
2,239,964610217,0,forward,0.4914,109.4402,9.8579,1.2714,0.0,False,False
2,240,1548021558,0,forward,0.5421,109.9823,9.8283,1.2715,0.0,False,False
2,241,909280383,2,turn_right,0.4161,110.3984,9.8025,1.274,0.0,False,False
2,242,909280383,2,turn_right,0.3063,110.7047,9.7822,1.2831,0.0,False,False
2,243,909280383,2,turn_right,0.1934,110.8981,9.7675,1.3121,0.0,False,False
2,244,909280383,2,turn_right,-0.1,110.7981,9.7667,1.2183,0.0,False,False
2,245,1548021558,0,forward,0.1081,110.9062,9.7588,1.0695,0.0,False,False
2,246,1904234423,4,forward_right,0.2279,111.1341,9.7449,1.2908,0.0,False,False
2,247,1548021558,0,forward,0.3383,111.4723,9.7255,1.2754,0.0,False,False
2,248,1548021558,0,forward,0.3685,111.8408,9.7046,1.2842,0.0,False,False
2,249,1548021558,0,forward,0.5167,112.3575,9.6763,1.291,0.0,False,False
2,250,1548021558,0,forward,0.6296,112.9871,9.6423,1.2972,0.0,False,False
2,251,1548021558,0,forward,0.4029,113.3901,9.6196,1.312,0.0,False,False
2,252,1548021558,0,forward,0.5159,113.906,9.5914,1.3135,0.0,False,False
2,253,1548021558,0,forward,0.5157,114.4217,9.5631,1.3281,0.0,False,False
2,254,1548021558,0,forward,0.6288,115.0505,9.5291,1.3334,0.0,False,False
2,255,1548021558,0,forward,0.516,115.5665,9.5008,1.3597,0.0,False,False
2,256,1548021558,0,forward,0.3827,115.9492,9.4792,0.977,0.0,False,False
2,257,964610217,0,forward,0.4002,116.3494,9.4567,1.364,0.0,False,False
2,258,1548021558,0,forward,0.5897,116.9391,9.4247,1.3701,0.0,False,False
2,259,1548021558,0,forward,0.3794,117.3185,9.4032,1.3654,0.0,False,False
2,260,1548021558,0,forward,0.6287,117.9472,9.3693,1.3855,0.0,False,False
2,261,1548021558,0,forward,0.5153,118.4625,9.341,1.3756,0.0,False,False
2,262,1548021558,0,forward,0.4021,118.8645,9.3184,1.3942,0.0,False,False
2,263,1548021558,0,forward,0.5149,119.3794,9.2902,1.4119,0.0,False,False
2,264,1548021558,0,forward,0.5146,119.894,9.262,1.4173,0.0,False,False
2,265,1548021558,0,forward,0.5144,120.4084,9.2337,1.4245,0.0,False,False
2,266,1548021558,0,forward,0.5142,120.9226,9.2055,1.4377,0.0,False,False
2,267,1548021558,0,forward,0.5143,121.4369,9.1773,1.4413,0.0,False,False
2,268,1548021558,0,forward,0.5431,121.98,9.1476,1.0569,0.0,False,False
2,269,1904234423,4,forward_right,0.4859,122.466,9.1209,1.3535,0.0,False,False
2,270,1548021558,0,forward,0.3765,122.8425,9.0995,1.4438,0.0,False,False
2,271,1548021558,0,forward,0.4706,123.3131,9.0735,1.4676,0.0,False,False
2,272,1548021558,0,forward,0.6274,123.9404,9.0396,1.4777,0.0,False,False
2,273,1548021558,0,forward,0.5137,124.4542,9.0114,1.4846,0.0,False,False
2,274,1548021558,0,forward,0.4008,124.855,8.9889,1.49,0.0,False,False
2,275,1548021558,0,forward,0.5133,125.3683,8.9607,1.5054,0.0,False,False
2,276,1548021558,0,forward,0.5131,125.8814,8.9326,1.5232,0.0,False,False
2,277,1548021558,0,forward,0.5133,126.3947,8.9044,1.4548,0.0,False,False
2,278,1548021558,0,forward,0.444,126.8387,8.8797,0.9453,0.0,False,False
2,279,964610217,0,forward,0.551,127.3897,8.8497,1.5206,0.0,False,False
2,280,1548021558,0,forward,0.506,127.8957,8.8219,1.5322,0.0,False,False
2,281,1548021558,0,forward,0.3564,128.2521,8.8015,1.5325,0.0,False,False
2,282,1548021558,0,forward,0.6255,128.8776,8.7678,1.5484,0.0,False,False
2,283,1548021558,0,forward,0.5126,129.3903,8.7396,1.5533,0.0,False,False
2,284,1548021558,0,forward,0.5124,129.9026,8.7115,1.556,0.0,False,False
2,285,1548021558,0,forward,0.3997,130.3023,8.689,1.5852,0.0,False,False
2,286,1548021558,0,forward,0.5119,130.8143,8.6609,1.5928,0.0,False,False
2,287,1548021558,0,forward,0.5118,131.3261,8.6328,1.6024,0.0,False,False
2,288,1548021558,0,forward,0.6246,131.9507,8.5991,1.2372,0.0,False,False
2,289,1548021558,0,forward,0.293,132.2436,8.582,0.9812,0.0,False,False
2,290,964610217,0,forward,0.6208,132.8645,8.5484,1.6175,0.0,False,False
2,291,1548021558,0,forward,0.4553,133.3198,8.5232,1.6412,0.0,False,False
2,292,1548021558,0,forward,0.5112,133.831,8.4951,1.8933,0.0,False,False
2,293,1548021558,0,forward,0.398,134.229,8.4727,1.8626,0.0,False,False
2,294,1548021558,0,forward,0.5098,134.7388,8.4447,1.818,0.0,False,False
2,295,1548021558,0,forward,0.6213,135.3601,8.4111,1.787,0.0,False,False
2,296,1548021558,0,forward,0.3973,135.7574,8.3888,1.7592,0.0,False,False
2,297,1548021558,0,forward,0.509,136.2664,8.3608,1.7244,0.0,False,False
2,298,1548021558,0,forward,0.6208,136.8872,8.3273,1.5587,0.0,False,False
2,299,1548021558,0,forward,0.4287,137.3159,8.3034,0.9616,0.0,False,False
2,300,964610217,0,forward,0.3702,137.686,8.2824,1.5567,0.0,False,False
2,301,1548021558,0,forward,0.5072,138.1933,8.2545,1.6275,0.0,False,False
2,302,1548021558,0,forward,0.452,138.6452,8.2294,1.6016,0.0,False,False
2,303,1548021558,0,forward,0.619,139.2642,8.1959,1.5699,0.0,False,False
2,304,1548021558,0,forward,0.3955,139.6598,8.1737,1.538,0.0,False,False
2,305,1548021558,0,forward,0.5066,140.1664,8.1458,1.4989,0.0,False,False
2,306,1548021558,0,forward,0.6175,140.7839,8.1125,1.4771,0.0,False,False
2,307,1548021558,0,forward,0.5059,141.2899,8.0847,1.4327,0.0,False,False
2,308,1548021558,0,forward,0.3946,141.6845,8.0624,1.4005,0.0,False,False
2,309,1548021558,0,forward,0.6173,142.3018,8.0291,1.2558,0.0,False,False
2,310,1548021558,0,forward,0.3995,142.7013,8.0066,0.9573,0.0,False,False
2,311,964610217,0,forward,0.5033,143.2045,7.9789,1.3277,0.0,False,False
2,312,926291406,4,forward_right,0.4265,143.6311,7.9551,1.3144,0.0,False,False
2,313,926291406,4,forward_right,0.2628,143.8939,7.9395,1.2801,0.0,False,False
2,314,926291406,4,forward_right,0.345,144.2389,7.9197,1.2682,0.0,False,False
2,315,926291406,4,forward_right,0.4294,144.6683,7.8957,1.2508,0.0,False,False
2,316,926291406,4,forward_right,0.3535,145.0218,7.8756,1.2184,0.0,False,False
2,317,926291406,4,forward_right,0.3568,145.3786,7.8552,1.2005,0.0,False,False
2,318,926291406,4,forward_right,0.2775,145.656,7.8388,1.165,0.0,False,False
2,319,926291406,4,forward_right,0.4444,146.1004,7.8141,1.1407,0.0,False,False
2,320,926291406,4,forward_right,0.3641,146.4645,7.7934,1.1407,0.0,False,False
2,321,926291406,4,forward_right,0.2982,146.7627,7.776,1.0836,0.0,False,False
2,322,1166997565,3,forward_left,0.4104,147.1731,7.753,1.0764,0.0,False,False
2,323,1166997565,3,forward_left,0.2839,147.457,7.7363,1.0645,0.0,False,False
2,324,1166997565,3,forward_left,0.4489,147.9059,7.7114,1.0459,0.0,False,False
2,325,1166997565,3,forward_left,0.281,148.1869,7.6948,1.0221,0.0,False,False
2,326,1166997565,3,forward_left,0.3616,148.5486,7.6742,0.9821,0.0,False,False
2,327,1166997565,3,forward_left,0.3592,148.9077,7.6538,0.9742,0.0,False,False
2,328,1166997565,3,forward_left,0.357,149.2648,7.6334,0.9503,0.0,False,False
2,329,1166997565,3,forward_left,0.3544,149.6191,7.6132,0.9381,0.0,False,False
2,330,1166997565,3,forward_left,0.2671,149.8862,7.5973,0.9197,0.0,False,False
2,331,1166997565,3,forward_left,0.3418,150.228,7.5778,0.9178,0.0,False,False
2,332,1166997565,3,forward_left,0.3852,150.6132,7.556,0.8936,0.0,False,False
2,333,1889449069,4,forward_right,0.3461,150.9592,7.5362,0.8757,0.0,False,False
2,334,1889449069,4,forward_right,0.2582,151.2175,7.5208,0.8517,0.0,False,False
2,335,1309443777,2,turn_right,0.3138,151.5313,7.5001,0.8293,0.0,False,False
2,336,1309443777,2,turn_right,0.2717,151.803,7.4815,0.8034,0.0,False,False
2,337,1309443777,2,turn_right,0.081,151.884,7.4725,0.7715,0.0,False,False
2,338,1309443777,2,turn_right,-0.1,151.784,7.4726,0.7802,0.0,False,False
2,339,1937774032,3,forward_left,0.1407,151.9247,7.4631,0.7772,0.0,False,False
2,340,1937774032,3,forward_left,0.2729,152.1976,7.447,0.763,0.0,False,False
2,341,1937774032,3,forward_left,0.3696,152.5671,7.426,0.7583,0.0,False,False
2,342,1937774032,3,forward_left,0.3443,152.9114,7.4063,0.7367,0.0,False,False
2,343,1309443777,2,turn_right,0.0469,152.9583,7.3989,0.723,0.0,False,False
2,344,1309443777,2,turn_right,-0.1,152.8583,7.3992,0.6886,0.0,False,False
2,345,1937774032,3,forward_left,0.076,152.9343,7.3929,0.6814,0.0,False,False
2,346,1937774032,3,forward_left,0.3558,153.2901,7.3726,0.6855,0.0,False,False
2,347,1937774032,3,forward_left,0.3698,153.6599,7.3516,0.6746,0.0,False,False
2,348,1309443777,2,turn_right,0.054,153.7139,7.3439,0.6608,0.0,False,False
2,349,1937774032,3,forward_left,0.1333,153.8472,7.3347,0.6385,0.0,False,False
2,350,1937774032,3,forward_left,0.4356,154.2829,7.3104,0.6209,0.0,False,False
2,351,1309443777,2,turn_right,0.0577,154.3405,7.3026,0.6209,0.0,False,False
2,352,1309443777,2,turn_right,-1.6,152.7405,7.3034,0.5817,0.0,False,False
2,353,1309443777,2,turn_right,-1.6,151.1405,7.3034,0.5976,0.0,False,False
2,354,1309443777,2,turn_right,-1.6,149.5405,7.304,0.5979,0.0,False,False
2,355,1309443777,2,turn_right,-0.1,149.4405,7.3041,0.6006,0.0,False,False
2,356,1309443777,2,turn_right,-1.6,147.8405,7.3041,0.5884,0.0,False,False
2,357,1309443777,2,turn_right,-0.1,147.7405,7.3041,0.6057,0.0,False,False
2,358,1904866102,4,forward_right,0.2306,147.9712,7.29,0.5925,0.0,False,False
2,359,347496186,1,turn_left,-1.4326,146.5386,7.2817,0.5839,0.0,False,False
2,360,347496186,1,turn_left,-1.6,144.9386,7.2815,0.58,0.0,False,False
2,361,347496186,1,turn_left,-1.6,143.3386,7.281,0.5691,0.0,False,False
2,362,1309443777,2,turn_right,-1.5072,141.8313,7.2763,0.5727,0.0,False,False
2,363,1937774032,3,forward_left,-1.3444,140.4869,7.2661,0.5642,0.0,False,False
2,364,1937774032,3,forward_left,-1.0471,139.4398,7.2409,0.5381,0.0,False,False
2,365,1092683537,2,turn_right,-1.3662,138.0737,7.2292,0.527,0.0,False,False
2,366,800498958,2,turn_right,-1.6,136.4737,7.229,0.5177,0.0,False,False
2,367,1220008555,0,forward,-1.3713,135.1024,7.2201,0.5215,0.0,False,False
2,368,2018924930,2,turn_right,-1.1347,133.9677,7.1968,0.5153,0.0,False,False
2,369,2018924930,2,turn_right,-1.3487,132.619,7.1842,0.5126,0.0,False,False
2,370,2018924930,2,turn_right,-1.5394,131.0796,7.1812,0.5124,0.0,False,False
2,371,2018924930,2,turn_right,-1.6,129.4796,7.1812,0.512,0.0,False,False
2,372,2018924930,2,turn_right,-0.1,129.3796,7.1811,0.5066,0.0,False,False
2,373,326162201,4,forward_right,0.106,129.4856,7.1733,0.5066,0.0,False,False
2,374,326162201,4,forward_right,0.2674,129.753,7.1575,0.4989,0.0,False,False
2,375,326162201,4,forward_right,0.3382,130.0911,7.1381,0.4948,0.0,False,False
2,376,326162201,4,forward_right,0.4138,130.5049,7.1149,0.4827,0.0,False,False
2,377,2046112992,2,turn_right,0.134,130.6389,7.1032,0.4567,0.0,False,False
2,378,1212430525,4,forward_right,0.0975,130.7364,7.0958,0.4582,0.0,False,False
2,379,1212430525,4,forward_right,0.2476,130.9839,7.0809,0.432,0.0,False,False
2,380,1212430525,4,forward_right,0.3349,131.3188,7.0617,0.4383,0.0,False,False
2,381,1372204316,2,turn_right,0.0746,131.3934,7.053,0.4305,0.0,False,False
2,382,1212430525,4,forward_right,0.1386,131.532,7.0435,0.4378,0.0,False,False
2,383,1212430525,4,forward_right,0.2253,131.7573,7.0298,0.4288,0.0,False,False
2,384,1212430525,4,forward_right,0.2505,132.0077,7.0147,0.4421,0.0,False,False
2,385,124275310,2,turn_right,0.1596,132.1673,7.0018,0.4364,0.0,False,False
2,386,124275310,2,turn_right,-0.1,132.0673,7.0013,0.4492,0.0,False,False
2,387,1940035026,2,turn_right,-0.1,131.9673,7.0005,0.4493,0.0,False,False
2,388,1688873553,0,forward,0.0655,132.0328,6.9947,0.4601,0.0,False,False
2,389,1940035026,2,turn_right,0.1649,132.1977,6.9815,0.4663,0.0,False,False
2,390,1940035026,2,turn_right,-0.1,132.0977,6.9808,0.4601,0.0,False,False
2,391,1940035026,2,turn_right,-0.1,131.9977,6.9806,0.4766,0.0,False,False
2,392,1940035026,2,turn_right,-0.1,131.8977,6.9801,0.4915,0.0,False,False
2,393,1940035026,2,turn_right,-0.1,131.7977,6.9796,0.498,0.0,False,False
2,394,1940035026,2,turn_right,-0.1,131.6977,6.9777,0.5212,0.0,False,False
2,395,1688873553,0,forward,0.0412,131.7389,6.9732,0.5416,0.0,False,False
2,396,1940035026,2,turn_right,-0.0029,131.7359,6.9683,0.5423,0.0,False,False
2,397,1940035026,2,turn_right,-0.0595,131.6764,6.9663,0.6288,0.0,False,False
2,398,1440968876,0,forward,0.0021,131.6785,6.9637,0.667,0.0,False,False
2,399,1440968876,0,forward,0.0792,131.7577,6.9572,0.667,0.0,False,False
2,400,1440968876,0,forward,0.093,131.8507,6.9501,0.7089,0.0,False,False
2,401,1440968876,0,forward,0.072,131.9228,6.944,0.8029,0.0,False,False
2,402,1440968876,0,forward,0.1302,132.0529,6.935,0.9678,0.0,False,False
2,403,1440968876,0,forward,0.0682,132.1211,6.929,0.9678,0.0,False,False
2,404,1440968876,0,forward,0.0955,132.2166,6.9218,1.1291,0.0,False,False
2,405,828879,1,turn_left,0.032,132.2486,6.9152,1.2318,0.0,False,False
2,406,828879,1,turn_left,-0.0023,132.2464,6.9103,1.3585,0.0,False,False
2,407,828879,1,turn_left,-0.1,132.1464,6.9087,1.3585,0.0,False,False
2,408,1406925816,4,forward_right,-0.0087,132.1377,6.9066,0.9362,0.0,False,False
2,409,828879,1,turn_left,-0.1,132.0377,6.9049,1.1997,0.0,False,False
2,410,828879,1,turn_left,-0.1,131.9377,6.905,1.1997,0.0,False,False
2,411,828879,1,turn_left,-0.1,131.8377,6.905,1.0302,0.0,False,False
2,412,1440968876,0,forward,-0.0069,131.8308,6.9029,0.9208,0.0,False,False
2,413,1440968876,0,forward,0.1282,131.959,6.8939,0.8609,0.0,False,False
2,414,1440968876,0,forward,0.1793,132.1383,6.8825,0.9811,0.0,False,False
2,415,1440968876,0,forward,0.1979,132.3362,6.8701,0.9811,0.0,False,False
2,416,1440968876,0,forward,0.1958,132.5319,6.8578,1.0124,0.0,False,False
2,417,1440968876,0,forward,0.1936,132.7255,6.8456,1.0756,0.0,False,False
2,418,828879,1,turn_left,0.1706,132.8961,6.8321,1.189,0.0,False,False
2,419,828879,1,turn_left,0.0665,132.9626,6.8238,1.2712,0.0,False,False
2,420,828879,1,turn_left,-0.0241,132.9385,6.82,1.2712,0.0,False,False
2,421,828879,1,turn_left,-0.1,132.8385,6.8185,0.9371,0.0,False,False
2,422,828879,1,turn_left,-0.1,132.7385,6.8187,1.2571,0.0,False,False
2,423,828879,1,turn_left,-0.1,132.6385,6.8193,1.0245,0.0,False,False
2,424,1440968876,0,forward,0.0869,132.7254,6.8124,1.0245,0.0,False,False
2,425,1440968876,0,forward,0.1725,132.8979,6.8013,1.0261,0.0,False,False
2,426,1440968876,0,forward,0.261,133.1589,6.7857,1.0261,0.0,False,False
2,427,1440968876,0,forward,0.2113,133.3702,6.7727,1.0502,0.0,False,False
2,428,1440968876,0,forward,0.2749,133.6451,6.7564,1.0788,0.0,False,False
2,429,1440968876,0,forward,0.4017,134.0467,6.7338,1.1604,0.0,False,False
2,430,828879,1,turn_left,0.1481,134.1949,6.7214,1.2042,0.0,False,False
2,431,828879,1,turn_left,0.1068,134.3017,6.7111,1.2042,0.0,False,False
2,432,828879,1,turn_left,0.13,134.4317,6.6996,1.2436,0.0,False,False
2,433,828879,1,turn_left,-0.1,134.3317,6.6981,1.1145,0.0,False,False
2,434,828879,1,turn_left,-0.1,134.2317,6.6989,1.0647,0.0,False,False
2,435,828879,1,turn_left,-0.1,134.1317,6.6995,1.1854,0.0,False,False
2,436,828879,1,turn_left,-0.1,134.0317,6.7001,1.0323,0.0,False,False
2,437,1440968876,0,forward,0.129,134.1607,6.6912,1.0323,0.0,False,False
2,438,1440968876,0,forward,0.1968,134.3575,6.6788,1.0324,0.0,False,False
2,439,1440968876,0,forward,0.4075,134.765,6.6559,1.0479,0.0,False,False
2,440,1440968876,0,forward,0.3809,135.1459,6.6344,1.062,0.0,False,False
2,441,1440968876,0,forward,0.3795,135.5254,6.6129,1.0942,0.0,False,False
2,442,1440968876,0,forward,0.3782,135.9036,6.5915,1.1368,0.0,False,False
2,443,828879,1,turn_left,0.2305,136.1341,6.575,1.1368,0.0,False,False
2,444,828879,1,turn_left,0.2927,136.4268,6.5553,1.1448,0.0,False,False
2,445,828879,1,turn_left,0.0909,136.5178,6.5458,1.1896,0.0,False,False
2,446,828879,1,turn_left,-0.1,136.4178,6.5438,1.0494,0.0,False,False
2,447,828879,1,turn_left,-0.1,136.3178,6.5441,1.1707,0.0,False,False
2,448,828879,1,turn_left,-0.1,136.2178,6.5441,1.1169,0.0,False,False
2,449,828879,1,turn_left,-0.1,136.1178,6.5443,1.0546,0.0,False,False
2,450,1440968876,0,forward,0.0471,136.1648,6.5395,1.0173,0.0,False,False
2,451,1440968876,0,forward,0.2443,136.4092,6.5248,1.0047,0.0,False,False
2,452,1440968876,0,forward,0.4076,136.8168,6.5019,1.0179,0.0,False,False
2,453,1440968876,0,forward,0.474,137.2908,6.4757,1.0273,0.0,False,False
2,454,1440968876,0,forward,0.4737,137.7644,6.4495,1.0535,0.0,False,False
2,455,1440968876,0,forward,0.5775,138.3419,6.4181,1.0583,0.0,False,False
2,456,1440968876,0,forward,0.3678,138.7097,6.3972,1.0854,0.0,False,False
2,457,1440968876,0,forward,0.5758,139.2855,6.366,1.1087,0.0,False,False
2,458,828879,1,turn_left,0.29,139.5754,6.3465,1.1087,0.0,False,False
2,459,828879,1,turn_left,0.2894,139.8649,6.327,1.1208,0.0,False,False
2,460,828879,1,turn_left,0.071,139.9359,6.3184,1.155,0.0,False,False
2,461,828879,1,turn_left,-0.1,139.8359,6.3188,1.1192,0.0,False,False
2,462,828879,1,turn_left,-0.1,139.7359,6.3191,1.1192,0.0,False,False
2,463,867707199,0,forward,0.1821,139.918,6.3075,1.0749,0.0,False,False
2,464,867707199,0,forward,0.2768,140.1948,6.2911,1.0749,0.0,False,False
2,465,867707199,0,forward,0.4031,140.5979,6.2685,1.0801,0.0,False,False
2,466,867707199,0,forward,0.6248,141.2227,6.2347,1.0958,0.0,False,False
2,467,867707199,0,forward,0.3996,141.6223,6.2123,1.1018,0.0,False,False
2,468,926291406,4,forward_right,0.4652,142.0875,6.1865,1.129,0.0,False,False
2,469,926291406,4,forward_right,0.3411,142.4286,6.1669,1.1566,0.0,False,False
2,470,926291406,4,forward_right,0.3381,142.7667,6.1475,0.9836,0.0,False,False
2,471,1309443777,2,turn_right,0.2043,142.971,6.1323,1.171,0.0,False,False
2,472,828879,1,turn_left,0.1777,143.1487,6.1184,1.171,0.0,False,False
2,473,828879,1,turn_left,0.0558,143.2045,6.1106,1.1932,0.0,False,False
2,474,926291406,4,forward_right,0.2016,143.4061,6.0981,1.1798,0.0,False,False
2,475,926291406,4,forward_right,0.3317,143.7378,6.079,1.1717,0.0,False,False
2,476,828879,1,turn_left,0.0518,143.7896,6.0714,1.1916,0.0,False,False
2,477,926291406,4,forward_right,0.1528,143.9424,6.0613,1.174,0.0,False,False
2,478,926291406,4,forward_right,0.3376,144.2799,6.0419,1.1805,0.0,False,False
2,479,926291406,4,forward_right,0.2718,144.5517,6.0258,0.9526,0.0,False,False
2,480,1406925816,4,forward_right,0.2442,144.7959,6.0111,0.9526,0.0,False,False
2,481,1406925816,4,forward_right,0.2451,145.041,5.9963,1.2485,0.0,False,False
2,482,828879,1,turn_left,0.1318,145.1728,5.9847,1.2633,0.0,False,False
2,483,828879,1,turn_left,-0.1,145.0728,5.9849,1.2334,0.0,False,False
2,484,926291406,4,forward_right,0.1202,145.1931,5.9764,1.2334,0.0,False,False
2,485,926291406,4,forward_right,0.2603,145.4533,5.9609,0.9993,0.0,False,False
2,486,1406925816,4,forward_right,0.2558,145.7092,5.9456,0.9993,0.0,False,False
2,487,1406925816,4,forward_right,0.3215,146.0306,5.927,1.2783,0.0,False,False
2,488,828879,1,turn_left,0.1298,146.1605,5.9155,1.2684,0.0,False,False
2,489,828879,1,turn_left,-0.1,146.0605,5.9157,1.2752,0.0,False,False
2,490,926291406,4,forward_right,0.2217,146.2821,5.9021,1.2498,0.0,False,False
2,491,926291406,4,forward_right,0.3334,146.6155,5.8829,1.2644,0.0,False,False
2,492,828879,1,turn_left,0.0149,146.6304,5.8772,1.2745,0.0,False,False
2,493,926291406,4,forward_right,0.1465,146.7768,5.8674,1.2511,0.0,False,False
2,494,926291406,4,forward_right,0.3375,147.1143,5.848,1.2587,0.0,False,False
2,495,926291406,4,forward_right,0.4086,147.5229,5.8251,1.235,0.0,False,False
2,496,828879,1,turn_left,0.066,147.589,5.8168,1.235,0.0,False,False
2,497,828879,1,turn_left,-0.1,147.489,5.8168,1.2917,0.0,False,False
2,498,926291406,4,forward_right,-0.05,147.439,5.815,1.2917,0.0,False,False
2,499,926291406,4,forward_right,0.3456,147.7846,5.7952,1.272,0.0,False,False
2,500,926291406,4,forward_right,0.3351,148.1197,5.7759,1.3006,0.0,False,False
2,501,926291406,4,forward_right,0.2532,148.3729,5.7608,1.3006,0.0,False,False
2,502,828879,1,turn_left,0.1422,148.515,5.7486,1.3281,0.0,False,False
2,503,828879,1,turn_left,-0.1,148.415,5.7488,1.3281,0.0,False,False
2,504,926291406,4,forward_right,0.1082,148.5232,5.7409,1.3086,0.0,False,False
2,505,926291406,4,forward_right,0.3387,148.8619,5.7215,1.3113,0.0,False,False
2,506,926291406,4,forward_right,0.3649,149.2269,5.7007,1.3412,0.0,False,False
2,507,828879,1,turn_left,0.0774,149.3043,5.6919,1.3412,0.0,False,False
2,508,828879,1,turn_left,-0.1,149.2043,5.6921,1.3363,0.0,False,False
2,509,926291406,4,forward_right,0.2288,149.433,5.6781,1.3194,0.0,False,False
2,510,926291406,4,forward_right,0.2531,149.6861,5.663,1.01,0.0,False,False
2,511,1309443777,2,turn_right,0.1687,149.8548,5.6496,1.2704,0.0,False,False
2,512,926291406,4,forward_right,0.2318,150.0866,5.6355,1.3608,0.0,False,False
2,513,828879,1,turn_left,0.1948,150.2814,5.6207,1.3685,0.0,False,False
2,514,828879,1,turn_left,-0.1,150.1814,5.6204,1.3551,0.0,False,False
2,515,926291406,4,forward_right,0.1471,150.3285,5.6106,1.3432,0.0,False,False
2,516,926291406,4,forward_right,0.4183,150.7468,5.5872,1.3473,0.0,False,False
2,517,926291406,4,forward_right,0.2585,151.0052,5.5717,1.3783,0.0,False,False
2,518,828879,1,turn_left,0.1378,151.143,5.5598,1.0886,0.0,False,False
2,519,587486767,5,stop,0.0538,151.1969,5.5547,0.9945,0.0,False,False
2,520,1309443777,2,turn_right,0.1842,151.381,5.5404,1.4036,0.0,False,False
2,521,828879,1,turn_left,0.0101,151.3912,5.5349,1.399,0.0,False,False
2,522,828879,1,turn_left,0.0508,151.442,5.5274,1.4192,0.0,False,False
2,523,828879,1,turn_left,-0.0377,151.4043,5.5243,1.4315,0.0,False,False
2,524,828879,1,turn_left,-0.1,151.3043,5.5243,1.3971,0.0,False,False
2,525,926291406,4,forward_right,0.1279,151.4322,5.5154,1.3818,0.0,False,False
2,526,926291406,4,forward_right,0.3443,151.7765,5.4957,1.3781,0.0,False,False
2,527,926291406,4,forward_right,0.3388,152.1153,5.4762,1.3749,0.0,False,False
2,528,926291406,4,forward_right,0.2569,152.3722,5.4609,1.4092,0.0,False,False
2,529,828879,1,turn_left,0.0305,152.4027,5.4543,1.4185,0.0,False,False
2,530,926291406,4,forward_right,0.2052,152.6079,5.4416,1.4162,0.0,False,False
2,531,926291406,4,forward_right,0.3405,152.9484,5.4221,1.4124,0.0,False,False
2,532,926291406,4,forward_right,0.2596,153.208,5.4066,1.2209,0.0,False,False
2,533,828879,1,turn_left,-0.0074,153.2006,5.402,0.9463,0.0,False,False
2,534,1309443777,2,turn_right,-0.0248,153.1758,5.3982,1.08,0.0,False,False
2,535,1166997565,3,forward_left,0.1608,153.3366,5.3877,1.2053,0.0,False,False
2,536,926291406,4,forward_right,0.2113,153.5479,5.3746,1.3294,0.0,False,False
2,537,926291406,4,forward_right,0.3381,153.886,5.3552,1.4325,0.0,False,False
2,538,926291406,4,forward_right,0.4082,154.2942,5.3323,1.4492,0.0,False,False
2,539,828879,1,turn_left,0.0461,154.3403,5.325,1.4871,0.0,False,False
2,540,926291406,4,forward_right,0.0948,154.4351,5.3177,1.0974,0.0,False,False
2,541,1166997565,3,forward_left,0.2202,154.6553,5.3042,1.3331,0.0,False,False
2,542,926291406,4,forward_right,0.3756,155.0309,5.2829,1.4663,0.0,False,False
2,543,926291406,4,forward_right,0.2317,155.2627,5.2688,1.4679,0.0,False,False
2,544,828879,1,turn_left,0.2054,155.468,5.2536,1.4789,0.0,False,False
2,545,828879,1,turn_left,-0.1,155.368,5.2535,1.4967,0.0,False,False
2,546,926291406,4,forward_right,0.1909,155.5589,5.2415,1.215,0.0,False,False
2,547,926291406,4,forward_right,0.2431,155.8021,5.2268,1.0268,0.0,False,False
2,548,1166997565,3,forward_left,0.3771,156.1792,5.2055,1.5031,0.0,False,False
2,549,926291406,4,forward_right,0.2995,156.4786,5.188,1.5102,0.0,False,False
2,550,926291406,4,forward_right,0.33,156.8086,5.169,1.5127,0.0,False,False
2,551,828879,1,turn_left,0.1299,156.9385,5.1575,1.5224,0.0,False,False
2,552,828879,1,turn_left,-0.1,156.8385,5.1574,1.5228,0.0,False,False
2,553,926291406,4,forward_right,0.1443,156.9828,5.1477,1.5042,0.0,False,False
2,554,926291406,4,forward_right,0.3407,157.3235,5.1282,1.4989,0.0,False,False
2,555,926291406,4,forward_right,0.413,157.7365,5.105,1.2825,0.0,False,False
2,556,828879,1,turn_left,0.0111,157.7476,5.0995,0.9404,0.0,False,False
2,557,1406925816,4,forward_right,0.2248,157.9724,5.0857,1.0979,0.0,False,False
2,558,587486767,5,stop,0.2141,158.1864,5.0725,1.5388,0.0,False,False
2,559,828879,1,turn_left,0.0689,158.2553,5.0641,1.5461,0.0,False,False
2,560,828879,1,turn_left,-0.1,158.1553,5.0634,1.5517,0.0,False,False
2,561,926291406,4,forward_right,0.1363,158.2915,5.0541,1.5311,0.0,False,False
2,562,926291406,4,forward_right,0.4159,158.7075,5.0308,1.5407,0.0,False,False
2,563,926291406,4,forward_right,0.3309,159.0384,5.0117,1.5453,0.0,False,False
2,564,828879,1,turn_left,0.1134,159.1518,5.0011,1.574,0.0,False,False
2,565,828879,1,turn_left,-0.1,159.0518,5.0012,1.5629,0.0,False,False
2,566,926291406,4,forward_right,0.1381,159.1899,4.9918,1.1666,0.0,False,False
2,567,926291406,4,forward_right,0.2979,159.4878,4.9744,1.0656,0.0,False,False
2,568,1166997565,3,forward_left,0.2539,159.7417,4.9592,1.5548,0.0,False,False
2,569,926291406,4,forward_right,0.2429,159.9846,4.9446,1.5644,0.0,False,False
2,570,926291406,4,forward_right,0.3816,160.3662,4.923,1.5636,0.0,False,False
2,571,926291406,4,forward_right,0.3349,160.7011,4.9038,1.5841,0.0,False,False
2,572,926291406,4,forward_right,0.2534,160.9545,4.8886,1.597,0.0,False,False
2,573,828879,1,turn_left,0.2018,161.1563,4.8735,1.6087,0.0,False,False
2,574,828879,1,turn_left,-0.1,161.0563,4.8737,1.6069,0.0,False,False
2,575,926291406,4,forward_right,-0.05,161.0063,4.872,1.0141,0.0,False,False
2,576,1937774032,3,forward_left,0.3085,161.3148,4.8541,1.4643,0.0,False,False
2,577,926291406,4,forward_right,0.3036,161.6183,4.8364,1.5929,0.0,False,False
2,578,926291406,4,forward_right,0.3011,161.9194,4.8188,1.606,0.0,False,False
2,579,926291406,4,forward_right,0.3316,162.251,4.7997,1.6096,0.0,False,False
2,580,828879,1,turn_left,0.2163,162.4674,4.7839,1.6382,0.0,False,False
2,581,828879,1,turn_left,-0.1,162.3674,4.7827,1.6288,0.0,False,False
2,582,926291406,4,forward_right,0.0981,162.4654,4.7753,1.0573,0.0,False,False
2,583,1166997565,3,forward_left,0.3788,162.8442,4.7538,1.233,0.0,False,False
2,584,926291406,4,forward_right,0.2271,163.0713,4.74,1.6282,0.0,False,False
2,585,926291406,4,forward_right,0.3392,163.4105,4.7205,1.627,0.0,False,False
2,586,926291406,4,forward_right,0.4088,163.8193,4.6976,1.6395,0.0,False,False
2,587,828879,1,turn_left,0.0554,163.8747,4.6898,1.6618,0.0,False,False
2,588,926291406,4,forward_right,0.0667,163.9414,4.684,1.6422,0.0,False,False
2,589,926291406,4,forward_right,0.4131,164.3544,4.6608,1.6547,0.0,False,False
2,590,926291406,4,forward_right,0.2541,164.6085,4.6456,1.6808,0.0,False,False
2,591,828879,1,turn_left,0.1259,164.7345,4.6343,1.6869,0.0,False,False
2,592,828879,1,turn_left,-0.1,164.6345,4.6347,0.9417,0.0,False,False
2,593,1309443777,2,turn_right,0.032,164.6665,4.6281,1.1164,0.0,False,False
2,594,926291406,4,forward_right,0.1344,164.8009,4.6189,1.6661,0.0,False,False
2,595,926291406,4,forward_right,0.3021,165.103,4.6013,1.6702,0.0,False,False
2,596,828879,1,turn_left,0.1434,165.2464,4.5891,1.6756,0.0,False,False
2,597,926291406,4,forward_right,0.0517,165.298,4.584,1.6767,0.0,False,False
2,598,926291406,4,forward_right,0.416,165.714,4.5607,1.6794,0.0,False,False
2,599,926291406,4,forward_right,0.2563,165.9703,4.5454,1.6919,0.0,False,False
2,600,828879,1,turn_left,0.2217,166.192,4.5293,1.6986,0.0,False,False
2,601,828879,1,turn_left,-0.1,166.092,4.5298,0.9371,0.0,False,False
2,602,1309443777,2,turn_right,0.0444,166.1364,4.5226,1.4483,0.0,False,False
2,603,926291406,4,forward_right,0.2521,166.3885,4.5075,1.6995,0.0,False,False
2,604,926291406,4,forward_right,0.2694,166.6579,4.4915,1.7003,0.0,False,False
2,605,828879,1,turn_left,0.0775,166.7354,4.4827,3.8784,0.0,False,False
2,606,828879,1,turn_left,-0.1,166.6354,4.4828,1.7065,0.0,False,False
2,607,926291406,4,forward_right,0.0555,166.6909,4.4776,0.9543,0.0,False,False
2,608,1309443777,2,turn_right,0.1739,166.8648,4.4639,1.509,0.0,False,False
2,609,926291406,4,forward_right,0.3047,167.1695,4.4461,1.7133,0.0,False,False
2,610,926291406,4,forward_right,0.2538,167.4233,4.4309,1.7235,0.0,False,False
2,611,926291406,4,forward_right,0.3122,167.7355,4.4128,3.8251,0.0,False,False
2,612,828879,1,turn_left,0.151,167.8865,4.4003,3.8091,0.0,False,False
2,613,828879,1,turn_left,-0.1,167.7865,4.4005,1.884,0.0,False,False
2,614,926291406,4,forward_right,-0.001,167.7855,4.398,0.9394,0.0,False,False
2,615,1309443777,2,turn_right,0.3065,168.092,4.3777,1.7331,0.0,False,False
2,616,926291406,4,forward_right,0.1787,168.2707,4.3663,3.8151,0.0,False,False
2,617,926291406,4,forward_right,0.2626,168.5333,4.3506,3.7999,0.0,False,False
2,618,828879,1,turn_left,0.1538,168.6871,4.3379,3.7859,0.0,False,False
2,619,828879,1,turn_left,-0.1,168.5871,4.3381,1.9128,0.0,False,False
2,620,926291406,4,forward_right,0.0715,168.6586,4.332,0.9584,0.0,False,False
2,621,1309443777,2,turn_right,0.2547,168.9133,4.3143,1.4738,0.0,False,False
2,622,926291406,4,forward_right,0.3051,169.2184,4.2965,2.1382,0.0,False,False
2,623,926291406,4,forward_right,0.3309,169.5493,4.2775,3.6137,0.0,False,False
2,624,926291406,4,forward_right,0.3286,169.8778,4.2586,3.7516,0.0,False,False
2,625,828879,1,turn_left,0.1467,170.0246,4.2462,3.7323,0.0,False,False
2,626,828879,1,turn_left,-0.1,169.9246,4.2463,3.0052,0.0,False,False
2,627,926291406,4,forward_right,0.2232,170.1477,4.2327,1.3061,0.0,False,False
2,628,926291406,4,forward_right,0.3107,170.4585,4.2146,1.0612,0.0,False,False
2,629,1166997565,3,forward_left,0.2984,170.7569,4.1972,1.1536,0.0,False,False
2,630,828879,1,turn_left,0.1586,170.9155,4.1843,1.5968,0.0,False,False
2,631,828879,1,turn_left,0.0236,170.9391,4.1781,1.5786,0.0,False,False
2,632,926291406,4,forward_right,0.2228,171.1618,4.1645,1.0221,0.0,False,False
2,633,1166997565,3,forward_left,0.2791,171.4409,4.148,0.9391,0.0,False,False
2,634,1309443777,2,turn_right,0.0498,171.4907,4.1405,1.2853,0.0,False,False
2,635,926291406,4,forward_right,0.1744,171.6651,4.1293,1.0382,0.0,False,False
2,636,587486767,5,stop,0.2484,171.9135,4.1144,1.1377,0.0,False,False
2,637,828879,1,turn_left,0.0326,171.9461,4.1078,0.97,0.0,False,False
2,638,1406925816,4,forward_right,0.0563,172.0024,4.1024,1.2252,0.0,False,False
2,639,828879,1,turn_left,0.1174,172.1199,4.0916,2.051,0.0,False,False
2,640,926291406,4,forward_right,0.1373,172.2572,4.0822,1.654,0.0,False,False
2,641,926291406,4,forward_right,0.2585,172.5157,4.0668,2.6692,0.0,False,False
2,642,828879,1,turn_left,0.1961,172.7118,4.052,3.6493,0.0,False,False
2,643,926291406,4,forward_right,0.0592,172.7709,4.0465,2.1566,0.0,False,False
2,644,926291406,4,forward_right,0.4126,173.1836,4.0234,2.3116,0.0,False,False
2,645,926291406,4,forward_right,0.2536,173.4372,4.0082,2.276,0.0,False,False
2,646,828879,1,turn_left,0.1146,173.5518,3.9975,1.6261,0.0,False,False
2,647,828879,1,turn_left,-0.1,173.4518,3.9979,0.9631,0.0,False,False
2,648,1309443777,2,turn_right,0.0188,173.4706,3.9919,1.287,0.0,False,False
2,649,926291406,4,forward_right,0.1956,173.6661,3.9797,1.904,0.0,False,False
2,650,926291406,4,forward_right,0.2442,173.9104,3.9649,3.6093,0.0,False,False
2,651,926291406,4,forward_right,0.3834,174.2937,3.9433,3.5854,0.0,False,False
2,652,828879,1,turn_left,0.0648,174.3586,3.935,3.5929,0.0,False,False
2,653,828879,1,turn_left,-0.1,174.2586,3.9352,1.832,0.0,False,False
2,654,926291406,4,forward_right,0.1724,174.431,3.9241,0.9545,0.0,False,False
2,655,1309443777,2,turn_right,0.1449,174.5758,3.9119,1.4288,0.0,False,False
2,656,926291406,4,forward_right,0.1884,174.7642,3.9,1.662,0.0,False,False
2,657,926291406,4,forward_right,0.3816,175.1458,3.8784,2.0543,0.0,False,False
2,658,926291406,4,forward_right,0.3299,175.4758,3.8594,2.6809,0.0,False,False
2,659,828879,1,turn_left,0.0642,175.54,3.8512,2.4527,0.0,False,False
2,660,828879,1,turn_left,-0.1,175.44,3.8513,1.0787,0.0,False,False
2,661,1166997565,3,forward_left,0.1969,175.6369,3.8389,1.2,0.0,False,False
2,662,926291406,4,forward_right,0.2871,175.924,3.8221,2.3356,0.0,False,False
2,663,926291406,4,forward_right,0.2496,176.1736,3.8071,3.5366,0.0,False,False
2,664,926291406,4,forward_right,0.3071,176.4806,3.7892,3.541,0.0,False,False
2,665,926291406,4,forward_right,0.3305,176.8112,3.7702,3.5267,0.0,False,False
2,666,828879,1,turn_left,0.2165,177.0277,3.7544,3.5167,0.0,False,False
2,667,828879,1,turn_left,-0.1,176.9277,3.7546,1.8224,0.0,False,False
2,668,926291406,4,forward_right,0.0945,177.0222,3.7474,0.9693,0.0,False,False
2,669,1309443777,2,turn_right,0.2222,177.2444,3.7313,1.4355,0.0,False,False
2,670,926291406,4,forward_right,0.1268,177.3712,3.7224,1.459,0.0,False,False
2,671,926291406,4,forward_right,0.2791,177.6503,3.706,1.668,0.0,False,False
2,672,828879,1,turn_left,0.1408,177.7912,3.6939,1.5841,0.0,False,False
2,673,926291406,4,forward_right,0.1472,177.9384,3.6841,1.021,0.0,False,False
2,674,1309443777,2,turn_right,0.2482,178.1866,3.6667,1.0519,0.0,False,False
2,675,587486767,5,stop,0.0912,178.2778,3.6596,1.0242,0.0,False,False
2,676,587486767,5,stop,0.01,178.2878,3.6566,1.0496,0.0,False,False
2,677,587486767,5,stop,-0.05,178.2378,3.656,1.1371,0.0,False,False
2,678,828879,1,turn_left,-0.1,178.1378,3.6552,1.0048,0.0,False,False
2,679,1406925816,4,forward_right,-0.05,178.0878,3.6534,1.0414,0.0,False,False
2,680,587486767,5,stop,0.0372,178.1251,3.649,1.1933,0.0,False,False
2,681,926291406,4,forward_right,0.0275,178.1525,3.6452,1.0531,0.0,False,False
2,682,1166997565,3,forward_left,0.1919,178.3444,3.6331,1.0464,0.0,False,False
2,683,1166997565,3,forward_left,0.2415,178.5859,3.6185,0.9667,0.0,False,False
2,684,1309443777,2,turn_right,0.1952,178.7812,3.6037,0.9939,0.0,False,False
2,685,1309443777,2,turn_right,-0.1,178.6812,3.6035,0.9929,0.0,False,False
2,686,1309443777,2,turn_right,-0.1,178.5812,3.6025,0.9495,0.0,False,False
2,687,1406925816,4,forward_right,0.1259,178.707,3.5938,1.1248,0.0,False,False
2,688,828879,1,turn_left,0.2373,178.9443,3.5769,1.9277,0.0,False,False
2,689,828879,1,turn_left,0.1111,179.0554,3.5663,2.5447,0.0,False,False
2,690,828879,1,turn_left,-0.1,178.9554,3.5664,1.5781,0.0,False,False
2,691,926291406,4,forward_right,0.2163,179.1717,3.553,1.1314,0.0,False,False
2,692,926291406,4,forward_right,0.3341,179.5058,3.5338,1.1056,0.0,False,False
2,693,828879,1,turn_left,0.0632,179.569,3.5257,0.9405,0.0,False,False
2,694,1406925816,4,forward_right,0.2548,179.8238,3.5104,1.6816,0.0,False,False
2,695,828879,1,turn_left,0.1117,179.9355,3.4998,3.4378,0.0,False,False
2,696,1508107506,3,forward_left,0.0831,180.0186,3.4932,3.4459,0.0,False,False
2,697,1508107506,3,forward_left,0.3001,180.3187,3.4757,3.4455,0.0,False,False
2,698,2095099663,0,forward,0.3233,180.642,3.457,3.4456,0.0,False,False
2,699,2095099663,0,forward,0.5182,181.1602,3.4286,3.4489,0.0,False,False
2,700,2095099663,0,forward,0.3938,181.554,3.4064,3.4385,0.0,False,False
2,701,2095099663,0,forward,0.5047,182.0587,3.3787,3.4221,0.0,False,False
2,702,2095099663,0,forward,0.5039,182.5625,3.351,3.4253,0.0,False,False
2,703,2095099663,0,forward,0.6136,183.1761,3.3178,3.4251,0.0,False,False
2,704,2095099663,0,forward,0.5021,183.6782,3.2902,3.4209,0.0,False,False
2,705,2095099663,0,forward,0.3911,184.0693,3.2682,2.3609,0.0,False,False
2,706,2095099663,0,forward,0.5009,184.5702,3.2406,1.5027,0.0,False,False
2,707,2095099663,0,forward,0.5465,185.1167,3.2108,0.9609,0.0,False,False
2,708,1341840061,1,turn_left,0.2797,185.3964,3.1918,1.2836,0.0,False,False
2,709,2095099663,0,forward,0.3407,185.7371,3.1723,1.7292,0.0,False,False
2,710,2095099663,0,forward,0.4357,186.1728,3.148,2.3619,0.0,False,False
2,711,2095099663,0,forward,0.5044,186.6772,3.1203,3.404,0.0,False,False
2,712,2095099663,0,forward,0.5036,187.1808,3.0926,3.3916,0.0,False,False
2,713,2095099663,0,forward,0.6109,187.7917,3.0595,3.3971,0.0,False,False
2,714,2095099663,0,forward,0.5018,188.2935,3.0319,3.3986,0.0,False,False
2,715,2095099663,0,forward,0.5008,188.7943,3.0044,3.387,0.0,False,False
2,716,2095099663,0,forward,0.4998,189.2941,2.9769,3.3945,0.0,False,False
2,717,2095099663,0,forward,0.4988,189.7929,2.9495,3.3674,0.0,False,False
2,718,2095099663,0,forward,0.3884,190.1813,2.9276,3.0033,0.0,False,False
2,719,2095099663,0,forward,0.4972,190.6785,2.9002,1.8964,0.0,False,False
2,720,2095099663,0,forward,0.6061,191.2846,2.8674,1.2033,0.0,False,False
2,721,2095099663,0,forward,0.3321,191.6166,2.8483,1.0636,0.0,False,False
2,722,1263078535,3,forward_left,0.5032,192.1198,2.8206,1.5092,0.0,False,False
2,723,2095099663,0,forward,0.4402,192.56,2.7961,1.6611,0.0,False,False
2,724,2095099663,0,forward,0.389,192.949,2.7742,2.0214,0.0,False,False
2,725,2095099663,0,forward,0.4979,193.4469,2.7468,2.1347,0.0,False,False
2,726,2095099663,0,forward,0.6062,194.0531,2.714,1.9458,0.0,False,False
2,727,2095099663,0,forward,0.4958,194.5489,2.6867,1.55,0.0,False,False
2,728,2095099663,0,forward,0.4953,195.0442,2.6594,1.1397,0.0,False,False
2,729,1508107506,3,forward_left,0.3724,195.4166,2.6383,1.0576,0.0,False,False
2,730,1263078535,3,forward_left,0.2536,195.6702,2.6231,1.2434,0.0,False,False
2,731,2095099663,0,forward,0.4103,196.0806,2.6001,1.3918,0.0,False,False
2,732,2095099663,0,forward,0.5037,196.5843,2.5724,1.6685,0.0,False,False
2,733,2095099663,0,forward,0.5029,197.0871,2.5448,1.7578,0.0,False,False
2,734,2095099663,0,forward,0.6123,197.6994,2.5117,1.5598,0.0,False,False
2,735,2095099663,0,forward,0.5011,198.2005,2.4841,1.2269,0.0,False,False
2,736,2095099663,0,forward,0.3438,198.5443,2.4644,0.9461,0.0,False,False
2,737,1341840061,1,turn_left,0.3945,198.9388,2.4397,1.3061,0.0,False,False
2,738,2095099663,0,forward,0.3683,199.307,2.4188,1.334,0.0,False,False
2,739,2095099663,0,forward,0.4776,199.7846,2.3924,1.4046,0.0,False,False
2,740,2095099663,0,forward,0.612,200.3966,2.3593,1.3405,0.0,False,False
2,741,2095099663,0,forward,0.3908,200.7874,2.3373,1.1065,0.0,False,False
2,742,2095099663,0,forward,0.4637,201.2511,2.3116,1.0692,0.0,False,False
2,743,1263078535,3,forward_left,0.4316,201.6827,2.2875,1.3737,0.0,False,False
2,744,2095099663,0,forward,0.4098,202.0925,2.2645,1.4266,0.0,False,False
2,745,2095099663,0,forward,0.6134,202.7058,2.2313,1.5576,0.0,False,False
2,746,2095099663,0,forward,0.5017,203.2075,2.2037,1.4368,0.0,False,False
2,747,2095099663,0,forward,0.2806,203.4881,2.1872,1.1487,0.0,False,False
2,748,2095099663,0,forward,0.5718,204.0599,2.1561,1.0021,0.0,False,False
2,749,1341840061,1,turn_left,0.4758,204.5357,2.1273,1.331,0.0,False,False
2,750,2095099663,0,forward,0.286,204.8217,2.1105,1.3141,0.0,False,False
2,751,2095099663,0,forward,0.4766,205.2983,2.0842,1.3499,0.0,False,False
2,752,2095099663,0,forward,0.5006,205.7989,2.0567,1.2486,0.0,False,False
2,753,2095099663,0,forward,0.599,206.398,2.0242,0.9849,0.0,False,False
2,754,1341840061,1,turn_left,0.3464,206.7444,2.0019,1.0677,0.0,False,False
2,755,1263078535,3,forward_left,0.3103,207.0547,1.9839,0.9677,0.0,False,False
2,756,1341840061,1,turn_left,0.2352,207.2899,1.9671,1.0879,0.0,False,False
2,757,1263078535,3,forward_left,0.2725,207.5624,1.951,1.0306,0.0,False,False
2,758,1263078535,3,forward_left,0.3218,207.8842,1.9324,0.9634,0.0,False,False
2,759,1341840061,1,turn_left,0.1768,208.061,1.9186,1.0076,0.0,False,False
2,760,1341840061,1,turn_left,0.0981,208.1591,1.9087,1.1105,0.0,False,False
2,761,2095099663,0,forward,0.1648,208.3239,1.8979,1.2231,0.0,False,False
2,762,2095099663,0,forward,0.2114,208.5353,1.8849,1.4348,0.0,False,False
2,763,2095099663,0,forward,0.3879,208.9232,1.863,1.8765,0.0,False,False
2,764,2095099663,0,forward,0.5374,209.4606,1.8336,3.3797,0.0,False,False
2,765,2095099663,0,forward,0.657,210.1176,1.7982,3.543,0.0,False,False
2,766,2095099663,0,forward,0.4198,210.5374,1.7748,3.5608,0.0,False,False
2,767,2095099663,0,forward,0.6567,211.1941,1.7394,3.5584,0.0,False,False
2,768,2095099663,0,forward,0.4205,211.6146,1.7159,3.572,0.0,False,False
2,769,2095099663,0,forward,0.5377,212.1523,1.6865,3.5778,0.0,False,False
2,770,2095099663,0,forward,0.5373,212.6896,1.6571,3.609,0.0,False,False
2,771,2095099663,0,forward,0.5368,213.2264,1.6278,3.0751,0.0,False,False
2,772,2095099663,0,forward,0.5364,213.7628,1.5985,1.9578,0.0,False,False
2,773,2095099663,0,forward,0.5364,214.2992,1.5692,1.2538,0.0,False,False
2,774,2095099663,0,forward,0.3843,214.6835,1.5474,0.9399,0.0,False,False
2,775,1341840061,1,turn_left,0.3411,215.0246,1.5254,2.06,0.0,False,False
2,776,2095099663,0,forward,0.3488,215.3734,1.5055,3.6799,0.0,False,False
2,777,2095099663,0,forward,0.4356,215.809,1.4812,3.6859,0.0,False,False
2,778,2095099663,0,forward,0.5407,216.3497,1.4516,3.6837,0.0,False,False
2,779,2095099663,0,forward,0.6581,217.0078,1.4162,3.721,0.0,False,False
2,780,2095099663,0,forward,0.4217,217.4295,1.3926,3.714,0.0,False,False
2,781,2095099663,0,forward,0.5392,217.9687,1.3632,3.7542,0.0,False,False
2,782,2095099663,0,forward,0.6565,218.6252,1.3279,2.9559,0.0,False,False
2,783,2095099663,0,forward,0.4207,219.0459,1.3043,1.8861,0.0,False,False
2,784,2095099663,0,forward,0.6562,219.7021,1.269,1.171,0.0,False,False
2,785,2095099663,0,forward,0.2803,219.9824,1.2525,0.9979,0.0,False,False
2,786,1341840061,1,turn_left,500.0,719.9824,1.2321,3.6496,0.0,True,False
3,1,964610217,0,forward,0.2843,0.2843,15.9833,1.0507,0.0,False,False
3,2,1904234423,4,forward_right,0.4669,0.7512,15.9575,1.9985,0.0,False,False
3,3,1548021558,0,forward,0.4761,1.2272,15.9311,4.008,0.0,False,False
3,4,1548021558,0,forward,0.5504,1.7776,15.9011,3.985,0.0,False,False
3,5,1548021558,0,forward,0.55,2.3276,15.8711,3.95,0.0,False,False
3,6,1548021558,0,forward,0.5499,2.8775,15.8411,3.9253,0.0,False,False
3,7,1548021558,0,forward,0.5499,3.4274,15.8111,3.8961,0.0,False,False
3,8,1548021558,0,forward,0.5499,3.9773,15.7811,3.8641,0.0,False,False
3,9,1548021558,0,forward,0.55,4.5273,15.7511,2.7785,0.0,False,False
3,10,1548021558,0,forward,0.5504,5.0777,15.7211,1.7325,0.0,False,False
3,11,1548021558,0,forward,0.4957,5.5735,15.6938,1.1328,0.0,False,False
3,12,1548021558,0,forward,0.5306,6.1041,15.6648,1.1449,0.0,False,False
3,13,1548021558,0,forward,0.5493,6.6534,15.6348,2.2451,0.0,False,False
3,14,1548021558,0,forward,0.5499,7.2033,15.6048,3.7303,0.0,False,False
3,15,1548021558,0,forward,0.5388,7.7421,15.5754,3.713,0.0,False,False
3,16,1548021558,0,forward,0.55,8.2921,15.5454,3.6795,0.0,False,False
3,17,1548021558,0,forward,0.5499,8.842,15.5154,3.6622,0.0,False,False
3,18,1548021558,0,forward,0.5499,9.392,15.4854,3.6412,0.0,False,False
3,19,1548021558,0,forward,0.5499,9.9419,15.4554,3.5999,0.0,False,False
3,20,1548021558,0,forward,0.55,10.4918,15.4254,3.2104,0.0,False,False
3,21,1548021558,0,forward,0.5502,11.0421,15.3954,1.983,0.0,False,False
3,22,1548021558,0,forward,0.5512,11.5933,15.3653,1.2942,0.0,False,False
3,23,1548021558,0,forward,0.4881,12.0813,15.3384,0.9805,0.0,False,False
3,24,964610217,0,forward,0.6689,12.7502,15.3025,1.5529,0.0,False,False
3,25,1548021558,0,forward,0.4297,13.1799,15.2785,2.416,0.0,False,False
3,26,1548021558,0,forward,0.5498,13.7296,15.2485,3.4222,0.0,False,False
3,27,1548021558,0,forward,0.5499,14.2795,15.2185,3.397,0.0,False,False
3,28,1548021558,0,forward,0.5499,14.8294,15.1885,3.3846,0.0,False,False
3,29,1548021558,0,forward,0.5499,15.3793,15.1585,3.3756,0.0,False,False
3,30,1548021558,0,forward,0.5499,15.9292,15.1285,3.3482,0.0,False,False
3,31,1548021558,0,forward,0.5499,16.4791,15.0986,3.3274,0.0,False,False
3,32,1548021558,0,forward,0.5499,17.029,15.0686,3.2926,0.0,False,False
3,33,1548021558,0,forward,0.5499,17.5789,15.0386,3.2797,0.0,False,False
3,34,1548021558,0,forward,0.5499,18.1288,15.0086,3.2375,0.0,False,False
3,35,1548021558,0,forward,0.5499,18.6787,14.9786,3.017,0.0,False,False
3,36,1548021558,0,forward,0.5502,19.2289,14.9486,1.9856,0.0,False,False
3,37,1548021558,0,forward,0.5512,19.7801,14.9185,1.2845,0.0,False,False
3,38,1548021558,0,forward,0.4751,20.2552,14.8922,0.9951,0.0,False,False
3,39,964610217,0,forward,0.549,20.8042,14.8623,1.7631,0.0,False,False
3,40,1548021558,0,forward,0.5497,21.3539,14.8323,3.1082,0.0,False,False
3,41,1548021558,0,forward,0.5376,21.8915,14.8029,3.091,0.0,False,False
3,42,1548021558,0,forward,0.55,22.4416,14.7729,3.0773,0.0,False,False
3,43,1548021558,0,forward,0.5499,22.9915,14.7429,3.0477,0.0,False,False
3,44,1548021558,0,forward,0.5499,23.5414,14.7129,3.0265,0.0,False,False
3,45,1548021558,0,forward,0.5499,24.0913,14.6829,2.9868,0.0,False,False
3,46,1548021558,0,forward,0.5499,24.6412,14.653,2.9769,0.0,False,False
3,47,1548021558,0,forward,0.5501,25.1913,14.6229,2.2568,0.0,False,False
3,48,1548021558,0,forward,0.5508,25.742,14.5929,1.4371,0.0,False,False
3,49,1548021558,0,forward,0.477,26.2191,14.5666,0.9452,0.0,False,False
3,50,964610217,0,forward,0.5486,26.7676,14.5366,1.539,0.0,False,False
3,51,1548021558,0,forward,0.5496,27.3172,14.5066,2.8559,0.0,False,False
3,52,1548021558,0,forward,0.5384,27.8556,14.4772,2.8417,0.0,False,False
3,53,1548021558,0,forward,0.5504,28.406,14.4472,2.8339,0.0,False,False
3,54,1548021558,0,forward,0.5499,28.9559,14.4172,2.8166,0.0,False,False
3,55,1548021558,0,forward,0.5499,29.5059,14.3872,2.7861,0.0,False,False
3,56,1548021558,0,forward,0.5499,30.0558,14.3572,2.7453,0.0,False,False
3,57,1548021558,0,forward,0.5499,30.6057,14.3272,2.7428,0.0,False,False
3,58,1548021558,0,forward,0.55,31.1557,14.2972,2.5523,0.0,False,False
3,59,1548021558,0,forward,0.5505,31.7062,14.2672,1.6609,0.0,False,False
3,60,1548021558,0,forward,0.4895,32.1957,14.2402,1.033,0.0,False,False
3,61,1904234423,4,forward_right,0.488,32.6837,14.2133,1.2301,0.0,False,False
3,62,1548021558,0,forward,0.4591,33.1427,14.1879,1.4416,0.0,False,False
3,63,1548021558,0,forward,0.5497,33.6924,14.1579,1.9003,0.0,False,False
3,64,1548021558,0,forward,0.5499,34.2423,14.1279,2.3252,0.0,False,False
3,65,1548021558,0,forward,0.55,34.7922,14.0979,2.4392,0.0,False,False
3,66,1548021558,0,forward,0.55,35.3423,14.0679,2.1975,0.0,False,False
3,67,1548021558,0,forward,0.6704,36.0127,14.0319,1.7396,0.0,False,False
3,68,1548021558,0,forward,0.4309,36.4435,14.0078,1.2662,0.0,False,False
3,69,1548021558,0,forward,0.4977,36.9413,13.9804,0.9687,0.0,False,False
3,70,964610217,0,forward,0.549,37.4903,13.9505,1.3622,0.0,False,False
3,71,1548021558,0,forward,0.5496,38.0399,13.9205,1.8275,0.0,False,False
3,72,1548021558,0,forward,0.5498,38.5897,13.8905,2.2021,0.0,False,False
3,73,1548021558,0,forward,0.55,39.1397,13.8605,2.2657,0.0,False,False
3,74,1548021558,0,forward,0.5501,39.6898,13.8305,1.9897,0.0,False,False
3,75,1548021558,0,forward,0.5504,40.2402,13.8005,1.585,0.0,False,False
3,76,1548021558,0,forward,0.5301,40.7703,13.7715,1.1377,0.0,False,False
3,77,1548021558,0,forward,0.5166,41.287,13.7432,1.076,0.0,False,False
3,78,1904234423,4,forward_right,0.4524,41.7394,13.718,1.4921,0.0,False,False
3,79,1548021558,0,forward,0.4593,42.1988,13.6926,1.4141,0.0,False,False
3,80,1548021558,0,forward,0.5497,42.7484,13.6626,1.4658,0.0,False,False
3,81,1548021558,0,forward,0.55,43.2984,13.6326,1.3406,0.0,False,False
3,82,1548021558,0,forward,0.5247,43.8232,13.6039,1.0717,0.0,False,False
3,83,1904234423,4,forward_right,0.4491,44.2723,13.5789,1.061,0.0,False,False
3,84,1904234423,4,forward_right,0.3528,44.6251,13.5588,1.0141,0.0,False,False
3,85,964610217,0,forward,0.4919,45.117,13.5317,1.1076,0.0,False,False
3,86,1548021558,0,forward,0.5472,45.6642,13.5018,1.7365,0.0,False,False
3,87,1548021558,0,forward,0.5476,46.2118,13.4719,2.257,0.0,False,False
3,88,1548021558,0,forward,0.5478,46.7595,13.442,2.2539,0.0,False,False
3,89,1548021558,0,forward,0.5478,47.3073,13.4121,2.2355,0.0,False,False
3,90,1548021558,0,forward,0.5478,47.8552,13.3823,2.2398,0.0,False,False
3,91,1548021558,0,forward,0.5478,48.403,13.3524,2.2287,0.0,False,False
3,92,1548021558,0,forward,0.5478,48.9509,13.3225,2.2097,0.0,False,False
3,93,1548021558,0,forward,0.5478,49.4987,13.2926,2.1969,0.0,False,False
3,94,1548021558,0,forward,0.5478,50.0465,13.2627,2.1843,0.0,False,False
3,95,1548021558,0,forward,0.5479,50.5944,13.2328,2.172,0.0,False,False
3,96,1548021558,0,forward,0.5483,51.1427,13.2029,1.6919,0.0,False,False
3,97,1548021558,0,forward,0.5027,51.6454,13.1752,1.0802,0.0,False,False
3,98,1904234423,4,forward_right,0.4559,52.1013,13.1499,1.1464,0.0,False,False
3,99,1548021558,0,forward,0.4561,52.5574,13.1246,1.652,0.0,False,False
3,100,1548021558,0,forward,0.5461,53.1035,13.0948,2.1315,0.0,False,False
3,101,1548021558,0,forward,0.5463,53.6499,13.065,2.1233,0.0,False,False
3,102,1548021558,0,forward,0.5384,54.1882,13.0356,2.128,0.0,False,False
3,103,1548021558,0,forward,0.5463,54.7346,13.0058,2.1202,0.0,False,False
3,104,1548021558,0,forward,0.5463,55.2809,12.976,2.1053,0.0,False,False
3,105,1548021558,0,forward,0.5463,55.8271,12.9462,2.114,0.0,False,False
3,106,1548021558,0,forward,0.5462,56.3734,12.9163,2.0968,0.0,False,False
3,107,1548021558,0,forward,0.5463,56.9197,12.8865,2.0879,0.0,False,False
3,108,1548021558,0,forward,0.5466,57.4663,12.8567,1.8062,0.0,False,False
3,109,1548021558,0,forward,0.5145,57.9808,12.8285,1.1591,0.0,False,False
3,110,1548021558,0,forward,0.5027,58.4835,12.8008,1.1849,0.0,False,False
3,111,1548021558,0,forward,0.5455,59.0291,12.7711,2.0181,0.0,False,False
3,112,1548021558,0,forward,0.5461,59.5752,12.7413,1.9912,0.0,False,False
3,113,1548021558,0,forward,0.5292,60.1043,12.7123,1.9665,0.0,False,False
3,114,1548021558,0,forward,0.5462,60.6505,12.6825,1.9393,0.0,False,False
3,115,1548021558,0,forward,0.5461,61.1966,12.6527,1.9131,0.0,False,False
3,116,1548021558,0,forward,0.5461,61.7427,12.6229,1.8751,0.0,False,False
3,117,1548021558,0,forward,0.546,62.2887,12.5931,1.8512,0.0,False,False
3,118,1548021558,0,forward,0.5461,62.8348,12.5633,1.8144,0.0,False,False
3,119,1548021558,0,forward,0.5462,63.381,12.5335,1.7871,0.0,False,False
3,120,1548021558,0,forward,0.5469,63.9279,12.5036,1.3127,0.0,False,False
3,121,1548021558,0,forward,0.4707,64.3986,12.4776,0.9576,0.0,False,False
3,122,964610217,0,forward,0.5447,64.9433,12.4478,1.6643,0.0,False,False
3,123,1548021558,0,forward,0.5457,65.489,12.4181,1.6824,0.0,False,False
3,124,1548021558,0,forward,0.5293,66.0183,12.3891,1.6577,0.0,False,False
3,125,1548021558,0,forward,0.5461,66.5644,12.3593,1.6246,0.0,False,False
3,126,1548021558,0,forward,0.5459,67.1103,12.3295,1.6014,0.0,False,False
3,127,1548021558,0,forward,0.5459,67.6562,12.2997,1.561,0.0,False,False
3,128,1548021558,0,forward,0.5458,68.202,12.2699,1.5527,0.0,False,False
3,129,1548021558,0,forward,0.5458,68.7479,12.2401,1.4925,0.0,False,False
3,130,1548021558,0,forward,0.5459,69.2938,12.2103,1.4664,0.0,False,False
3,131,1548021558,0,forward,0.5463,69.8401,12.1805,1.4375,0.0,False,False
3,132,1548021558,0,forward,0.4762,70.3163,12.1542,1.0012,0.0,False,False
3,133,964610217,0,forward,0.541,70.8572,12.1246,1.3358,0.0,False,False
3,134,1548021558,0,forward,0.5453,71.4025,12.0949,1.3535,0.0,False,False
3,135,1548021558,0,forward,0.5384,71.9409,12.0655,1.3403,0.0,False,False
3,136,1548021558,0,forward,0.5277,72.4686,12.0366,1.3075,0.0,False,False
3,137,1548021558,0,forward,0.5457,73.0144,12.0068,1.2897,0.0,False,False
3,138,1548021558,0,forward,0.5457,73.5601,11.977,1.261,0.0,False,False
3,139,1548021558,0,forward,0.5456,74.1057,11.9472,1.2453,0.0,False,False
3,140,1548021558,0,forward,0.5456,74.6513,11.9174,1.2051,0.0,False,False
3,141,1548021558,0,forward,0.5456,75.1969,11.8877,1.1772,0.0,False,False
3,142,1548021558,0,forward,0.5458,75.7427,11.8579,1.1267,0.0,False,False
3,143,1548021558,0,forward,0.5465,76.2892,11.8281,1.106,0.0,False,False
3,144,1548021558,0,forward,0.4691,76.7583,11.8021,0.9644,0.0,False,False
3,145,964610217,0,forward,0.5442,77.3026,11.7724,1.067,0.0,False,False
3,146,1971047854,3,forward_left,0.4701,77.7727,11.7464,1.0313,0.0,False,False
3,147,1971047854,3,forward_left,0.368,78.1407,11.7255,1.025,0.0,False,False
3,148,1971047854,3,forward_left,0.369,78.5097,11.7045,1.01,0.0,False,False
3,149,1971047854,3,forward_left,0.3697,78.8794,11.6835,1.0022,0.0,False,False
3,150,1971047854,3,forward_left,0.37,79.2494,11.6625,0.9868,0.0,False,False
3,151,1971047854,3,forward_left,0.3698,79.6193,11.6415,0.975,0.0,False,False
3,152,1971047854,3,forward_left,0.3693,79.9885,11.6206,0.9574,0.0,False,False
3,153,1971047854,3,forward_left,0.3683,80.3568,11.5997,0.9473,0.0,False,False
3,154,1971047854,3,forward_left,0.3671,80.724,11.5788,0.932,0.0,False,False
3,155,1971047854,3,forward_left,0.366,81.0899,11.558,0.9168,0.0,False,False
3,156,851696946,3,forward_left,0.3454,81.4354,11.5382,0.903,0.0,False,False
3,157,555146084,3,forward_left,0.2704,81.7058,11.5222,0.8937,0.0,False,False
3,158,851696946,3,forward_left,0.3578,82.0636,11.5018,0.9108,0.0,False,False
3,159,851696946,3,forward_left,0.3128,82.3764,11.4837,0.9194,0.0,False,False
3,160,851696946,3,forward_left,0.351,82.7274,11.4636,0.9094,0.0,False,False
3,161,851696946,3,forward_left,0.3442,83.0716,11.4439,0.9077,0.0,False,False
3,162,909969137,0,forward,0.4633,83.5349,11.4183,0.9017,0.0,False,False
3,163,909969137,0,forward,0.5077,84.0426,11.3904,0.8911,0.0,False,False
3,164,909969137,0,forward,0.507,84.5497,11.3625,0.8795,0.0,False,False
3,165,909969137,0,forward,0.507,85.0567,11.3347,0.8818,0.0,False,False
3,166,909969137,0,forward,0.5068,85.5635,11.3068,0.8677,0.0,False,False
3,167,909969137,0,forward,0.5065,86.0701,11.279,0.8816,0.0,False,False
3,168,909969137,0,forward,0.5063,86.5764,11.2512,0.8739,0.0,False,False
3,169,909969137,0,forward,0.6173,87.1937,11.2178,0.8605,0.0,False,False
3,170,909969137,0,forward,0.3949,87.5886,11.1956,0.8711,0.0,False,False
3,171,909969137,0,forward,0.5067,88.0953,11.1677,0.8695,0.0,False,False
3,172,1803029529,4,forward_right,0.3179,88.4132,11.1494,0.8732,0.0,False,False
3,173,909969137,0,forward,0.3924,88.8056,11.1272,0.8655,0.0,False,False
3,174,909969137,0,forward,0.3634,89.169,11.1066,0.8645,0.0,False,False
3,175,909969137,0,forward,0.5996,89.7686,11.0741,0.8588,0.0,False,False
3,176,909969137,0,forward,0.5101,90.2787,11.0461,0.8512,0.0,False,False
3,177,909969137,0,forward,0.5099,90.7886,11.0181,0.8782,0.0,False,False
3,178,909969137,0,forward,0.5097,91.2983,10.9901,0.8865,0.0,False,False
3,179,909969137,0,forward,0.5095,91.8078,10.9621,0.8937,0.0,False,False
3,180,909969137,0,forward,0.5093,92.3171,10.9342,0.9001,0.0,False,False
3,181,909969137,0,forward,0.5094,92.8264,10.9062,0.9159,0.0,False,False
3,182,909969137,0,forward,0.4844,93.3109,10.8795,0.9384,0.0,False,False
3,183,555146084,3,forward_left,0.2872,93.598,10.8626,0.9317,0.0,False,False
3,184,909969137,0,forward,0.4183,94.0163,10.8392,0.9284,0.0,False,False
3,185,909969137,0,forward,0.3803,94.3966,10.8177,0.9346,0.0,False,False
3,186,909969137,0,forward,0.5036,94.9002,10.79,0.9566,0.0,False,False
3,187,909969137,0,forward,0.5029,95.4031,10.7624,0.9717,0.0,False,False
3,188,909969137,0,forward,0.5026,95.9057,10.7347,0.9718,0.0,False,False
3,189,909969137,0,forward,0.5023,96.408,10.7071,0.988,0.0,False,False
3,190,909969137,0,forward,0.5021,96.9101,10.6795,1.014,0.0,False,False
3,191,909969137,0,forward,0.5022,97.4123,10.6519,1.0168,0.0,False,False
3,192,909969137,0,forward,0.4666,97.8789,10.6261,0.9339,0.0,False,False
3,193,555146084,3,forward_left,0.3299,98.2087,10.6071,1.0478,0.0,False,False
3,194,909969137,0,forward,0.4204,98.6291,10.5836,1.0433,0.0,False,False
3,195,909969137,0,forward,0.4404,99.0696,10.559,1.0621,0.0,False,False
3,196,909969137,0,forward,0.4953,99.5648,10.5318,1.0773,0.0,False,False
3,197,909969137,0,forward,0.4949,100.0597,10.5045,1.0927,0.0,False,False
3,198,909969137,0,forward,0.4945,100.5542,10.4773,1.1046,0.0,False,False
3,199,1548021558,0,forward,0.4942,101.0484,10.4501,1.096,0.0,False,False
3,200,909969137,0,forward,0.4939,101.5423,10.4229,1.1285,0.0,False,False
3,201,909280383,2,turn_right,0.3963,101.9386,10.3981,1.1494,0.0,False,False
3,202,909280383,2,turn_right,0.2691,102.2077,10.3796,1.1494,0.0,False,False
3,203,909280383,2,turn_right,-0.0035,102.2042,10.3748,1.1543,0.0,False,False
3,204,1548021558,0,forward,0.1062,102.3104,10.367,1.1543,0.0,False,False
3,205,1548021558,0,forward,0.2411,102.5515,10.3524,1.1331,0.0,False,False
3,206,1548021558,0,forward,0.45,103.0015,10.3274,1.1521,0.0,False,False
3,207,1548021558,0,forward,0.5033,103.5048,10.2998,1.1494,0.0,False,False
3,208,1548021558,0,forward,0.5027,104.0075,10.2721,1.1733,0.0,False,False
3,209,1548021558,0,forward,0.5024,104.5099,10.2445,1.1854,0.0,False,False
3,210,1548021558,0,forward,0.5021,105.012,10.2169,1.1842,0.0,False,False
3,211,1548021558,0,forward,0.5018,105.5138,10.1893,1.2044,0.0,False,False
3,212,1548021558,0,forward,0.5015,106.0153,10.1617,1.2141,0.0,False,False
3,213,1548021558,0,forward,0.5014,106.5167,10.1342,1.2332,0.0,False,False
3,214,1548021558,0,forward,0.5016,107.0183,10.1066,1.2328,0.0,False,False
3,215,1548021558,0,forward,0.3605,107.3788,10.0861,0.9962,0.0,False,False
3,216,964610217,0,forward,0.4862,107.865,10.0593,1.2662,0.0,False,False
3,217,1548021558,0,forward,0.4623,108.3273,10.0336,1.2662,0.0,False,False
3,218,1548021558,0,forward,0.4749,108.8022,10.0074,1.2666,0.0,False,False
3,219,1548021558,0,forward,0.4994,109.3016,9.9799,1.2698,0.0,False,False
3,220,1548021558,0,forward,0.4991,109.8006,9.9525,1.2698,0.0,False,False
3,221,1548021558,0,forward,0.389,110.1897,9.9305,1.287,0.0,False,False
3,222,1548021558,0,forward,0.6082,110.7978,9.8976,1.3201,0.0,False,False
3,223,1548021558,0,forward,0.4982,111.296,9.8702,1.3401,0.0,False,False
3,224,1548021558,0,forward,0.4981,111.7942,9.8428,1.3445,0.0,False,False
3,225,1548021558,0,forward,0.4987,112.2929,9.8154,1.3445,0.0,False,False
3,226,1548021558,0,forward,0.3424,112.6352,9.7957,1.3722,0.0,False,False
3,227,1548021558,0,forward,0.4956,113.1308,9.7685,1.3722,0.0,False,False
3,228,1548021558,0,forward,0.4394,113.5702,9.744,1.3707,0.0,False,False
3,229,1548021558,0,forward,0.4962,114.0664,9.7167,1.3773,0.0,False,False
3,230,1548021558,0,forward,0.4958,114.5622,9.6894,1.384,0.0,False,False
3,231,1548021558,0,forward,0.4955,115.0577,9.6621,1.4032,0.0,False,False
3,232,1548021558,0,forward,0.4951,115.5528,9.6349,1.409,0.0,False,False
3,233,1548021558,0,forward,0.4949,116.0476,9.6076,1.4176,0.0,False,False
3,234,1548021558,0,forward,0.4948,116.5425,9.5804,1.4303,0.0,False,False
3,235,1548021558,0,forward,0.4589,117.0014,9.5549,1.3327,0.0,False,False
3,236,1548021558,0,forward,0.35,117.3514,9.5349,0.9342,0.0,False,False
3,237,2113935175,4,forward_right,0.3573,117.7088,9.5146,1.4641,0.0,False,False
3,238,1548021558,0,forward,0.4495,118.1583,9.4896,1.4664,0.0,False,False
3,239,1548021558,0,forward,0.4979,118.6562,9.4622,1.4681,0.0,False,False
3,240,1548021558,0,forward,0.4975,119.1537,9.4348,1.4859,0.0,False,False
3,241,1548021558,0,forward,0.4972,119.6509,9.4075,1.4859,0.0,False,False
3,242,1548021558,0,forward,0.4969,120.1478,9.3801,1.4955,0.0,False,False
3,243,1548021558,0,forward,0.4966,120.6444,9.3528,1.5139,0.0,False,False
3,244,1548021558,0,forward,0.4964,121.1408,9.3255,1.5258,0.0,False,False
3,245,1548021558,0,forward,0.4968,121.6376,9.2981,1.5408,0.0,False,False
3,246,1548021558,0,forward,0.3475,121.9852,9.2783,0.9635,0.0,False,False
3,247,964610217,0,forward,0.602,122.5872,9.2457,1.3716,0.0,False,False
3,248,1548021558,0,forward,0.3411,122.9283,9.2261,1.5409,0.0,False,False
3,249,1548021558,0,forward,0.4944,123.4227,9.1989,1.5716,0.0,False,False
3,250,909280383,2,turn_right,0.3996,123.8223,9.1739,1.5807,0.0,False,False
3,251,909280383,2,turn_right,0.2864,124.1087,9.1546,1.6022,0.0,False,False
3,252,909280383,2,turn_right,0.1467,124.2554,9.1422,1.6105,0.0,False,False
3,253,1548021558,0,forward,0.0748,124.3302,9.136,0.9105,0.0,False,False
3,254,964610217,0,forward,0.3602,124.6903,9.1155,1.5952,0.0,False,False
3,255,1548021558,0,forward,0.3191,125.0095,9.097,1.5988,0.0,False,False
3,256,1548021558,0,forward,0.4971,125.5066,9.0697,1.6087,0.0,False,False
3,257,1548021558,0,forward,0.4966,126.0032,9.0424,1.6266,0.0,False,False
3,258,1548021558,0,forward,0.4963,126.4995,9.015,1.6348,0.0,False,False
3,259,1548021558,0,forward,0.4959,126.9954,8.9877,1.6481,0.0,False,False
3,260,1548021558,0,forward,0.4956,127.491,8.9605,1.6469,0.0,False,False
3,261,1548021558,0,forward,0.4954,127.9864,8.9332,1.6731,0.0,False,False
3,262,1548021558,0,forward,0.4956,128.482,8.9059,1.5674,0.0,False,False
3,263,1548021558,0,forward,0.353,128.835,8.8858,0.9808,0.0,False,False
3,264,964610217,0,forward,0.4924,129.3274,8.8586,1.4254,0.0,False,False
3,265,909280383,2,turn_right,0.3847,129.7121,8.8344,1.6858,0.0,False,False
3,266,909280383,2,turn_right,0.3092,130.0214,8.8139,1.6949,0.0,False,False
3,267,909280383,2,turn_right,0.1956,130.2169,8.7992,1.6998,0.0,False,False
3,268,1548021558,0,forward,0.0601,130.277,8.7937,1.7228,0.0,False,False
3,269,1548021558,0,forward,0.241,130.518,8.7791,1.066,0.0,False,False
3,270,1904234423,4,forward_right,0.3765,130.8945,8.7578,1.2497,0.0,False,False
3,271,1548021558,0,forward,0.4131,131.3076,8.7346,1.7118,0.0,False,False
3,272,1548021558,0,forward,0.4552,131.7628,8.7094,1.7092,0.0,False,False
3,273,1548021558,0,forward,0.3986,132.1614,8.6869,1.7283,0.0,False,False
3,274,1548021558,0,forward,0.6216,132.783,8.6534,1.7324,0.0,False,False
3,275,1548021558,0,forward,0.5094,133.2924,8.6254,1.7404,0.0,False,False
3,276,1548021558,0,forward,0.5091,133.8015,8.5974,1.7463,0.0,False,False
3,277,1548021558,0,forward,0.5089,134.3104,8.5695,1.7598,0.0,False,False
3,278,1548021558,0,forward,0.7329,135.0433,8.5303,1.0988,0.0,False,False
3,279,1904234423,4,forward_right,0.1895,135.2328,8.5184,1.0988,0.0,False,False
3,280,1904234423,4,forward_right,0.3772,135.61,8.497,1.2323,0.0,False,False
3,281,1548021558,0,forward,0.463,136.073,8.4714,1.8334,0.0,False,False
3,282,1548021558,0,forward,0.4793,136.5523,8.4449,1.8186,0.0,False,False
3,283,1548021558,0,forward,0.5144,137.0667,8.4167,1.7991,0.0,False,False
3,284,1548021558,0,forward,0.514,137.5807,8.3885,1.7571,0.0,False,False
3,285,1548021558,0,forward,0.5137,138.0945,8.3603,1.7282,0.0,False,False
3,286,1548021558,0,forward,0.5134,138.6079,8.3321,1.6907,0.0,False,False
3,287,1548021558,0,forward,0.5132,139.1211,8.304,1.6622,0.0,False,False
3,288,1548021558,0,forward,0.513,139.6341,8.2758,1.6245,0.0,False,False
3,289,1548021558,0,forward,0.5132,140.1474,8.2476,1.6027,0.0,False,False
3,290,1548021558,0,forward,0.4185,140.5659,8.2242,1.0942,0.0,False,False
3,291,1904234423,4,forward_right,0.4523,141.0182,8.1991,1.244,0.0,False,False
3,292,1548021558,0,forward,0.43,141.4482,8.1751,1.5184,0.0,False,False
3,293,1548021558,0,forward,0.4777,141.9259,8.1487,1.5054,0.0,False,False
3,294,1548021558,0,forward,0.5165,142.4424,8.1204,1.4782,0.0,False,False
3,295,1548021558,0,forward,0.5159,142.9584,8.0921,1.4346,0.0,False,False
3,296,1548021558,0,forward,0.5157,143.474,8.0638,1.4021,0.0,False,False
3,297,1548021558,0,forward,0.5154,143.9895,8.0355,1.383,0.0,False,False
3,298,1548021558,0,forward,0.5153,144.5047,8.0073,1.3499,0.0,False,False
3,299,1548021558,0,forward,0.5154,145.0201,7.979,1.3058,0.0,False,False
3,300,926291406,4,forward_right,0.3651,145.3852,7.9582,1.1259,0.0,False,False
3,301,926291406,4,forward_right,0.3232,145.7084,7.9396,1.1757,0.0,False,False
3,302,926291406,4,forward_right,0.35,146.0584,7.9196,1.2508,0.0,False,False
3,303,926291406,4,forward_right,0.3336,146.3921,7.9004,1.2379,0.0,False,False
3,304,926291406,4,forward_right,0.3586,146.7507,7.88,1.219,0.0,False,False
3,305,926291406,4,forward_right,0.3612,147.1119,7.8594,1.1966,0.0,False,False
3,306,926291406,4,forward_right,0.3636,147.4755,7.8387,1.1684,0.0,False,False
3,307,926291406,4,forward_right,0.3656,147.8411,7.818,1.1394,0.0,False,False
3,308,926291406,4,forward_right,0.3672,148.2083,7.7971,1.1204,0.0,False,False
3,309,926291406,4,forward_right,0.3686,148.5769,7.7762,1.0997,0.0,False,False
3,310,1166997565,3,forward_left,0.3892,148.9661,7.7542,1.0726,0.0,False,False
3,311,1166997565,3,forward_left,0.3069,149.2729,7.7364,0.9576,0.0,False,False
3,312,1309443777,2,turn_right,0.3511,149.624,7.7138,1.0296,0.0,False,False
3,313,1937774032,3,forward_left,0.3489,149.9729,7.6939,1.0214,0.0,False,False
3,314,1937774032,3,forward_left,0.367,150.3399,7.673,0.9921,0.0,False,False
3,315,1937774032,3,forward_left,0.3634,150.7033,7.6523,0.9872,0.0,False,False
3,316,1937774032,3,forward_left,0.3629,151.0662,7.6317,0.958,0.0,False,False
3,317,1937774032,3,forward_left,0.36,151.4262,7.6112,0.9481,0.0,False,False
3,318,1937774032,3,forward_left,0.3569,151.7831,7.5909,0.9256,0.0,False,False
3,319,1937774032,3,forward_left,0.3535,152.1366,7.5707,0.8916,0.0,False,False
3,320,1937774032,3,forward_left,0.3498,152.4864,7.5507,0.8696,0.0,False,False
3,321,1309443777,2,turn_right,0.1734,152.6598,7.537,0.8513,0.0,False,False
3,322,1309443777,2,turn_right,-0.1,152.5598,7.537,0.8186,0.0,False,False
3,323,1309443777,2,turn_right,-0.1,152.4598,7.5376,0.8254,0.0,False,False
3,324,1937774032,3,forward_left,0.2393,152.6991,7.5232,0.8244,0.0,False,False
3,325,1937774032,3,forward_left,0.3591,153.0582,7.5027,0.8136,0.0,False,False
3,326,1937774032,3,forward_left,0.3556,153.4138,7.4824,0.8075,0.0,False,False
3,327,1937774032,3,forward_left,0.3457,153.7595,7.4627,0.7912,0.0,False,False
3,328,1309443777,2,turn_right,0.0905,153.85,7.4531,0.7843,0.0,False,False
3,329,1309443777,2,turn_right,-0.1,153.75,7.4535,0.7561,0.0,False,False
3,330,1309443777,2,turn_right,-0.1,153.65,7.4532,0.735,0.0,False,False
3,331,1309443777,2,turn_right,-0.1,153.55,7.4535,0.7383,0.0,False,False
3,332,1937774032,3,forward_left,0.0637,153.6138,7.4479,0.7384,0.0,False,False
3,333,1937774032,3,forward_left,0.454,154.0678,7.4227,0.7308,0.0,False,False
3,334,1937774032,3,forward_left,0.3619,154.4297,7.4021,0.7208,0.0,False,False
3,335,1937774032,3,forward_left,0.3561,154.7858,7.3818,0.703,0.0,False,False
3,336,1937774032,3,forward_left,0.3627,155.1485,7.3611,0.6836,0.0,False,False
3,337,1937774032,3,forward_left,0.36,155.5085,7.3406,0.6588,0.0,False,False
3,338,1937774032,3,forward_left,0.357,155.8654,7.3203,0.6413,0.0,False,False
3,339,1309443777,2,turn_right,0.1715,156.0369,7.3067,0.6065,0.0,False,False
3,340,1309443777,2,turn_right,-1.6,154.4369,7.3062,0.5951,0.0,False,False
3,341,1309443777,2,turn_right,-1.6,152.8369,7.3064,0.588,0.0,False,False
3,342,1309443777,2,turn_right,-1.6,151.2369,7.3061,0.5824,0.0,False,False
3,343,1937774032,3,forward_left,-1.3409,149.896,7.2956,0.5856,0.0,False,False
3,344,1309443777,2,turn_right,-1.4001,148.4959,7.2856,0.574,0.0,False,False
3,345,1937774032,3,forward_left,-1.2641,147.2318,7.2713,0.5657,0.0,False,False
3,346,1309443777,2,turn_right,-1.3154,145.9164,7.2571,0.5456,0.0,False,False
3,347,101706613,1,turn_left,-1.5069,144.4094,7.2525,0.5366,0.0,False,False
3,348,101706613,1,turn_left,-1.3246,143.0848,7.2387,0.5266,0.0,False,False
3,349,800498958,2,turn_right,-1.3993,141.6856,7.2287,0.5115,0.0,False,False
3,350,1092683537,2,turn_right,-1.4325,140.2531,7.2203,0.5064,0.0,False,False
3,351,1092683537,2,turn_right,-1.6,138.6531,7.2194,0.5016,0.0,False,False
3,352,1220008555,0,forward,-1.3522,137.3009,7.2095,0.4944,0.0,False,False
3,353,2018924930,2,turn_right,-1.2877,136.0132,7.1939,0.4943,0.0,False,False
3,354,2018924930,2,turn_right,-1.4599,134.5533,7.1869,0.4897,0.0,False,False
3,355,2018924930,2,turn_right,-1.6,132.9533,7.1867,0.4883,0.0,False,False
3,356,2018924930,2,turn_right,-1.6,131.3533,7.1856,0.4864,0.0,False,False
3,357,1220008555,0,forward,0.1355,131.4888,7.1764,0.4805,0.0,False,False
3,358,226828618,4,forward_right,0.3059,131.7947,7.1586,0.484,0.0,False,False
3,359,326162201,4,forward_right,0.3422,132.1369,7.139,0.477,0.0,False,False
3,360,326162201,4,forward_right,0.3363,132.4732,7.1196,0.4659,0.0,False,False
3,361,2046112992,2,turn_right,0.219,132.6922,7.1037,0.4543,0.0,False,False
3,362,1212430525,4,forward_right,0.2391,132.9314,7.0892,0.4456,0.0,False,False
3,363,1212430525,4,forward_right,0.3224,133.2538,7.0706,0.4276,0.0,False,False
3,364,1212430525,4,forward_right,0.3164,133.5701,7.0523,0.4213,0.0,False,False
3,365,1212430525,4,forward_right,0.3103,133.8804,7.0343,0.3893,0.0,False,False
3,366,1212430525,4,forward_right,0.3048,134.1852,7.0166,0.398,0.0,False,False
3,367,1212430525,4,forward_right,0.2197,134.4049,7.0031,0.3883,0.0,False,False
3,368,1372204316,3,forward_left,0.2548,134.6598,6.9878,0.3891,0.0,False,False
3,369,1212430525,4,forward_right,0.1421,134.8018,6.9782,0.3955,0.0,False,False
3,370,1212430525,4,forward_right,0.266,135.0678,6.9624,0.3881,0.0,False,False
3,371,1212430525,4,forward_right,0.2749,135.3427,6.9462,0.3689,0.0,False,False
3,372,124275310,2,turn_right,0.1727,135.5154,6.9325,0.3879,0.0,False,False
3,373,124275310,2,turn_right,0.0442,135.5595,6.9253,0.3766,0.0,False,False
3,374,124275310,2,turn_right,-0.1,135.4595,6.9247,0.3917,0.0,False,False
3,375,1940035026,2,turn_right,-0.1,135.3595,6.9239,0.3774,0.0,False,False
3,376,1688873553,0,forward,0.0693,135.4289,6.9179,0.4127,0.0,False,False
3,377,1940035026,2,turn_right,0.0654,135.4943,6.9096,0.4014,0.0,False,False
3,378,1940035026,2,turn_right,-0.1,135.3943,6.908,0.4211,0.0,False,False
3,379,1940035026,2,turn_right,-0.1,135.2943,6.9077,0.4312,0.0,False,False
3,380,1940035026,2,turn_right,-0.1,135.1943,6.9071,0.4495,0.0,False,False
3,381,1940035026,2,turn_right,-0.1,135.0943,6.9064,0.5329,0.0,False,False
3,382,1940035026,2,turn_right,-0.0539,135.0404,6.9041,0.6383,0.0,False,False
3,383,57431672,0,forward,0.0191,135.0594,6.9006,0.696,0.0,False,False
3,384,1440968876,0,forward,0.0434,135.1028,6.8959,0.7563,0.0,False,False
3,385,1440968876,0,forward,0.063,135.1658,6.8903,0.8439,0.0,False,False
3,386,1440968876,0,forward,0.075,135.2408,6.884,0.8688,0.0,False,False
3,387,1440968876,0,forward,0.0769,135.3177,6.8777,0.9718,0.0,False,False
3,388,1440968876,0,forward,0.0743,135.392,6.8715,1.0494,0.0,False,False
3,389,1440968876,0,forward,0.0718,135.4638,6.8654,1.1691,0.0,False,False
3,390,828879,1,turn_left,0.008,135.4718,6.86,1.2673,0.0,False,False
3,391,828879,1,turn_left,-0.0557,135.4161,6.8578,1.4721,0.0,False,False
3,392,828879,1,turn_left,-0.1,135.3161,6.8594,0.9301,0.0,False,False
3,393,1406925816,4,forward_right,0.0186,135.3347,6.856,1.2385,0.0,False,False
3,394,828879,1,turn_left,-0.0432,135.2915,6.8532,1.2955,0.0,False,False
3,395,828879,1,turn_left,-0.1,135.1915,6.8532,1.1083,0.0,False,False
3,396,828879,1,turn_left,-0.1,135.0915,6.8532,0.94,0.0,False,False
3,397,1440968876,0,forward,0.0251,135.1165,6.8495,0.8511,0.0,False,False
3,398,1440968876,0,forward,0.1591,135.2756,6.839,0.9391,0.0,False,False
3,399,1440968876,0,forward,0.1765,135.4521,6.8277,0.992,0.0,False,False
3,400,1440968876,0,forward,0.1742,135.6263,6.8165,1.0445,0.0,False,False
3,401,1440968876,0,forward,0.1719,135.7983,6.8054,1.1078,0.0,False,False
3,402,828879,1,turn_left,0.0859,135.8842,6.7961,1.1675,0.0,False,False
3,403,828879,1,turn_left,-0.0431,135.8412,6.7932,1.2577,0.0,False,False
3,404,828879,1,turn_left,-0.1,135.7412,6.7915,1.0461,0.0,False,False
3,405,587486767,5,stop,0.0393,135.7804,6.787,1.1787,0.0,False,False
3,406,828879,1,turn_left,-0.0283,135.7521,6.7834,1.2118,0.0,False,False
3,407,828879,1,turn_left,-0.1,135.6521,6.7826,1.1687,0.0,False,False
3,408,828879,1,turn_left,-0.1,135.5521,6.783,1.0647,0.0,False,False
3,409,1440968876,0,forward,0.0626,135.6147,6.7774,1.0437,0.0,False,False
3,410,1440968876,0,forward,0.159,135.7737,6.7669,1.0691,0.0,False,False
3,411,1440968876,0,forward,0.2235,135.9972,6.7532,1.0967,0.0,False,False
3,412,1440968876,0,forward,0.2504,136.2476,6.7382,1.1162,0.0,False,False
3,413,828879,1,turn_left,0.1753,136.4229,6.7244,1.0584,0.0,False,False
3,414,587486767,5,stop,0.0444,136.4673,6.7197,1.1209,0.0,False,False
3,415,828879,1,turn_left,0.0494,136.5167,6.7123,1.1423,0.0,False,False
3,416,828879,1,turn_left,-0.1,136.4167,6.7123,1.093,0.0,False,False
3,417,1440968876,0,forward,0.0087,136.4254,6.7094,1.0171,0.0,False,False
3,418,1440968876,0,forward,0.1528,136.5782,6.6992,1.0078,0.0,False,False
3,419,1440968876,0,forward,0.2533,136.8315,6.6841,1.0199,0.0,False,False
3,420,1440968876,0,forward,0.3133,137.1448,6.6659,1.0567,0.0,False,False
3,421,1440968876,0,forward,0.3151,137.46,6.6477,1.089,0.0,False,False
3,422,1440968876,0,forward,0.3134,137.7734,6.6295,1.1196,0.0,False,False
3,423,828879,1,turn_left,0.219,137.9924,6.6135,1.1525,0.0,False,False
3,424,828879,1,turn_left,0.1409,138.1333,6.6015,1.175,0.0,False,False
3,425,828879,1,turn_left,0.0411,138.1744,6.5944,1.1117,0.0,False,False
3,426,828879,1,turn_left,-0.1,138.0744,6.595,1.0773,0.0,False,False
3,427,587486767,5,stop,0.0245,138.0989,6.5913,1.1271,0.0,False,False
3,428,828879,1,turn_left,0.0012,138.1001,6.5862,1.1161,0.0,False,False
3,429,828879,1,turn_left,-0.1,138.0001,6.5842,1.0704,0.0,False,False
3,430,1440968876,0,forward,0.0277,138.0278,6.5803,1.0333,0.0,False,False
3,431,1440968876,0,forward,0.1761,138.2038,6.569,1.0149,0.0,False,False
3,432,1440968876,0,forward,0.2792,138.483,6.5526,0.9905,0.0,False,False
3,433,1440968876,0,forward,0.4183,138.9013,6.5292,1.0178,0.0,False,False
3,434,1440968876,0,forward,0.3284,139.2297,6.5102,1.054,0.0,False,False
3,435,1440968876,0,forward,0.5163,139.746,6.4819,1.0517,0.0,False,False
3,436,1440968876,0,forward,0.4207,140.1667,6.4584,1.0959,0.0,False,False
3,437,1440968876,0,forward,0.4196,140.5863,6.4349,1.1221,0.0,False,False
3,438,828879,1,turn_left,0.2908,140.8771,6.4154,1.139,0.0,False,False
3,439,828879,1,turn_left,0.1118,140.9889,6.4048,0.9521,0.0,False,False
3,440,1406925816,4,forward_right,0.0731,141.062,6.3986,1.1321,0.0,False,False
3,441,828879,1,turn_left,0.0602,141.1222,6.3906,1.0922,0.0,False,False
3,442,1440968876,0,forward,0.0903,141.2125,6.3836,1.0891,0.0,False,False
3,443,1440968876,0,forward,0.2894,141.5019,6.3666,1.0973,0.0,False,False
3,444,1440968876,0,forward,0.4018,141.9037,6.344,1.0773,0.0,False,False
3,445,1440968876,0,forward,0.4649,142.3686,6.3183,1.1251,0.0,False,False
3,446,828879,1,turn_left,0.3366,142.7052,6.2965,1.1344,0.0,False,False
3,447,828879,1,turn_left,0.2219,142.9271,6.2804,1.1382,0.0,False,False
3,448,828879,1,turn_left,0.0933,143.0204,6.2707,1.0028,0.0,False,False
3,449,1406925816,4,forward_right,0.144,143.1644,6.261,1.158,0.0,False,False
3,450,828879,1,turn_left,0.1064,143.2708,6.2507,1.158,0.0,False,False
3,451,828879,1,turn_left,-0.1,143.1708,6.2508,1.1039,0.0,False,False
3,452,926291406,4,forward_right,0.0842,143.255,6.2441,1.1039,0.0,False,False
3,453,926291406,4,forward_right,0.3339,143.5889,6.2249,1.1026,0.0,False,False
3,454,828879,1,turn_left,0.113,143.7019,6.2142,1.1267,0.0,False,False
3,455,926291406,4,forward_right,0.289,143.9908,6.1973,1.1197,0.0,False,False
3,456,926291406,4,forward_right,0.3314,144.3222,6.1782,1.149,0.0,False,False
3,457,828879,1,turn_left,0.0346,144.3568,6.1715,0.9332,0.0,False,False
3,458,1406925816,4,forward_right,0.1386,144.4954,6.162,1.1707,0.0,False,False
3,459,828879,1,turn_left,0.1779,144.6733,6.1481,1.1707,0.0,False,False
3,460,828879,1,turn_left,-0.1,144.5733,6.1482,1.1768,0.0,False,False
3,461,926291406,4,forward_right,0.036,144.6093,6.1439,1.1043,0.0,False,False
3,462,926291406,4,forward_right,0.3405,144.9498,6.1244,1.1335,0.0,False,False
3,463,926291406,4,forward_right,0.3413,145.291,6.1048,1.1383,0.0,False,False
3,464,926291406,4,forward_right,0.3361,145.6271,6.0855,1.1676,0.0,False,False
3,465,926291406,4,forward_right,0.3306,145.9577,6.0665,1.1808,0.0,False,False
3,466,828879,1,turn_left,0.0343,145.992,6.0598,1.199,0.0,False,False
3,467,926291406,4,forward_right,0.0928,146.0849,6.0527,0.9561,0.0,False,False
3,468,1309443777,2,turn_right,0.1439,146.2288,6.0405,1.1946,0.0,False,False
3,469,926291406,4,forward_right,0.181,146.4098,6.0289,1.1981,0.0,False,False
3,470,926291406,4,forward_right,0.3008,146.7106,6.0114,1.2167,0.0,False,False
3,471,828879,1,turn_left,0.0585,146.7691,6.0034,1.2032,0.0,False,False
3,472,926291406,4,forward_right,0.2201,146.9891,5.9899,1.2122,0.0,False,False
3,473,926291406,4,forward_right,0.3317,147.3208,5.9709,1.2248,0.0,False,False
3,474,828879,1,turn_left,0.1333,147.4541,5.9592,1.243,0.0,False,False
3,475,828879,1,turn_left,-0.1,147.3541,5.9596,1.0199,0.0,False,False
3,476,1937774032,3,forward_left,0.1147,147.4689,5.9513,1.2228,0.0,False,False
3,477,926291406,4,forward_right,0.2864,147.7553,5.9345,1.2185,0.0,False,False
3,478,926291406,4,forward_right,0.2979,148.0532,5.9171,1.2303,0.0,False,False
3,479,926291406,4,forward_right,0.3277,148.381,5.8982,1.2457,0.0,False,False
3,480,828879,1,turn_left,0.1352,148.5162,5.8865,1.2457,0.0,False,False
3,481,828879,1,turn_left,-0.1,148.4162,5.8867,1.2617,0.0,False,False
3,482,926291406,4,forward_right,0.0308,148.447,5.8826,1.1602,0.0,False,False
3,483,926291406,4,forward_right,0.3311,148.7781,5.8636,1.2449,0.0,False,False
3,484,926291406,4,forward_right,0.2681,149.0462,5.8477,1.2641,0.0,False,False
3,485,926291406,4,forward_right,0.3296,149.3758,5.8287,1.2744,0.0,False,False
3,486,828879,1,turn_left,0.0686,149.4444,5.8203,1.2702,0.0,False,False
3,487,926291406,4,forward_right,0.1441,149.5885,5.8106,1.2857,0.0,False,False
3,488,926291406,4,forward_right,0.3367,149.9252,5.7912,1.1792,0.0,False,False
3,489,828879,1,turn_left,0.0587,149.9839,5.7833,0.9961,0.0,False,False
3,490,1406925816,4,forward_right,0.1382,150.1221,5.7739,1.3085,0.0,False,False
3,491,926291406,4,forward_right,0.3329,150.455,5.7547,1.3093,0.0,False,False
3,492,828879,1,turn_left,0.0693,150.5243,5.7463,1.2908,0.0,False,False
3,493,926291406,4,forward_right,0.14,150.6643,5.7368,1.3064,0.0,False,False
3,494,926291406,4,forward_right,0.3147,150.9789,5.7185,1.329,0.0,False,False
3,495,828879,1,turn_left,0.0704,151.0493,5.71,1.329,0.0,False,False
3,496,926291406,4,forward_right,0.1449,151.1943,5.7003,1.3256,0.0,False,False
3,497,926291406,4,forward_right,0.4163,151.6105,5.677,1.3208,0.0,False,False
3,498,926291406,4,forward_right,0.2248,151.8353,5.6632,1.2468,0.0,False,False
3,499,828879,1,turn_left,-0.0145,151.8208,5.6589,0.9467,0.0,False,False
3,500,1309443777,2,turn_right,0.1101,151.9309,5.6484,1.2091,0.0,False,False
3,501,926291406,4,forward_right,0.1841,152.1151,5.6367,1.3498,0.0,False,False
3,502,828879,1,turn_left,0.0999,152.2149,5.6267,1.3654,0.0,False,False
3,503,828879,1,turn_left,-0.1,152.1149,5.6269,1.3393,0.0,False,False
3,504,926291406,4,forward_right,0.1478,152.2628,5.617,1.3393,0.0,False,False
3,505,926291406,4,forward_right,0.3431,152.6059,5.5974,1.3209,0.0,False,False
3,506,926291406,4,forward_right,0.3376,152.9434,5.578,1.3523,0.0,False,False
3,507,926291406,4,forward_right,0.3317,153.2752,5.5589,1.3686,0.0,False,False
3,508,828879,1,turn_left,0.1346,153.4097,5.5472,1.3719,0.0,False,False
3,509,828879,1,turn_left,-0.1,153.3097,5.5474,1.3814,0.0,False,False
3,510,1309443777,2,turn_right,0.0565,153.3662,5.5396,0.939,0.0,False,False
3,511,926291406,4,forward_right,0.1878,153.554,5.5277,1.371,0.0,False,False
3,512,926291406,4,forward_right,0.2501,153.8041,5.5127,1.3748,0.0,False,False
3,513,926291406,4,forward_right,0.3197,154.1238,5.4942,1.3906,0.0,False,False
3,514,828879,1,turn_left,0.1418,154.2656,5.4822,1.4163,0.0,False,False
3,515,828879,1,turn_left,-0.1,154.1656,5.4824,1.4128,0.0,False,False
3,516,926291406,4,forward_right,0.1644,154.33,5.4717,1.0946,0.0,False,False
3,517,1166997565,3,forward_left,0.3002,154.6301,5.4541,1.1376,0.0,False,False
3,518,926291406,4,forward_right,0.2916,154.9218,5.4371,1.4142,0.0,False,False
3,519,926291406,4,forward_right,0.3258,155.2476,5.4183,1.4119,0.0,False,False
3,520,828879,1,turn_left,0.2221,155.4697,5.4022,1.4154,0.0,False,False
3,521,828879,1,turn_left,-0.1,155.3697,5.4024,1.4286,0.0,False,False
3,522,926291406,4,forward_right,0.2249,155.5945,5.3887,1.2911,0.0,False,False
3,523,926291406,4,forward_right,0.3321,155.9266,5.3696,1.109,0.0,False,False
3,524,926291406,4,forward_right,0.2671,156.1937,5.3537,0.9562,0.0,False,False
3,525,1406925816,4,forward_right,0.3254,156.5192,5.3349,1.4651,0.0,False,False
3,526,828879,1,turn_left,0.14,156.6592,5.3229,1.4848,0.0,False,False
3,527,828879,1,turn_left,-0.1,156.5592,5.323,1.4787,0.0,False,False
3,528,926291406,4,forward_right,0.2227,156.7819,5.3094,1.4399,0.0,False,False
3,529,926291406,4,forward_right,0.2382,157.02,5.295,1.4562,0.0,False,False
3,530,828879,1,turn_left,0.2234,157.2435,5.2788,1.4776,0.0,False,False
3,531,828879,1,turn_left,-0.1,157.1435,5.279,1.4716,0.0,False,False
3,532,926291406,4,forward_right,0.2202,157.3636,5.2655,1.1719,0.0,False,False
3,533,926291406,4,forward_right,0.2987,157.6623,5.248,0.9565,0.0,False,False
3,534,1309443777,2,turn_right,0.232,157.8943,5.2314,1.395,0.0,False,False
3,535,926291406,4,forward_right,0.2066,158.1009,5.2186,1.4979,0.0,False,False
3,536,828879,1,turn_left,0.1202,158.2211,5.2076,1.4245,0.0,False,False
3,537,828879,1,turn_left,-0.1,158.1211,5.2077,0.9618,0.0,False,False
3,538,1309443777,2,turn_right,0.0472,158.1683,5.2003,1.0168,0.0,False,False
3,539,1166997565,3,forward_left,0.2083,158.3766,5.1874,1.3126,0.0,False,False
3,540,926291406,4,forward_right,0.2618,158.6384,5.1718,1.4923,0.0,False,False
3,541,926291406,4,forward_right,0.2985,158.9369,5.1544,1.4872,0.0,False,False
3,542,926291406,4,forward_right,0.3341,159.271,5.1352,1.5102,0.0,False,False
3,543,828879,1,turn_left,0.2215,159.4925,5.1191,1.5229,0.0,False,False
3,544,828879,1,turn_left,-0.1,159.3925,5.1193,1.5247,0.0,False,False
3,545,926291406,4,forward_right,0.172,159.5645,5.1082,0.9455,0.0,False,False
3,546,1309443777,2,turn_right,0.2329,159.7974,5.0916,1.5329,0.0,False,False
3,547,926291406,4,forward_right,0.2429,160.0404,5.0769,1.5386,0.0,False,False
3,548,828879,1,turn_left,0.0685,160.1088,5.0685,1.5399,0.0,False,False
3,549,926291406,4,forward_right,0.2221,160.3309,5.0549,1.5214,0.0,False,False
3,550,926291406,4,forward_right,0.3289,160.6598,5.0359,1.5419,0.0,False,False
3,551,828879,1,turn_left,0.0685,160.7283,5.0275,1.5588,0.0,False,False
3,552,926291406,4,forward_right,0.1439,160.8722,5.0178,1.5502,0.0,False,False
3,553,926291406,4,forward_right,0.3347,161.207,4.9986,1.561,0.0,False,False
3,554,828879,1,turn_left,0.0664,161.2734,4.9903,1.2432,0.0,False,False
3,555,828879,1,turn_left,-0.1,161.1734,4.9908,1.0078,0.0,False,False
3,556,1309443777,2,turn_right,0.0485,161.2219,4.9834,1.0926,0.0,False,False
3,557,1166997565,3,forward_left,0.226,161.448,4.9696,1.4323,0.0,False,False
3,558,926291406,4,forward_right,0.2631,161.7111,4.9539,1.5615,0.0,False,False
3,559,926291406,4,forward_right,0.3397,162.0508,4.9345,1.5576,0.0,False,False
3,560,926291406,4,forward_right,0.3338,162.3846,4.9153,1.5783,0.0,False,False
3,561,828879,1,turn_left,0.062,162.4465,4.9072,1.585,0.0,False,False
3,562,926291406,4,forward_right,0.2222,162.6687,4.8936,1.59,0.0,False,False
3,563,926291406,4,forward_right,0.3326,163.0014,4.8744,1.5875,0.0,False,False
3,564,828879,1,turn_left,0.0598,163.0612,4.8664,1.6082,0.0,False,False
3,565,926291406,4,forward_right,0.144,163.2052,4.8567,1.5044,0.0,False,False
3,566,926291406,4,forward_right,0.2834,163.4886,4.8401,1.0286,0.0,False,False
3,567,867743375,3,forward_left,0.2764,163.765,4.8237,1.2031,0.0,False,False
3,568,828879,1,turn_left,0.2128,163.9779,4.8081,1.6238,0.0,False,False
3,569,926291406,4,forward_right,0.2978,164.2757,4.7907,1.6256,0.0,False,False
3,570,828879,1,turn_left,0.0422,164.3179,4.7836,1.6352,0.0,False,False
3,571,926291406,4,forward_right,0.2056,164.5234,4.7708,1.1879,0.0,False,False
3,572,926291406,4,forward_right,0.288,164.8114,4.7539,1.006,0.0,False,False
3,573,1406925816,4,forward_right,0.3282,165.1396,4.735,1.2873,0.0,False,False
3,574,828879,1,turn_left,0.0311,165.1707,4.7285,1.6501,0.0,False,False
3,575,828879,1,turn_left,-0.1,165.0707,4.7287,1.6408,0.0,False,False
3,576,926291406,4,forward_right,0.2195,165.2903,4.7153,1.1514,0.0,False,False
3,577,926291406,4,forward_right,0.342,165.6322,4.6957,1.2142,0.0,False,False
3,578,926291406,4,forward_right,0.3376,165.9698,4.6763,1.1393,0.0,False,False
3,579,828879,1,turn_left,0.048,166.0178,4.6689,0.9556,0.0,False,False
3,580,1309443777,2,turn_right,0.0496,166.0674,4.6614,0.9689,0.0,False,False
3,581,1309443777,2,turn_right,-0.1,165.9674,4.6606,1.1747,0.0,False,False
3,582,828879,1,turn_left,0.0442,166.0116,4.6534,0.9716,0.0,False,False
3,583,1406925816,4,forward_right,0.2277,166.2393,4.6395,0.9831,0.0,False,False
3,584,1406925816,4,forward_right,0.3146,166.5538,4.6213,1.4314,0.0,False,False
3,585,828879,1,turn_left,0.0323,166.5861,4.6147,2.178,0.0,False,False
3,586,828879,1,turn_left,-0.1,166.4861,4.6149,1.4373,0.0,False,False
3,587,828879,1,turn_left,-0.1,166.3861,4.6152,0.939,0.0,False,False
3,588,1309443777,2,turn_right,0.0117,166.3978,4.6096,1.0942,0.0,False,False
3,589,1166997565,3,forward_left,0.186,166.5838,4.5978,1.4337,0.0,False,False
3,590,926291406,4,forward_right,0.3691,166.9529,4.5768,1.6602,0.0,False,False
3,591,926291406,4,forward_right,0.3599,167.3128,4.5563,1.6515,0.0,False,False
3,592,926291406,4,forward_right,0.2515,167.5643,4.5413,1.6626,0.0,False,False
3,593,926291406,4,forward_right,0.3357,167.9,4.522,1.6909,0.0,False,False
3,594,926291406,4,forward_right,0.3298,168.2298,4.503,1.6902,0.0,False,False
3,595,828879,1,turn_left,0.1437,168.3735,4.4908,3.8948,0.0,False,False
3,596,828879,1,turn_left,-0.1,168.2735,4.491,1.7148,0.0,False,False
3,597,926291406,4,forward_right,0.1248,168.3984,4.4823,1.0062,0.0,False,False
3,598,1309443777,2,turn_right,0.2091,168.6075,4.4668,1.3803,0.0,False,False
3,599,926291406,4,forward_right,0.1872,168.7947,4.455,1.7164,0.0,False,False
3,600,926291406,4,forward_right,0.2931,169.0877,4.4378,2.0098,0.0,False,False
3,601,828879,1,turn_left,0.069,169.1568,4.4294,2.6,0.0,False,False
3,602,926291406,4,forward_right,0.1435,169.3003,4.4197,1.4176,0.0,False,False
3,603,926291406,4,forward_right,0.3376,169.6379,4.4003,1.1792,0.0,False,False
3,604,828879,1,turn_left,0.1183,169.7563,4.3894,0.9981,0.0,False,False
3,605,1406925816,4,forward_right,0.2963,170.0526,4.3721,1.2139,0.0,False,False
3,606,828879,1,turn_left,0.1336,170.1862,4.3604,2.9368,0.0,False,False
3,607,828879,1,turn_left,-0.1,170.0862,4.3605,3.7037,0.0,False,False
3,608,926291406,4,forward_right,0.2278,170.3139,4.3467,2.258,0.0,False,False
3,609,926291406,4,forward_right,0.3284,170.6424,4.3277,3.7858,0.0,False,False
3,610,828879,1,turn_left,0.1415,170.7839,4.3157,3.7943,0.0,False,False
3,611,926291406,4,forward_right,0.1502,170.9341,4.3057,3.0589,0.0,False,False
3,612,926291406,4,forward_right,0.3338,171.2679,4.2865,2.1119,0.0,False,False
3,613,828879,1,turn_left,0.1388,171.4067,4.2745,1.5782,0.0,False,False
3,614,828879,1,turn_left,-0.1,171.3067,4.2746,0.9399,0.0,False,False
3,615,1309443777,2,turn_right,0.09,171.3966,4.2651,1.3513,0.0,False,False
3,616,926291406,4,forward_right,0.1635,171.5602,4.2545,3.7121,0.0,False,False
3,617,926291406,4,forward_right,0.2148,171.7749,4.2412,3.747,0.0,False,False
3,618,828879,1,turn_left,0.0772,171.8521,4.2324,3.7357,0.0,False,False
3,619,926291406,4,forward_right,0.2215,172.0736,4.2188,2.7309,0.0,False,False
3,620,926291406,4,forward_right,0.333,172.4067,4.1996,2.1147,0.0,False,False
3,621,828879,1,turn_left,0.222,172.6287,4.1835,1.5478,0.0,False,False
3,622,828879,1,turn_left,-0.1,172.5287,4.1836,0.9354,0.0,False,False
3,623,1309443777,2,turn_right,0.0441,172.5728,4.1764,1.0174,0.0,False,False
3,624,1889449069,4,forward_right,0.246,172.8188,4.1616,1.4055,0.0,False,False
3,625,926291406,4,forward_right,0.3263,173.1451,4.1428,2.2131,0.0,False,False
3,626,828879,1,turn_left,0.154,173.2991,4.1301,3.6724,0.0,False,False
3,627,828879,1,turn_left,-0.1,173.1991,4.1299,3.0178,0.0,False,False
3,628,926291406,4,forward_right,0.2302,173.4293,4.1159,1.5705,0.0,False,False
3,629,926291406,4,forward_right,0.3377,173.767,4.0965,1.6612,0.0,False,False
3,630,926291406,4,forward_right,0.3325,174.0995,4.0773,1.5345,0.0,False,False
3,631,828879,1,turn_left,0.0828,174.1824,4.0682,1.2004,0.0,False,False
3,632,828879,1,turn_left,-0.1,174.0824,4.0683,1.0387,0.0,False,False
3,633,1166997565,3,forward_left,0.0653,174.1477,4.0626,1.2108,0.0,False,False
3,634,926291406,4,forward_right,0.322,174.4697,4.044,2.0655,0.0,False,False
3,635,926291406,4,forward_right,0.323,174.7926,4.0253,3.6399,0.0,False,False
3,636,926291406,4,forward_right,0.3192,175.1118,4.0068,3.6099,0.0,False,False
3,637,828879,1,turn_left,0.1575,175.2693,3.994,3.6176,0.0,False,False
3,638,828879,1,turn_left,-0.1,175.1693,3.9937,3.1544,0.0,False,False
3,639,926291406,4,forward_right,0.2087,175.378,3.9808,1.0829,0.0,False,False
3,640,1166997565,3,forward_left,0.2518,175.6298,3.9657,1.1147,0.0,False,False
3,641,926291406,4,forward_right,0.3202,175.95,3.9472,1.4126,0.0,False,False
3,642,926291406,4,forward_right,0.3325,176.2825,3.9281,1.5616,0.0,False,False
3,643,926291406,4,forward_right,0.3362,176.6187,3.9087,1.5271,0.0,False,False
3,644,828879,1,turn_left,0.1573,176.776,3.8959,1.2992,0.0,False,False
3,645,828879,1,turn_left,-0.1,176.676,3.8962,0.9925,0.0,False,False
3,646,1309443777,2,turn_right,0.0618,176.7378,3.8881,1.4094,0.0,False,False
3,647,926291406,4,forward_right,0.2343,176.9722,3.8739,3.6001,0.0,False,False
3,648,926291406,4,forward_right,0.2728,177.245,3.8578,3.5797,0.0,False,False
3,649,828879,1,turn_left,0.2377,177.4826,3.8409,3.5477,0.0,False,False
3,650,828879,1,turn_left,-0.1,177.3826,3.841,3.2667,0.0,False,False
3,651,926291406,4,forward_right,0.0033,177.3859,3.8383,1.1082,0.0,False,False
3,652,926291406,4,forward_right,0.3169,177.7029,3.8199,1.2595,0.0,False,False
3,653,926291406,4,forward_right,0.3378,178.0407,3.8006,3.3293,0.0,False,False
3,654,926291406,4,forward_right,0.3074,178.348,3.7827,3.5356,0.0,False,False
3,655,828879,1,turn_left,0.2368,178.5849,3.7658,3.5336,0.0,False,False
3,656,828879,1,turn_left,-0.1,178.4849,3.7659,3.5317,0.0,False,False
3,657,926291406,4,forward_right,-0.0011,178.4838,3.7634,1.1851,0.0,False,False
3,658,926291406,4,forward_right,0.2939,178.7777,3.7462,1.2138,0.0,False,False
3,659,926291406,4,forward_right,0.3429,179.1206,3.7266,3.2022,0.0,False,False
3,660,926291406,4,forward_right,0.3096,179.4302,3.7086,3.5316,0.0,False,False
3,661,926291406,4,forward_right,0.3304,179.7606,3.6896,3.5048,0.0,False,False
3,662,828879,1,turn_left,0.1649,179.9255,3.6763,3.5112,0.0,False,False
3,663,828879,1,turn_left,-0.1,179.8255,3.6766,2.4083,0.0,False,False
3,664,926291406,4,forward_right,0.045,179.8705,3.6718,0.9423,0.0,False,False
3,665,1309443777,2,turn_right,0.2664,180.1369,3.6535,1.4398,0.0,False,False
3,666,926291406,4,forward_right,0.2601,180.397,3.638,2.3275,0.0,False,False
3,667,926291406,4,forward_right,0.3318,180.7288,3.6189,3.4904,0.0,False,False
3,668,926291406,4,forward_right,0.3157,181.0445,3.6006,3.4806,0.0,False,False
3,669,828879,1,turn_left,0.094,181.1386,3.5909,3.4668,0.0,False,False
3,670,926291406,4,forward_right,0.1487,181.2872,3.581,2.4194,0.0,False,False
3,671,926291406,4,forward_right,0.3317,181.619,3.5619,1.9062,0.0,False,False
3,672,828879,1,turn_left,0.0938,181.7128,3.5522,1.3581,0.0,False,False
3,673,828879,1,turn_left,-0.1,181.6128,3.5526,1.0096,0.0,False,False
3,674,1309443777,2,turn_right,0.068,181.6808,3.5442,1.1416,0.0,False,False
3,675,926291406,4,forward_right,0.2549,181.9358,3.5289,1.9221,0.0,False,False
3,676,926291406,4,forward_right,0.3254,182.2612,3.5102,3.4574,0.0,False,False
3,677,828879,1,turn_left,0.1708,182.432,3.4966,3.4234,0.0,False,False
3,678,1508107506,3,forward_left,0.2321,182.6641,3.4825,3.4299,0.0,False,False
3,679,1508107506,3,forward_left,0.2993,182.9634,3.465,3.4319,0.0,False,False
3,680,1508107506,3,forward_left,0.3243,183.2877,3.4463,3.4253,0.0,False,False
3,681,1508107506,3,forward_left,0.3295,183.6172,3.4273,3.4159,0.0,False,False
3,682,2095099663,0,forward,0.3478,183.965,3.4075,2.3838,0.0,False,False
3,683,2095099663,0,forward,0.4694,184.4344,3.3815,1.8015,0.0,False,False
3,684,2095099663,0,forward,0.5044,184.9389,3.3538,1.5317,0.0,False,False
3,685,2095099663,0,forward,0.5043,185.4431,3.3261,1.1805,0.0,False,False
3,686,2095099663,0,forward,0.4512,185.8943,3.301,1.0432,0.0,False,False
3,687,1263078535,3,forward_left,0.4251,186.3194,3.2772,1.7034,0.0,False,False
3,688,2095099663,0,forward,0.4039,186.7234,3.2545,1.9993,0.0,False,False
3,689,2095099663,0,forward,0.5086,187.232,3.2266,2.9987,0.0,False,False
3,690,2095099663,0,forward,0.5079,187.7398,3.1987,3.4201,0.0,False,False
3,691,2095099663,0,forward,0.6185,188.3584,3.1653,3.4226,0.0,False,False
3,692,2095099663,0,forward,0.3951,188.7534,3.143,3.4029,0.0,False,False
3,693,2095099663,0,forward,0.5056,189.259,3.1153,3.4173,0.0,False,False
3,694,2095099663,0,forward,0.5048,189.7638,3.0875,3.4018,0.0,False,False
3,695,2095099663,0,forward,0.5039,190.2677,3.0598,3.4079,0.0,False,False
3,696,2095099663,0,forward,0.503,190.7708,3.0322,3.3992,0.0,False,False
3,697,2095099663,0,forward,0.5021,191.2729,3.0046,3.4095,0.0,False,False
3,698,2095099663,0,forward,0.5012,191.7741,2.977,3.4,0.0,False,False
3,699,2095099663,0,forward,0.5003,192.2744,2.9495,2.5408,0.0,False,False
3,700,2095099663,0,forward,0.4997,192.7741,2.922,1.6776,0.0,False,False
3,701,2095099663,0,forward,0.462,193.2361,2.8964,1.0302,0.0,False,False
3,702,1263078535,3,forward_left,0.363,193.5991,2.8758,1.2125,0.0,False,False
3,703,2095099663,0,forward,0.4341,194.0332,2.8515,1.6531,0.0,False,False
3,704,2095099663,0,forward,0.5042,194.5374,2.8238,3.0454,0.0,False,False
3,705,2095099663,0,forward,0.5035,195.0409,2.7962,3.3913,0.0,False,False
3,706,2095099663,0,forward,0.4971,195.538,2.7688,3.4041,0.0,False,False
3,707,2095099663,0,forward,0.5016,196.0396,2.7412,3.383,0.0,False,False
3,708,2095099663,0,forward,0.5006,196.5402,2.7137,3.3913,0.0,False,False
3,709,2095099663,0,forward,0.4995,197.0396,2.6862,3.3947,0.0,False,False
3,710,2095099663,0,forward,0.4984,197.538,2.6588,3.3919,0.0,False,False
3,711,2095099663,0,forward,0.4973,198.0352,2.6314,3.2593,0.0,False,False
3,712,2095099663,0,forward,0.4963,198.5315,2.6041,2.104,0.0,False,False
3,713,2095099663,0,forward,0.4957,199.0272,2.5769,1.3092,0.0,False,False
3,714,2095099663,0,forward,0.4287,199.4559,2.5529,0.9592,0.0,False,False
3,715,1840798605,5,stop,0.3887,199.8445,2.531,1.5635,0.0,False,False
3,716,2095099663,0,forward,0.3179,200.1624,2.5126,1.8904,0.0,False,False
3,717,2095099663,0,forward,0.4423,200.6047,2.488,2.3288,0.0,False,False
3,718,2095099663,0,forward,0.5017,201.1064,2.4604,3.3939,0.0,False,False
3,719,2095099663,0,forward,0.5006,201.607,2.4329,3.3888,0.0,False,False
3,720,2095099663,0,forward,0.4995,202.1065,2.4054,3.3761,0.0,False,False
3,721,2095099663,0,forward,0.498,202.6044,2.378,3.3964,0.0,False,False
3,722,2095099663,0,forward,0.4972,203.1016,2.3506,3.3927,0.0,False,False
3,723,2095099663,0,forward,0.4957,203.5973,2.3233,3.3959,0.0,False,False
3,724,2095099663,0,forward,0.4943,204.0917,2.2961,3.3911,0.0,False,False
3,725,1508107506,3,forward_left,0.3864,204.4781,2.2743,3.4024,0.0,False,False
3,726,2095099663,0,forward,0.3988,204.8769,2.2519,2.1919,0.0,False,False
3,727,2095099663,0,forward,0.5017,205.3786,2.2243,1.4639,0.0,False,False
3,728,2095099663,0,forward,0.4463,205.8249,2.1995,0.9947,0.0,False,False
3,729,1341840061,1,turn_left,0.4138,206.2388,2.1738,1.3194,0.0,False,False
3,730,2095099663,0,forward,0.3882,206.627,2.1519,2.114,0.0,False,False
3,731,2095099663,0,forward,0.5016,207.1286,2.1243,3.407,0.0,False,False
3,732,2095099663,0,forward,0.4934,207.622,2.0971,3.4164,0.0,False,False
3,733,2095099663,0,forward,0.4996,208.1216,2.0696,3.4187,0.0,False,False
3,734,2095099663,0,forward,0.498,208.6195,2.0422,3.4168,0.0,False,False
3,735,2095099663,0,forward,0.4964,209.116,2.0149,3.4212,0.0,False,False
3,736,2095099663,0,forward,0.4949,209.6109,1.9877,3.4262,0.0,False,False
3,737,2095099663,0,forward,0.6018,210.2126,1.9551,3.3595,0.0,False,False
3,738,1508107506,3,forward_left,0.341,210.5536,1.9355,2.0179,0.0,False,False
3,739,1508107506,3,forward_left,0.2834,210.8371,1.9189,1.055,0.0,False,False
3,740,1263078535,3,forward_left,0.242,211.079,1.9043,1.277,0.0,False,False
3,741,2095099663,0,forward,0.4049,211.484,1.8815,3.2178,0.0,False,False
3,742,2095099663,0,forward,0.4259,211.9099,1.8577,3.4476,0.0,False,False
3,743,2095099663,0,forward,0.5087,212.4186,1.8298,3.4665,0.0,False,False
3,744,2095099663,0,forward,0.5074,212.9259,1.8019,3.4609,0.0,False,False
3,745,2095099663,0,forward,0.506,213.4319,1.7741,3.4744,0.0,False,False
3,746,2095099663,0,forward,0.5045,213.9364,1.7464,3.4751,0.0,False,False
3,747,2095099663,0,forward,0.503,214.4393,1.7187,3.4067,0.0,False,False
3,748,2095099663,0,forward,0.5015,214.9408,1.6912,2.1,0.0,False,False
3,749,2095099663,0,forward,0.5003,215.4412,1.6637,1.3451,0.0,False,False
3,750,2095099663,0,forward,0.3901,215.8313,1.6416,0.9387,0.0,False,False
3,751,1341840061,1,turn_left,0.4161,216.2474,1.6158,1.8858,0.0,False,False
3,752,2095099663,0,forward,0.4303,216.6777,1.5918,3.5058,0.0,False,False
3,753,2095099663,0,forward,0.4613,217.139,1.5663,3.5034,0.0,False,False
3,754,2095099663,0,forward,0.4948,217.6338,1.539,3.5201,0.0,False,False
3,755,1508107506,3,forward_left,0.4281,218.0619,1.5151,3.5265,0.0,False,False
3,756,2095099663,0,forward,0.4061,218.4681,1.4923,3.5425,0.0,False,False
3,757,2095099663,0,forward,0.4969,218.9649,1.465,2.5898,0.0,False,False
3,758,2095099663,0,forward,0.4949,219.4598,1.4377,1.7435,0.0,False,False
3,759,1508107506,3,forward_left,0.3659,219.8257,1.4169,1.0913,0.0,False,False
3,760,1263078535,3,forward_left,0.1605,219.9862,1.4064,1.1649,0.0,False,False
3,761,2095099663,0,forward,0.3623,220.3485,1.3858,3.571,0.0,False,False
3,762,2095099663,0,forward,0.4063,220.7548,1.363,3.5796,0.0,False,False
3,763,2095099663,0,forward,0.5013,221.2561,1.3354,3.585,0.0,False,False
3,764,2095099663,0,forward,0.4992,221.7553,1.3079,3.6015,0.0,False,False
3,765,2095099663,0,forward,0.4969,222.2522,1.2806,3.6013,0.0,False,False
3,766,2095099663,0,forward,0.4945,222.7467,1.2534,3.6234,0.0,False,False
3,767,1508107506,3,forward_left,500.0,722.7467,1.23,2.514,0.0,True,False
4,1,964610217,0,forward,0.0555,0.0555,15.9695,1.0274,0.0,False,False
4,2,1904234423,4,forward_right,0.1597,0.2152,15.959,1.1922,0.0,False,False
4,3,1548021558,0,forward,0.3668,0.582,15.9381,1.4084,0.0,False,False
4,4,1548021558,0,forward,0.3689,0.9509,15.9172,1.5671,0.0,False,False
4,5,1548021558,0,forward,0.5002,1.4511,15.8897,1.9473,0.0,False,False
4,6,1548021558,0,forward,0.5485,1.9996,15.8597,2.491,0.0,False,False
4,7,1548021558,0,forward,0.5486,2.5482,15.8298,2.8244,0.0,False,False
4,8,1548021558,0,forward,0.5486,3.0968,15.7999,2.7245,0.0,False,False
4,9,1548021558,0,forward,0.5487,3.6454,15.77,2.2742,0.0,False,False
4,10,1548021558,0,forward,0.5488,4.1943,15.74,1.6668,0.0,False,False
4,11,1548021558,0,forward,0.5494,4.7437,15.71,1.1873,0.0,False,False
4,12,1548021558,0,forward,0.4755,5.2192,15.6838,1.057,0.0,False,False
4,13,1904234423,4,forward_right,0.5028,5.722,15.6561,1.8645,0.0,False,False
4,14,1548021558,0,forward,0.5151,6.2371,15.6279,3.6389,0.0,False,False
4,15,1548021558,0,forward,0.5487,6.7858,15.5979,3.7106,0.0,False,False
4,16,1548021558,0,forward,0.5329,7.3186,15.5688,3.6805,0.0,False,False
4,17,1548021558,0,forward,0.5487,7.8674,15.5389,3.6497,0.0,False,False
4,18,1548021558,0,forward,0.5487,8.4161,15.5089,3.6285,0.0,False,False
4,19,1548021558,0,forward,0.5487,8.9648,15.479,3.612,0.0,False,False
4,20,1548021558,0,forward,0.5487,9.5134,15.4491,3.5696,0.0,False,False
4,21,1548021558,0,forward,0.5487,10.0621,15.4191,2.8065,0.0,False,False
4,22,1548021558,0,forward,0.5489,10.611,15.3892,1.734,0.0,False,False
4,23,1548021558,0,forward,0.5496,11.1606,15.3592,1.1139,0.0,False,False
4,24,1548021558,0,forward,0.4546,11.6152,15.334,1.1584,0.0,False,False
4,25,1548021558,0,forward,0.4277,12.0429,15.3101,2.6558,0.0,False,False
4,26,1548021558,0,forward,0.637,12.6799,15.2757,3.4261,0.0,False,False
4,27,1548021558,0,forward,0.5447,13.2246,15.246,3.4123,0.0,False,False
4,28,1548021558,0,forward,0.5487,13.7733,15.2161,3.3716,0.0,False,False
4,29,1548021558,0,forward,0.5487,14.322,15.1861,3.346,0.0,False,False
4,30,1548021558,0,forward,0.5487,14.8706,15.1562,3.3214,0.0,False,False
4,31,1548021558,0,forward,0.5486,15.4193,15.1263,3.2969,0.0,False,False
4,32,1548021558,0,forward,0.5487,15.9679,15.0963,2.5163,0.0,False,False
4,33,1548021558,0,forward,0.5489,16.5169,15.0664,1.605,0.0,False,False
4,34,1548021558,0,forward,0.5498,17.0666,15.0364,1.0575,0.0,False,False
4,35,1904234423,4,forward_right,0.4161,17.4827,15.0131,1.1876,0.0,False,False
4,36,1548021558,0,forward,0.4899,17.9727,14.9861,1.9185,0.0,False,False
4,37,1548021558,0,forward,0.5489,18.5216,14.9561,3.1661,0.0,False,False
4,38,1548021558,0,forward,0.5493,19.0709,14.9262,3.1424,0.0,False,False
4,39,1548021558,0,forward,0.54,19.6109,14.8967,3.1037,0.0,False,False
4,40,1548021558,0,forward,0.5494,20.1602,14.8667,3.0909,0.0,False,False
4,41,1548021558,0,forward,0.5493,20.7096,14.8367,3.0705,0.0,False,False
4,42,1548021558,0,forward,0.4294,21.139,14.8128,3.0351,0.0,False,False
4,43,1548021558,0,forward,0.6691,21.8081,14.7768,3.0291,0.0,False,False
4,44,1548021558,0,forward,0.5493,22.3575,14.7468,2.448,0.0,False,False
4,45,1548021558,0,forward,0.5496,22.9071,14.7169,1.553,0.0,False,False
4,46,1548021558,0,forward,0.5505,23.4576,14.6868,0.9845,0.0,False,False
4,47,964610217,0,forward,0.4569,23.9146,14.6615,0.9845,0.0,False,False
4,48,1548021558,0,forward,0.5483,24.4628,14.6316,1.3397,0.0,False,False
4,49,1548021558,0,forward,0.4293,24.8921,14.6076,2.9127,0.0,False,False
4,50,1548021558,0,forward,0.522,25.4141,14.579,2.8838,0.0,False,False
4,51,1548021558,0,forward,0.6697,26.0838,14.543,2.86,0.0,False,False
4,52,1548021558,0,forward,0.5493,26.6332,14.5131,2.8187,0.0,False,False
4,53,1548021558,0,forward,0.4294,27.0626,14.4891,2.8187,0.0,False,False
4,54,1548021558,0,forward,0.6691,27.7317,14.4531,2.812,0.0,False,False
4,55,1548021558,0,forward,0.4294,28.1612,14.4292,2.78,0.0,False,False
4,56,1548021558,0,forward,0.6692,28.8304,14.3932,2.207,0.0,False,False
4,57,1548021558,0,forward,0.5497,29.38,14.3632,1.3797,0.0,False,False
4,58,1548021558,0,forward,0.5285,29.9086,14.3343,1.3797,0.0,False,False
4,59,964610217,0,forward,0.4967,30.4053,14.307,0.9519,0.0,False,False
4,60,1548021558,0,forward,0.5485,30.9538,14.277,2.6479,0.0,False,False
4,61,1548021558,0,forward,0.5492,31.503,14.2471,2.6479,0.0,False,False
4,62,1548021558,0,forward,0.533,32.0359,14.2179,2.6252,0.0,False,False
4,63,1548021558,0,forward,0.5494,32.5853,14.188,2.5975,0.0,False,False
4,64,1548021558,0,forward,0.5493,33.1346,14.158,2.567,0.0,False,False
4,65,1548021558,0,forward,0.5493,33.6839,14.128,2.567,0.0,False,False
4,66,1548021558,0,forward,0.5493,34.2332,14.0981,2.5244,0.0,False,False
4,67,1548021558,0,forward,0.4294,34.6626,14.0741,2.5244,0.0,False,False
4,68,1548021558,0,forward,0.6693,35.3319,14.0381,2.4956,0.0,False,False
4,69,1548021558,0,forward,0.5499,35.8819,14.0081,1.1704,0.0,False,False
4,70,1548021558,0,forward,0.4774,36.3593,13.9818,1.0935,0.0,False,False
4,71,1904234423,4,forward_right,0.4554,36.8147,13.9565,1.6226,0.0,False,False
4,72,1548021558,0,forward,0.4587,37.2733,13.9311,2.4141,0.0,False,False
4,73,1548021558,0,forward,0.5497,37.8231,13.9011,2.3949,0.0,False,False
4,74,1548021558,0,forward,0.5499,38.373,13.8711,2.3874,0.0,False,False
4,75,1548021558,0,forward,0.4215,38.7945,13.8475,2.3874,0.0,False,False
4,76,1548021558,0,forward,0.67,39.4645,13.8115,2.3747,0.0,False,False
4,77,1548021558,0,forward,0.5499,40.0144,13.7815,2.3506,0.0,False,False
4,78,1548021558,0,forward,0.5499,40.5643,13.7515,2.3126,0.0,False,False
4,79,1548021558,0,forward,0.5499,41.1143,13.7215,2.2968,0.0,False,False
4,80,1548021558,0,forward,0.55,41.6642,13.6915,2.2923,0.0,False,False
4,81,1548021558,0,forward,0.5502,42.2144,13.6615,2.2703,0.0,False,False
4,82,1548021558,0,forward,0.5511,42.7655,13.6314,1.4447,0.0,False,False
4,83,1548021558,0,forward,0.4945,43.2601,13.6042,0.9567,0.0,False,False
4,84,964610217,0,forward,0.5489,43.809,13.5743,1.2616,0.0,False,False
4,85,1548021558,0,forward,0.5495,44.3585,13.5443,1.6561,0.0,False,False
4,86,1548021558,0,forward,0.5497,44.9082,13.5143,1.9143,0.0,False,False
4,87,1548021558,0,forward,0.5499,45.4581,13.4843,1.9038,0.0,False,False
4,88,1548021558,0,forward,0.5502,46.0083,13.4543,1.6459,0.0,False,False
4,89,1548021558,0,forward,0.5409,46.5492,13.4248,1.2698,0.0,False,False
4,90,1548021558,0,forward,0.52,47.0692,13.3963,0.9556,0.0,False,False
4,91,964610217,0,forward,0.5491,47.6183,13.3663,1.3961,0.0,False,False
4,92,1548021558,0,forward,0.5496,48.1679,13.3363,1.9254,0.0,False,False
4,93,1548021558,0,forward,0.5497,48.7176,13.3063,2.0904,0.0,False,False
4,94,1548021558,0,forward,0.5498,49.2674,13.2764,2.0669,0.0,False,False
4,95,1548021558,0,forward,0.5499,49.8173,13.2464,2.0622,0.0,False,False
4,96,1548021558,0,forward,0.5501,50.3674,13.2164,2.054,0.0,False,False
4,97,1548021558,0,forward,0.5506,50.918,13.1863,1.5166,0.0,False,False
4,98,1548021558,0,forward,0.4974,51.4154,13.159,1.0447,0.0,False,False
4,99,1904234423,4,forward_right,0.4513,51.8667,13.1339,1.1671,0.0,False,False
4,100,1548021558,0,forward,0.4902,52.3569,13.1069,1.2973,0.0,False,False
4,101,1548021558,0,forward,0.5498,52.9067,13.0769,1.4377,0.0,False,False
4,102,1548021558,0,forward,0.5501,53.4568,13.0469,1.459,0.0,False,False
4,103,1548021558,0,forward,0.4305,53.8873,13.0229,1.2575,0.0,False,False
4,104,1548021558,0,forward,0.6441,54.5314,12.9882,0.9984,0.0,False,False
4,105,964610217,0,forward,0.5495,55.0809,12.9582,1.0697,0.0,False,False
4,106,1904234423,4,forward_right,0.4891,55.5701,12.9312,1.119,0.0,False,False
4,107,1548021558,0,forward,0.4243,55.9943,12.9075,0.9468,0.0,False,False
4,108,964610217,0,forward,0.5491,56.5434,12.8776,1.5654,0.0,False,False
4,109,1548021558,0,forward,0.5499,57.0933,12.8476,1.9256,0.0,False,False
4,110,1548021558,0,forward,0.4021,57.4954,12.825,1.9321,0.0,False,False
4,111,1548021558,0,forward,0.67,58.1654,12.789,1.9171,0.0,False,False
4,112,1548021558,0,forward,0.55,58.7154,12.759,1.9091,0.0,False,False
4,113,1548021558,0,forward,0.43,59.1453,12.735,1.8955,0.0,False,False
4,114,1548021558,0,forward,0.6699,59.8152,12.699,1.8829,0.0,False,False
4,115,1548021558,0,forward,0.5499,60.3652,12.669,1.8713,0.0,False,False
4,116,1548021558,0,forward,0.5501,60.9153,12.639,1.8841,0.0,False,False
4,117,1548021558,0,forward,0.5508,61.4661,12.6089,1.6147,0.0,False,False
4,118,1548021558,0,forward,0.4753,61.9414,12.5827,1.0162,0.0,False,False
4,119,964610217,0,forward,0.5486,62.49,12.5527,1.315,0.0,False,False
4,120,1548021558,0,forward,0.5496,63.0396,12.5227,1.8575,0.0,False,False
4,121,1548021558,0,forward,0.5413,63.581,12.4932,1.8284,0.0,False,False
4,122,1548021558,0,forward,0.5502,64.1312,12.4632,1.8243,0.0,False,False
4,123,1548021558,0,forward,0.55,64.6811,12.4332,1.7933,0.0,False,False
4,124,1548021558,0,forward,0.5499,65.2311,12.4032,1.7615,0.0,False,False
4,125,1548021558,0,forward,0.5499,65.781,12.3732,1.7437,0.0,False,False
4,126,1548021558,0,forward,0.5499,66.3309,12.3432,1.7077,0.0,False,False
4,127,1548021558,0,forward,0.43,66.7609,12.3192,1.6788,0.0,False,False
4,128,1548021558,0,forward,0.6705,67.4315,12.2832,1.6262,0.0,False,False
4,129,1548021558,0,forward,0.3963,67.8278,12.2608,1.1596,0.0,False,False
4,130,1548021558,0,forward,0.619,68.4468,12.2274,1.0962,0.0,False,False
4,131,1904234423,4,forward_right,0.488,68.9348,12.2005,1.5677,0.0,False,False
4,132,1548021558,0,forward,0.459,69.3938,12.175,1.5524,0.0,False,False
4,133,1548021558,0,forward,0.5404,69.9342,12.1455,1.5348,0.0,False,False
4,134,1548021558,0,forward,0.5496,70.4838,12.1155,1.5019,0.0,False,False
4,135,1548021558,0,forward,0.5495,71.0333,12.0856,1.4886,0.0,False,False
4,136,1548021558,0,forward,0.5495,71.5827,12.0556,1.4532,0.0,False,False
4,137,1548021558,0,forward,0.5494,72.1322,12.0256,1.4404,0.0,False,False
4,138,1548021558,0,forward,0.5494,72.6816,11.9956,1.4173,0.0,False,False
4,139,1548021558,0,forward,0.5495,73.2311,11.9657,1.391,0.0,False,False
4,140,1548021558,0,forward,0.5499,73.781,11.9357,1.3493,0.0,False,False
4,141,1548021558,0,forward,0.5044,74.2854,11.908,1.1837,0.0,False,False
4,142,1548021558,0,forward,0.5013,74.7867,11.8804,1.0298,0.0,False,False
4,143,1904234423,4,forward_right,0.4814,75.2681,11.8538,1.2707,0.0,False,False
4,144,1548021558,0,forward,0.4581,75.7262,11.8284,1.2451,0.0,False,False
4,145,1548021558,0,forward,0.5369,76.2631,11.7991,1.2521,0.0,False,False
4,146,1548021558,0,forward,0.5488,76.812,11.7691,1.2256,0.0,False,False
4,147,1548021558,0,forward,0.5485,77.3605,11.7392,1.208,0.0,False,False
4,148,1548021558,0,forward,0.5485,77.9089,11.7093,1.1807,0.0,False,False
4,149,1548021558,0,forward,0.5484,78.4574,11.6794,1.1564,0.0,False,False
4,150,1548021558,0,forward,0.5484,79.0058,11.6494,1.1211,0.0,False,False
4,151,1548021558,0,forward,0.5485,79.5543,11.6195,1.0908,0.0,False,False
4,152,1971047854,3,forward_left,0.4387,79.993,11.5951,1.0595,0.0,False,False
4,153,1971047854,3,forward_left,0.2218,80.2148,11.5815,0.9311,0.0,False,False
4,154,964610217,0,forward,0.4606,80.6754,11.556,1.0356,0.0,False,False
4,155,1971047854,3,forward_left,0.3889,81.0643,11.534,1.0226,0.0,False,False
4,156,1971047854,3,forward_left,0.37,81.4343,11.513,1.0341,0.0,False,False
4,157,1971047854,3,forward_left,0.3697,81.804,11.492,1.0275,0.0,False,False
4,158,1971047854,3,forward_left,0.3694,82.1734,11.4711,1.02,0.0,False,False
4,159,851696946,3,forward_left,0.3696,82.543,11.4501,1.0064,0.0,False,False
4,160,851696946,3,forward_left,0.2642,82.8072,11.4344,0.9403,0.0,False,False
4,161,555146084,3,forward_left,0.3663,83.1735,11.4135,0.9866,0.0,False,False
4,162,851696946,3,forward_left,0.3347,83.5082,11.3943,0.996,0.0,False,False
4,163,909969137,0,forward,0.4848,83.993,11.3676,1.0055,0.0,False,False
4,164,909969137,0,forward,0.5337,84.5267,11.3384,0.9813,0.0,False,False
4,165,909969137,0,forward,0.5337,85.0604,11.3092,0.9773,0.0,False,False
4,166,909969137,0,forward,0.5336,85.594,11.28,0.9793,0.0,False,False
4,167,909969137,0,forward,0.5335,86.1276,11.2508,0.9544,0.0,False,False
4,168,909969137,0,forward,0.5335,86.6611,11.2217,0.9524,0.0,False,False
4,169,909969137,0,forward,0.5337,87.1947,11.1925,0.9489,0.0,False,False
4,170,909969137,0,forward,0.5269,87.7217,11.1636,0.9603,0.0,False,False
4,171,909969137,0,forward,0.437,88.1587,11.1393,0.9492,0.0,False,False
4,172,555146084,3,forward_left,0.4833,88.642,11.1126,0.9414,0.0,False,False
4,173,909969137,0,forward,0.4103,89.0523,11.0896,0.9384,0.0,False,False
4,174,909969137,0,forward,0.53,89.5823,11.0606,0.9507,0.0,False,False
4,175,909969137,0,forward,0.5297,90.112,11.0316,0.9578,0.0,False,False
4,176,909969137,0,forward,0.5296,90.6416,11.0026,0.9603,0.0,False,False
4,177,909969137,0,forward,0.5295,91.171,10.9737,0.9496,0.0,False,False
4,178,909969137,0,forward,0.5293,91.7004,10.9447,0.9693,0.0,False,False
4,179,909969137,0,forward,0.5293,92.2297,10.9157,0.9636,0.0,False,False
4,180,909969137,0,forward,0.5295,92.7592,10.8868,0.9745,0.0,False,False
4,181,909969137,0,forward,0.4906,93.2498,10.8597,0.9852,0.0,False,False
4,182,909969137,0,forward,0.4577,93.7075,10.8343,0.9901,0.0,False,False
4,183,1803029529,4,forward_right,0.4815,94.189,10.8078,0.9902,0.0,False,False
4,184,909969137,0,forward,0.4012,94.5902,10.7852,0.9862,0.0,False,False
4,185,909969137,0,forward,0.5327,95.1229,10.7561,0.9938,0.0,False,False
4,186,909969137,0,forward,0.5315,95.6544,10.727,0.9897,0.0,False,False
4,187,909969137,0,forward,0.5314,96.1858,10.6979,1.0022,0.0,False,False
4,188,909969137,0,forward,0.5313,96.7171,10.6689,1.0068,0.0,False,False
4,189,909969137,0,forward,0.5312,97.2483,10.6398,1.0236,0.0,False,False
4,190,909969137,0,forward,0.5315,97.7798,10.6107,1.0274,0.0,False,False
4,191,909969137,0,forward,0.5046,98.2844,10.583,1.0493,0.0,False,False
4,192,909969137,0,forward,0.4488,98.7332,10.5581,1.0366,0.0,False,False
4,193,1803029529,4,forward_right,0.4832,99.2165,10.5314,1.0518,0.0,False,False
4,194,909969137,0,forward,0.4174,99.6338,10.508,1.0416,0.0,False,False
4,195,909969137,0,forward,0.5336,100.1674,10.4789,1.0484,0.0,False,False
4,196,909969137,0,forward,0.5333,100.7007,10.4497,1.0542,0.0,False,False
4,197,909969137,0,forward,0.5331,101.2338,10.4205,1.0574,0.0,False,False
4,198,909969137,0,forward,0.533,101.7669,10.3914,1.0581,0.0,False,False
4,199,909969137,0,forward,0.5329,102.2998,10.3622,1.068,0.0,False,False
4,200,909969137,0,forward,0.4163,102.7161,10.3389,1.0772,0.0,False,False
4,201,909969137,0,forward,0.5331,103.2493,10.3098,1.092,0.0,False,False
4,202,909969137,0,forward,0.5715,103.8208,10.2787,1.0743,0.0,False,False
4,203,1904234423,4,forward_right,0.3869,104.2077,10.2568,1.1118,0.0,False,False
4,204,1548021558,0,forward,0.5759,104.7836,10.2255,1.0989,0.0,False,False
4,205,909969137,0,forward,0.5342,105.3178,10.1963,1.1078,0.0,False,False
4,206,1548021558,0,forward,0.5229,105.8408,10.1677,1.113,0.0,False,False
4,207,1548021558,0,forward,0.534,106.3748,10.1385,1.1117,0.0,False,False
4,208,1548021558,0,forward,0.5339,106.9086,10.1093,1.1222,0.0,False,False
4,209,1548021558,0,forward,0.5338,107.4424,10.0801,1.1375,0.0,False,False
4,210,1548021558,0,forward,0.5337,107.9761,10.0509,1.1349,0.0,False,False
4,211,1548021558,0,forward,0.5336,108.5096,10.0217,1.1386,0.0,False,False
4,212,1548021558,0,forward,0.5337,109.0433,9.9926,1.166,0.0,False,False
4,213,1548021558,0,forward,0.5344,109.5777,9.9633,1.1658,0.0,False,False
4,214,1548021558,0,forward,0.4269,110.0046,9.9395,0.9385,0.0,False,False
4,215,964610217,0,forward,0.532,110.5366,9.9104,1.1693,0.0,False,False
4,216,1548021558,0,forward,0.3972,110.9338,9.888,1.1603,0.0,False,False
4,217,1548021558,0,forward,0.6306,111.5643,9.854,1.179,0.0,False,False
4,218,1548021558,0,forward,0.533,112.0973,9.8249,1.175,0.0,False,False
4,219,1548021558,0,forward,0.5329,112.6302,9.7957,1.1918,0.0,False,False
4,220,1548021558,0,forward,0.5328,113.163,9.7666,1.1962,0.0,False,False
4,221,1548021558,0,forward,0.5326,113.6956,9.7374,1.1992,0.0,False,False
4,222,1548021558,0,forward,0.5326,114.2282,9.7083,1.2053,0.0,False,False
4,223,1548021558,0,forward,0.5329,114.7611,9.6792,1.2183,0.0,False,False
4,224,1548021558,0,forward,0.4969,115.258,9.6518,1.1737,0.0,False,False
4,225,1548021558,0,forward,0.4658,115.7238,9.626,1.1173,0.0,False,False
4,226,1548021558,0,forward,0.5315,116.2553,9.597,1.2351,0.0,False,False
4,227,1548021558,0,forward,0.477,116.7323,9.5706,1.2325,0.0,False,False
4,228,1548021558,0,forward,0.5324,117.2647,9.5415,1.2378,0.0,False,False
4,229,1548021558,0,forward,0.5319,117.7966,9.5124,1.2488,0.0,False,False
4,230,1548021558,0,forward,0.5318,118.3284,9.4833,1.2585,0.0,False,False
4,231,1548021558,0,forward,0.5316,118.86,9.4542,1.2587,0.0,False,False
4,232,1548021558,0,forward,0.5316,119.3916,9.4251,1.2658,0.0,False,False
4,233,1548021558,0,forward,0.5319,119.9235,9.396,1.2719,0.0,False,False
4,234,1548021558,0,forward,0.471,120.3946,9.37,1.1063,0.0,False,False
4,235,1548021558,0,forward,0.5107,120.9053,9.342,1.1868,0.0,False,False
4,236,1548021558,0,forward,0.5307,121.436,9.3129,1.2933,0.0,False,False
4,237,1548021558,0,forward,0.5128,121.9488,9.2848,1.2896,0.0,False,False
4,238,1548021558,0,forward,0.5315,122.4803,9.2557,1.2894,0.0,False,False
4,239,1548021558,0,forward,0.5309,123.0111,9.2267,1.2914,0.0,False,False
4,240,1548021558,0,forward,0.5307,123.5419,9.1976,1.2943,0.0,False,False
4,241,1548021558,0,forward,0.5306,124.0724,9.1686,1.3113,0.0,False,False
4,242,1548021558,0,forward,0.5304,124.6029,9.1396,1.3265,0.0,False,False
4,243,1548021558,0,forward,0.5304,125.1333,9.1106,1.3359,0.0,False,False
4,244,1548021558,0,forward,0.5306,125.6639,9.0815,1.3395,0.0,False,False
4,245,1548021558,0,forward,0.5056,126.1695,9.0537,1.1667,0.0,False,False
4,246,1548021558,0,forward,0.453,126.6225,9.0286,1.0265,0.0,False,False
4,247,1904234423,4,forward_right,0.4496,127.0721,9.0036,1.3356,0.0,False,False
4,248,1548021558,0,forward,0.452,127.5241,8.9785,1.3393,0.0,False,False
4,249,1548021558,0,forward,0.5329,128.057,8.9494,1.3523,0.0,False,False
4,250,1548021558,0,forward,0.5324,128.5893,8.9203,1.3534,0.0,False,False
4,251,1548021558,0,forward,0.5322,129.1216,8.8911,1.3571,0.0,False,False
4,252,1548021558,0,forward,0.5321,129.6536,8.862,1.3728,0.0,False,False
4,253,1548021558,0,forward,0.5319,130.1856,8.8329,1.3801,0.0,False,False
4,254,1548021558,0,forward,0.5319,130.7175,8.8038,1.3784,0.0,False,False
4,255,1548021558,0,forward,0.5321,131.2496,8.7747,1.3913,0.0,False,False
4,256,1548021558,0,forward,0.4977,131.7473,8.7474,1.1486,0.0,False,False
4,257,1548021558,0,forward,0.4776,132.2249,8.721,1.0692,0.0,False,False
4,258,1904234423,4,forward_right,0.4492,132.6741,8.696,1.4059,0.0,False,False
4,259,1548021558,0,forward,0.4894,133.1635,8.669,1.3978,0.0,False,False
4,260,1548021558,0,forward,0.5264,133.6899,8.6402,1.4039,0.0,False,False
4,261,1548021558,0,forward,0.534,134.2239,8.611,1.4064,0.0,False,False
4,262,1548021558,0,forward,0.5338,134.7577,8.5818,1.4115,0.0,False,False
4,263,1548021558,0,forward,0.5336,135.2913,8.5527,1.414,0.0,False,False
4,264,1548021558,0,forward,0.5335,135.8248,8.5235,1.4251,0.0,False,False
4,265,1548021558,0,forward,0.5334,136.3581,8.4943,1.4248,0.0,False,False
4,266,1548021558,0,forward,0.5334,136.8916,8.4651,1.4323,0.0,False,False
4,267,1548021558,0,forward,0.5339,137.4254,8.436,1.4426,0.0,False,False
4,268,1548021558,0,forward,0.4614,137.8868,8.4104,0.9626,0.0,False,False
4,269,964610217,0,forward,0.5318,138.4186,8.3813,1.4008,0.0,False,False
4,270,1548021558,0,forward,0.5326,138.9512,8.3522,1.5362,0.0,False,False
4,271,1548021558,0,forward,0.5217,139.473,8.3236,1.6704,0.0,False,False
4,272,1548021558,0,forward,0.5327,140.0057,8.2944,1.7091,0.0,False,False
4,273,1548021558,0,forward,0.5325,140.5382,8.2653,1.6925,0.0,False,False
4,274,1548021558,0,forward,0.5323,141.0705,8.2362,1.6501,0.0,False,False
4,275,1548021558,0,forward,0.5322,141.6027,8.2071,1.6227,0.0,False,False
4,276,1548021558,0,forward,0.5321,142.1348,8.178,1.5929,0.0,False,False
4,277,1548021558,0,forward,0.4156,142.5504,8.1547,1.5631,0.0,False,False
4,278,1548021558,0,forward,0.6489,143.1993,8.1198,1.5235,0.0,False,False
4,279,1548021558,0,forward,0.4578,143.6572,8.0944,0.9871,0.0,False,False
4,280,964610217,0,forward,0.5299,144.187,8.0654,1.3311,0.0,False,False
4,281,1548021558,0,forward,0.5312,144.7182,8.0363,1.4371,0.0,False,False
4,282,1548021558,0,forward,0.5141,145.2324,8.0081,1.4249,0.0,False,False
4,283,1548021558,0,forward,0.5316,145.764,7.979,1.4024,0.0,False,False
4,284,926291406,4,forward_right,0.4837,146.2477,7.9523,1.3651,0.0,False,False
4,285,926291406,4,forward_right,0.3551,146.6028,7.9321,1.3233,0.0,False,False
4,286,926291406,4,forward_right,0.3611,146.9639,7.9115,1.3005,0.0,False,False
4,287,926291406,4,forward_right,0.3059,147.2698,7.8937,1.1513,0.0,False,False
4,288,926291406,4,forward_right,0.322,147.5918,7.8751,1.1621,0.0,False,False
4,289,926291406,4,forward_right,0.3667,147.9585,7.8543,1.2505,0.0,False,False
4,290,926291406,4,forward_right,0.3507,148.3092,7.8343,1.2523,0.0,False,False
4,291,926291406,4,forward_right,0.3701,148.6793,7.8133,1.2205,0.0,False,False
4,292,926291406,4,forward_right,0.37,149.0493,7.7923,1.2007,0.0,False,False
4,293,926291406,4,forward_right,0.3699,149.4192,7.7713,1.1955,0.0,False,False
4,294,926291406,4,forward_right,0.3695,149.7887,7.7503,1.1694,0.0,False,False
4,295,926291406,4,forward_right,0.3687,150.1575,7.7293,1.131,0.0,False,False
4,296,926291406,4,forward_right,0.3678,150.5253,7.7085,1.1102,0.0,False,False
4,297,926291406,4,forward_right,0.367,150.8922,7.6876,1.0973,0.0,False,False
4,298,1028496483,3,forward_left,0.2469,151.1391,7.6728,0.9831,0.0,False,False
4,299,1309443777,2,turn_right,0.3811,151.5202,7.6487,1.0753,0.0,False,False
4,300,1028496483,3,forward_left,0.315,151.8352,7.6305,1.0573,0.0,False,False
4,301,1028496483,3,forward_left,0.3688,152.204,7.6095,1.0483,0.0,False,False
4,302,1028496483,3,forward_left,0.3667,152.5707,7.5887,1.0299,0.0,False,False
4,303,1028496483,3,forward_left,0.3682,152.9389,7.5678,1.0063,0.0,False,False
4,304,1028496483,3,forward_left,0.3692,153.3081,7.5468,0.9823,0.0,False,False
4,305,1028496483,3,forward_left,0.3699,153.6779,7.5258,0.9613,0.0,False,False
4,306,1028496483,3,forward_left,0.3705,154.0485,7.5048,0.9256,0.0,False,False
4,307,1028496483,3,forward_left,0.3203,154.3688,7.4863,0.893,0.0,False,False
4,308,1937774032,3,forward_left,0.3683,154.737,7.4654,0.8873,0.0,False,False
4,309,1937774032,3,forward_left,0.3677,155.1047,7.4445,0.8743,0.0,False,False
4,310,1937774032,3,forward_left,0.3667,155.4715,7.4237,0.8328,0.0,False,False
4,311,1937774032,3,forward_left,0.3651,155.8366,7.4029,0.8116,0.0,False,False
4,312,1937774032,3,forward_left,0.3634,156.1999,7.3822,0.7969,0.0,False,False
4,313,1937774032,3,forward_left,0.3417,156.5417,7.3626,0.7619,0.0,False,False
4,314,1937774032,3,forward_left,0.3307,156.8724,7.3436,0.7524,0.0,False,False
4,315,1937774032,3,forward_left,0.2726,157.1451,7.3275,0.7336,0.0,False,False
4,316,1937774032,3,forward_left,0.4291,157.5741,7.3035,0.7158,0.0,False,False
4,317,1937774032,3,forward_left,0.3442,157.9184,7.2838,0.6937,0.0,False,False
4,318,1937774032,3,forward_left,0.3394,158.2577,7.2643,0.6748,0.0,False,False
4,319,1937774032,3,forward_left,0.3344,158.5922,7.2451,0.6476,0.0,False,False
4,320,1597333047,1,turn_left,0.2359,158.8281,7.2283,0.6186,0.0,False,False
4,321,1597333047,1,turn_left,0.0366,158.8647,7.2215,0.605,0.0,False,False
4,322,1873627169,2,turn_right,0.0517,158.9163,7.2139,0.6076,0.0,False,False
4,323,1597333047,1,turn_left,-1.4507,157.4656,7.2064,0.5967,0.0,False,False
4,324,1597333047,1,turn_left,-0.1,157.3656,7.2046,0.6029,0.0,False,False
4,325,1597333047,1,turn_left,-0.1,157.2656,7.2044,0.6123,0.0,False,False
4,326,1873627169,2,turn_right,-0.0247,157.2409,7.2006,0.6022,0.0,False,False
4,327,1873627169,2,turn_right,-1.4642,155.7768,7.1938,0.5906,0.0,False,False
4,328,1873627169,2,turn_right,-1.6,154.1768,7.1942,0.5847,0.0,False,False
4,329,1873627169,2,turn_right,-1.6,152.5768,7.1934,0.5658,0.0,False,False
4,330,1873627169,2,turn_right,-1.6,150.9768,7.1928,0.556,0.0,False,False
4,331,1597333047,1,turn_left,-1.6,149.3768,7.1909,0.5646,0.0,False,False
4,332,1309443777,2,turn_right,-1.4685,147.9083,7.1844,0.5634,0.0,False,False
4,333,1309443777,2,turn_right,-1.6,146.3083,7.1824,0.5485,0.0,False,False
4,334,101706613,1,turn_left,-1.6,144.7083,7.1816,0.5525,0.0,False,False
4,335,1309443777,2,turn_right,-1.4607,143.2476,7.1746,0.5449,0.0,False,False
4,336,800498958,2,turn_right,-1.6,141.6476,7.1741,0.5475,0.0,False,False
4,337,101706613,1,turn_left,-1.5177,140.1299,7.17,0.5562,0.0,False,False
4,338,1309443777,2,turn_right,-1.4553,138.6746,7.1627,0.5475,0.0,False,False
4,339,1313307223,2,turn_right,-1.5316,137.143,7.1593,0.541,0.0,False,False
4,340,208371896,3,forward_left,0.2224,137.3654,7.1457,0.5416,0.0,False,False
4,341,226828618,4,forward_right,0.1962,137.5616,7.1334,0.5324,0.0,False,False
4,342,226828618,4,forward_right,0.2455,137.8071,7.1186,0.509,0.0,False,False
4,343,226828618,4,forward_right,0.3548,138.1619,7.0984,0.5139,0.0,False,False
4,344,226828618,4,forward_right,0.3698,138.5317,7.0774,0.5033,0.0,False,False
4,345,326162201,4,forward_right,0.3695,138.9012,7.0564,0.4868,0.0,False,False
4,346,326162201,4,forward_right,0.3686,139.2698,7.0355,0.4877,0.0,False,False
4,347,326162201,4,forward_right,0.3673,139.637,7.0146,0.4736,0.0,False,False
4,348,326162201,4,forward_right,0.3656,140.0026,6.9938,0.451,0.0,False,False
4,349,2046112992,2,turn_right,0.2454,140.248,6.9765,0.4458,0.0,False,False
4,350,2046112992,2,turn_right,0.1181,140.3661,6.9656,0.4357,0.0,False,False
4,351,2046112992,2,turn_right,-0.0401,140.326,6.9626,0.4442,0.0,False,False
4,352,765517299,5,stop,-0.0,140.326,6.9601,0.4559,0.0,False,False
4,353,2046112992,2,turn_right,-0.043,140.283,6.9573,0.4586,0.0,False,False
4,354,2104946064,4,forward_right,0.0664,140.3493,6.9515,0.4711,0.0,False,False
4,355,2104946064,4,forward_right,0.1793,140.5287,6.94,0.4872,0.0,False,False
4,356,124275310,2,turn_right,0.1858,140.7145,6.9257,0.4944,0.0,False,False
4,357,124275310,2,turn_right,0.0921,140.8066,6.9161,0.4924,0.0,False,False
4,358,124275310,2,turn_right,-0.0339,140.7727,6.9128,0.499,0.0,False,False
4,359,1940035026,2,turn_right,-0.1,140.6727,6.912,0.5206,0.0,False,False
4,360,1940035026,2,turn_right,-0.1,140.5727,6.9114,0.5221,0.0,False,False
4,361,2085456378,3,forward_left,0.143,140.7156,6.9017,0.5377,0.0,False,False
4,362,1940035026,2,turn_right,-0.0098,140.7059,6.8972,0.5394,0.0,False,False
4,363,1940035026,2,turn_right,-0.1,140.6059,6.8968,0.5563,0.0,False,False
4,364,1440968876,0,forward,0.0118,140.6177,6.8937,0.596,0.0,False,False
4,365,1440968876,0,forward,0.1016,140.7193,6.8862,0.6482,0.0,False,False
4,366,1440968876,0,forward,0.1602,140.8795,6.8757,0.6975,0.0,False,False
4,367,1440968876,0,forward,0.2656,141.1451,6.8599,0.7547,0.0,False,False
4,368,1440968876,0,forward,0.2578,141.4029,6.8445,0.7636,0.0,False,False
4,369,1440968876,0,forward,0.2635,141.6664,6.8288,0.8105,0.0,False,False
4,370,1440968876,0,forward,0.2615,141.9279,6.8132,0.8498,0.0,False,False
4,371,1440968876,0,forward,0.2596,142.1874,6.7978,0.8953,0.0,False,False
4,372,1440968876,0,forward,0.1963,142.3837,6.7854,0.9509,0.0,False,False
4,373,1440968876,0,forward,0.317,142.7007,6.7671,0.9865,0.0,False,False
4,374,1440968876,0,forward,0.2537,142.9545,6.7519,1.0362,0.0,False,False
4,375,1440968876,0,forward,0.2519,143.2064,6.7368,1.0854,0.0,False,False
4,376,1440968876,0,forward,0.1932,143.3996,6.7246,1.0829,0.0,False,False
4,377,587486767,5,stop,0.0506,143.4502,6.7196,1.0895,0.0,False,False
4,378,587486767,5,stop,0.0679,143.5181,6.7137,1.2261,0.0,False,False
4,379,828879,1,turn_left,-0.0524,143.4657,6.7113,1.2688,0.0,False,False
4,380,828879,1,turn_left,-0.032,143.4337,6.7079,1.3475,0.0,False,False
4,381,828879,1,turn_left,-0.0586,143.375,6.7059,1.329,0.0,False,False
4,382,828879,1,turn_left,-0.1,143.275,6.7062,1.2197,0.0,False,False
4,383,828879,1,turn_left,-0.1,143.175,6.7067,1.133,0.0,False,False
4,384,828879,1,turn_left,-0.1,143.075,6.7076,1.0861,0.0,False,False
4,385,1775452818,1,turn_left,-0.1,142.975,6.7084,1.0262,0.0,False,False
4,386,1775452818,1,turn_left,-0.1,142.875,6.7092,0.964,0.0,False,False
4,387,1440968876,0,forward,0.076,142.9511,6.7029,0.9134,0.0,False,False
4,388,1775452818,1,turn_left,0.079,143.0301,6.694,0.8971,0.0,False,False
4,389,1440968876,0,forward,0.0425,143.0727,6.6893,0.8906,0.0,False,False
4,390,57431672,0,forward,0.1963,143.269,6.677,0.8767,0.0,False,False
4,391,1440968876,0,forward,0.3037,143.5727,6.6593,0.8567,0.0,False,False
4,392,1440968876,0,forward,0.383,143.9556,6.6377,0.8573,0.0,False,False
4,393,1440968876,0,forward,0.4318,144.3874,6.6136,0.8799,0.0,False,False
4,394,1440968876,0,forward,0.4306,144.818,6.5896,0.8975,0.0,False,False
4,395,1440968876,0,forward,0.4295,145.2475,6.5656,0.9144,0.0,False,False
4,396,1440968876,0,forward,0.4285,145.6761,6.5417,0.9431,0.0,False,False
4,397,1440968876,0,forward,0.4276,146.1036,6.5178,0.9766,0.0,False,False
4,398,1440968876,0,forward,0.4268,146.5304,6.4939,1.0019,0.0,False,False
4,399,1440968876,0,forward,0.4264,146.9568,6.4701,1.0335,0.0,False,False
4,400,1440968876,0,forward,0.1343,147.0911,6.4609,0.9414,0.0,False,False
4,401,57431672,0,forward,0.3758,147.4669,6.4396,1.0443,0.0,False,False
4,402,1440968876,0,forward,0.3149,147.7818,6.4214,1.05,0.0,False,False
4,403,1440968876,0,forward,0.4215,148.2033,6.3978,1.0728,0.0,False,False
4,404,1440968876,0,forward,0.4204,148.6237,6.3743,1.1002,0.0,False,False
4,405,828879,1,turn_left,0.2952,148.9189,6.3545,1.1075,0.0,False,False
4,406,828879,1,turn_left,0.1698,149.0888,6.341,1.1305,0.0,False,False
4,407,828879,1,turn_left,-0.0133,149.0754,6.3367,0.9244,0.0,False,False
4,408,1406925816,4,forward_right,0.1688,149.2443,6.3257,1.087,0.0,False,False
4,409,1440968876,0,forward,0.253,149.4973,6.3106,1.1184,0.0,False,False
4,410,828879,1,turn_left,0.0946,149.592,6.3009,1.0832,0.0,False,False
4,411,1440968876,0,forward,0.2443,149.8362,6.2861,1.0998,0.0,False,False
4,412,1440968876,0,forward,0.3679,150.2041,6.2653,1.0895,0.0,False,False
4,413,1440968876,0,forward,0.4689,150.6729,6.2393,1.1036,0.0,False,False
4,414,828879,1,turn_left,0.3039,150.9768,6.2191,1.1061,0.0,False,False
4,415,828879,1,turn_left,0.1763,151.1531,6.2053,1.1125,0.0,False,False
4,416,828879,1,turn_left,0.0367,151.1899,6.1985,0.9369,0.0,False,False
4,417,1406925816,4,forward_right,0.1204,151.3103,6.1899,1.1062,0.0,False,False
4,418,828879,1,turn_left,0.0225,151.3328,6.1838,1.0812,0.0,False,False
4,419,867707199,0,forward,0.0739,151.4067,6.1776,1.0887,0.0,False,False
4,420,867707199,0,forward,0.2734,151.6801,6.1615,1.0709,0.0,False,False
4,421,867707199,0,forward,0.4058,152.0859,6.1387,1.0833,0.0,False,False
4,422,867707199,0,forward,0.5159,152.6018,6.1104,1.088,0.0,False,False
4,423,867707199,0,forward,0.5152,153.117,6.0821,1.1015,0.0,False,False
4,424,926291406,4,forward_right,0.3345,153.4515,6.0629,1.1031,0.0,False,False
4,425,926291406,4,forward_right,0.4754,153.9269,6.0366,1.1132,0.0,False,False
4,426,926291406,4,forward_right,0.3458,154.2727,6.0168,1.1376,0.0,False,False
4,427,926291406,4,forward_right,0.1709,154.4436,6.0058,0.9414,0.0,False,False
4,428,1309443777,2,turn_right,0.2726,154.7162,5.9872,1.1587,0.0,False,False
4,429,926291406,4,forward_right,0.2281,154.9442,5.9732,1.1594,0.0,False,False
4,430,828879,1,turn_left,0.1384,155.0827,5.9613,1.1916,0.0,False,False
4,431,828879,1,turn_left,-0.1,154.9827,5.9615,1.1567,0.0,False,False
4,432,926291406,4,forward_right,0.1862,155.1689,5.9497,0.9528,0.0,False,False
4,433,1309443777,2,turn_right,0.1719,155.3407,5.9361,1.1783,0.0,False,False
4,434,926291406,4,forward_right,0.2212,155.5619,5.9226,1.1942,0.0,False,False
4,435,926291406,4,forward_right,0.3232,155.8852,5.9039,1.1931,0.0,False,False
4,436,828879,1,turn_left,0.0658,155.951,5.8956,1.2151,0.0,False,False
4,437,926291406,4,forward_right,0.2178,156.1688,5.8822,1.2129,0.0,False,False
4,438,926291406,4,forward_right,0.3316,156.5004,5.8631,1.2374,0.0,False,False
4,439,828879,1,turn_left,0.0657,156.5661,5.8549,0.9381,0.0,False,False
4,440,1406925816,4,forward_right,0.1433,156.7093,5.8452,1.2291,0.0,False,False
4,441,828879,1,turn_left,0.1416,156.8509,5.8331,1.2342,0.0,False,False
4,442,828879,1,turn_left,-0.1,156.7509,5.8328,1.2071,0.0,False,False
4,443,926291406,4,forward_right,0.0851,156.836,5.8261,1.1808,0.0,False,False
4,444,926291406,4,forward_right,0.4201,157.2561,5.8026,1.2109,0.0,False,False
4,445,926291406,4,forward_right,0.3356,157.5917,5.7833,1.2336,0.0,False,False
4,446,926291406,4,forward_right,0.33,157.9216,5.7643,1.2641,0.0,False,False
4,447,828879,1,turn_left,0.1414,158.063,5.7522,1.2812,0.0,False,False
4,448,828879,1,turn_left,-0.1,157.963,5.7525,1.1279,0.0,False,False
4,449,926291406,4,forward_right,0.1845,158.1475,5.7408,1.2569,0.0,False,False
4,450,926291406,4,forward_right,0.3331,158.4806,5.7216,1.2634,0.0,False,False
4,451,926291406,4,forward_right,0.2821,158.7626,5.705,1.2885,0.0,False,False
4,452,828879,1,turn_left,0.1506,158.9133,5.6925,1.2853,0.0,False,False
4,453,828879,1,turn_left,-0.1,158.8133,5.6927,1.2724,0.0,False,False
4,454,926291406,4,forward_right,0.1464,158.9596,5.6829,1.065,0.0,False,False
4,455,1166997565,3,forward_left,0.3073,159.267,5.665,1.1163,0.0,False,False
4,456,926291406,4,forward_right,0.2385,159.5055,5.6506,1.2933,0.0,False,False
4,457,926291406,4,forward_right,0.3986,159.9041,5.6281,1.314,0.0,False,False
4,458,828879,1,turn_left,0.0538,159.9578,5.6204,1.3123,0.0,False,False
4,459,926291406,4,forward_right,0.2321,160.19,5.6063,1.3003,0.0,False,False
4,460,828879,1,turn_left,0.1505,160.3405,5.5938,1.3261,0.0,False,False
4,461,926291406,4,forward_right,0.0758,160.4163,5.5875,1.32,0.0,False,False
4,462,926291406,4,forward_right,0.3377,160.754,5.5681,1.3308,0.0,False,False
4,463,926291406,4,forward_right,0.3331,161.087,5.549,1.1062,0.0,False,False
4,464,828879,1,turn_left,0.0579,161.1449,5.5411,0.99,0.0,False,False
4,465,1406925816,4,forward_right,0.2241,161.369,5.5274,1.3553,0.0,False,False
4,466,828879,1,turn_left,0.2251,161.5941,5.5111,1.3659,0.0,False,False
4,467,828879,1,turn_left,-0.1,161.4941,5.511,1.348,0.0,False,False
4,468,926291406,4,forward_right,0.2214,161.7155,5.4974,1.3426,0.0,False,False
4,469,926291406,4,forward_right,0.3173,162.0328,5.4791,1.3655,0.0,False,False
4,470,828879,1,turn_left,0.1516,162.1845,5.4665,1.3884,0.0,False,False
4,471,828879,1,turn_left,-0.1,162.0845,5.4664,1.3587,0.0,False,False
4,472,926291406,4,forward_right,0.1477,162.2322,5.4565,0.9916,0.0,False,False
4,473,1309443777,2,turn_right,0.1926,162.4248,5.4419,1.1947,0.0,False,False
4,474,926291406,4,forward_right,0.2036,162.6285,5.4292,1.386,0.0,False,False
4,475,926291406,4,forward_right,0.2105,162.8389,5.4162,1.3836,0.0,False,False
4,476,828879,1,turn_left,0.2289,163.0678,5.3997,1.3836,0.0,False,False
4,477,828879,1,turn_left,-0.1,162.9678,5.3995,0.953,0.0,False,False
4,478,1309443777,2,turn_right,0.0638,163.0316,5.3914,1.2275,0.0,False,False
4,479,926291406,4,forward_right,0.2329,163.2645,5.3772,1.2275,0.0,False,False
4,480,926291406,4,forward_right,0.3202,163.5847,5.3587,1.4016,0.0,False,False
4,481,828879,1,turn_left,0.0915,163.6762,5.3491,1.4016,0.0,False,False
4,482,926291406,4,forward_right,-0.05,163.6262,5.3492,1.383,0.0,False,False
4,483,926291406,4,forward_right,0.3062,163.9324,5.3313,1.3954,0.0,False,False
4,484,926291406,4,forward_right,0.3405,164.2729,5.3118,1.3959,0.0,False,False
4,485,926291406,4,forward_right,0.335,164.6079,5.2926,1.3959,0.0,False,False
4,486,828879,1,turn_left,0.2747,164.8826,5.2738,1.4263,0.0,False,False
4,487,828879,1,turn_left,-0.1,164.7826,5.2721,1.1001,0.0,False,False
4,488,926291406,4,forward_right,0.128,164.9106,5.2632,1.3706,0.0,False,False
4,489,926291406,4,forward_right,0.3266,165.2372,5.2443,1.4516,0.0,False,False
4,490,828879,1,turn_left,0.0918,165.329,5.2348,1.4561,0.0,False,False
4,491,828879,1,turn_left,-0.1,165.229,5.2349,1.4324,0.0,False,False
4,492,926291406,4,forward_right,0.2251,165.4541,5.2212,1.356,0.0,False,False
4,493,926291406,4,forward_right,0.3402,165.7943,5.2017,1.0709,0.0,False,False
4,494,1166997565,3,forward_left,0.2434,166.0377,5.187,1.1155,0.0,False,False
4,495,828879,1,turn_left,0.2494,166.2871,5.1695,1.4645,0.0,False,False
4,496,828879,1,turn_left,0.1204,166.4075,5.1585,1.4542,0.0,False,False
4,497,926291406,4,forward_right,0.22,166.6274,5.145,1.4553,0.0,False,False
4,498,926291406,4,forward_right,0.3167,166.9442,5.1267,1.4833,0.0,False,False
4,499,828879,1,turn_left,0.0455,166.9897,5.1194,1.4705,0.0,False,False
4,500,926291406,4,forward_right,0.2152,167.2049,5.1061,1.4781,0.0,False,False
4,501,926291406,4,forward_right,0.3325,167.5374,5.087,1.4975,0.0,False,False
4,502,828879,1,turn_left,0.0444,167.5818,5.0798,0.9234,0.0,False,False
4,503,1406925816,4,forward_right,0.1385,167.7203,5.0704,1.5143,0.0,False,False
4,504,828879,1,turn_left,0.0443,167.7646,5.0631,1.4875,0.0,False,False
4,505,926291406,4,forward_right,0.1534,167.918,5.053,1.4938,0.0,False,False
4,506,926291406,4,forward_right,0.2519,168.1699,5.0379,1.5079,0.0,False,False
4,507,828879,1,turn_left,0.1984,168.3682,5.023,1.5108,0.0,False,False
4,508,926291406,4,forward_right,0.0595,168.4277,5.0175,1.5053,0.0,False,False
4,509,926291406,4,forward_right,0.4136,168.8413,4.9943,1.3849,0.0,False,False
4,510,828879,1,turn_left,0.1191,168.9604,4.9834,0.9537,0.0,False,False
4,511,1406925816,4,forward_right,0.1975,169.1579,4.971,0.9537,0.0,False,False
4,512,1406925816,4,forward_right,0.3255,169.4834,4.9522,1.542,0.0,False,False
4,513,828879,1,turn_left,0.0363,169.5196,4.9454,1.5388,0.0,False,False
4,514,828879,1,turn_left,-0.1,169.4196,4.9454,1.5177,0.0,False,False
4,515,926291406,4,forward_right,0.1181,169.5377,4.937,1.5128,0.0,False,False
4,516,926291406,4,forward_right,0.2629,169.8006,4.9214,1.5128,0.0,False,False
4,517,926291406,4,forward_right,0.4129,170.2135,4.8982,1.5463,0.0,False,False
4,518,926291406,4,forward_right,0.3295,170.543,4.8792,1.5588,0.0,False,False
4,519,828879,1,turn_left,0.1938,170.7368,4.8646,1.5802,0.0,False,False
4,520,828879,1,turn_left,-0.1,170.6368,4.8648,1.142,0.0,False,False
4,521,926291406,4,forward_right,0.047,170.6838,4.8599,1.1577,0.0,False,False
4,522,926291406,4,forward_right,0.3383,171.0221,4.8405,1.5618,0.0,False,False
4,523,926291406,4,forward_right,0.2578,171.2799,4.8251,1.5745,0.0,False,False
4,524,828879,1,turn_left,0.0963,171.3762,4.8153,1.5638,0.0,False,False
4,525,926291406,4,forward_right,0.1426,171.5188,4.8057,1.5834,0.0,False,False
4,526,926291406,4,forward_right,0.2589,171.7776,4.7902,1.5924,0.0,False,False
4,527,926291406,4,forward_right,0.331,172.1087,4.7712,1.5924,0.0,False,False
4,528,828879,1,turn_left,0.1984,172.3071,4.7563,1.3094,0.0,False,False
4,529,828879,1,turn_left,-0.1,172.2071,4.7563,1.0329,0.0,False,False
4,530,1166997565,3,forward_left,0.2158,172.4229,4.743,1.5924,0.0,False,False
4,531,926291406,4,forward_right,0.3021,172.725,4.7254,1.5844,0.0,False,False
4,532,926291406,4,forward_right,0.3135,173.0386,4.7072,1.6099,0.0,False,False
4,533,926291406,4,forward_right,0.3326,173.3711,4.6881,1.6301,0.0,False,False
4,534,828879,1,turn_left,0.056,173.4271,4.6803,1.6237,0.0,False,False
4,535,926291406,4,forward_right,0.1424,173.5696,4.6706,1.5502,0.0,False,False
4,536,926291406,4,forward_right,0.3388,173.9084,4.6512,1.1549,0.0,False,False
4,537,926291406,4,forward_right,0.2341,174.1425,4.637,0.9954,0.0,False,False
4,538,1406925816,4,forward_right,0.2917,174.4343,4.6199,1.662,0.0,False,False
4,539,828879,1,turn_left,0.0566,174.4909,4.6121,1.6398,0.0,False,False
4,540,828879,1,turn_left,-0.1,174.3909,4.6123,1.6285,0.0,False,False
4,541,926291406,4,forward_right,0.2247,174.6156,4.5986,1.6258,0.0,False,False
4,542,926291406,4,forward_right,0.3376,174.9532,4.5792,1.6385,0.0,False,False
4,543,926291406,4,forward_right,0.2477,175.2009,4.5643,1.6385,0.0,False,False
4,544,828879,1,turn_left,0.1352,175.3361,4.5525,1.6677,0.0,False,False
4,545,926291406,4,forward_right,0.1443,175.4804,4.5428,1.6676,0.0,False,False
4,546,926291406,4,forward_right,0.3359,175.8163,4.5235,1.4032,0.0,False,False
4,547,828879,1,turn_left,0.0625,175.8788,4.5154,0.9345,0.0,False,False
4,548,1309443777,2,turn_right,0.0893,175.9681,4.5059,1.681,0.0,False,False
4,549,926291406,4,forward_right,0.1023,176.0703,4.4983,3.9324,0.0,False,False
4,550,828879,1,turn_left,0.0459,176.1163,4.491,3.9199,0.0,False,False
4,551,828879,1,turn_left,-0.1,176.0163,4.491,1.664,0.0,False,False
4,552,926291406,4,forward_right,0.1512,176.1675,4.4809,1.6517,0.0,False,False
4,553,926291406,4,forward_right,0.3268,176.4943,4.4621,1.6749,0.0,False,False
4,554,926291406,4,forward_right,0.336,176.8303,4.4428,3.9043,0.0,False,False
4,555,926291406,4,forward_right,0.3301,177.1604,4.4238,3.8784,0.0,False,False
4,556,828879,1,turn_left,0.0572,177.2176,4.4159,2.6026,0.0,False,False
4,557,926291406,4,forward_right,0.1422,177.3598,4.4063,2.6026,0.0,False,False
4,558,926291406,4,forward_right,0.3303,177.6901,4.3873,0.9578,0.0,False,False
4,559,1406925816,4,forward_right,0.2532,177.9433,4.3721,1.5359,0.0,False,False
4,560,828879,1,turn_left,0.0518,177.9951,4.3645,1.5359,0.0,False,False
4,561,828879,1,turn_left,-0.1,177.8951,4.3648,1.5912,0.0,False,False
4,562,926291406,4,forward_right,0.1493,178.0443,4.3548,1.5912,0.0,False,False
4,563,926291406,4,forward_right,0.3428,178.3871,4.3352,1.6748,0.0,False,False
4,564,926291406,4,forward_right,0.3373,178.7244,4.3158,2.7193,0.0,False,False
4,565,926291406,4,forward_right,0.3314,179.0559,4.2967,2.7193,0.0,False,False
4,566,828879,1,turn_left,0.0535,179.1094,4.289,1.479,0.0,False,False
4,567,926291406,4,forward_right,0.2189,179.3283,4.2756,1.479,0.0,False,False
4,568,926291406,4,forward_right,0.2874,179.6157,4.2587,1.1906,0.0,False,False
4,569,828879,1,turn_left,0.1293,179.745,4.2473,1.1906,0.0,False,False
4,570,828879,1,turn_left,-0.1,179.645,4.2469,1.1971,0.0,False,False
4,571,926291406,4,forward_right,0.2262,179.8712,4.2331,0.9673,0.0,False,False
4,572,1309443777,2,turn_right,0.1415,180.0127,4.221,1.8102,0.0,False,False
4,573,926291406,4,forward_right,0.1695,180.1821,4.21,1.9718,0.0,False,False
4,574,828879,1,turn_left,0.2067,180.3889,4.1947,2.1486,0.0,False,False
4,575,828879,1,turn_left,-0.1,180.2889,4.1947,2.1486,0.0,False,False
4,576,926291406,4,forward_right,0.0164,180.3053,4.1914,1.2364,0.0,False,False
4,577,926291406,4,forward_right,0.4195,180.7248,4.1679,2.313,0.0,False,False
4,578,926291406,4,forward_right,0.3347,181.0595,4.1487,2.313,0.0,False,False
4,579,926291406,4,forward_right,0.3115,181.371,4.1306,3.7116,0.0,False,False
4,580,828879,1,turn_left,0.1321,181.5031,4.119,3.7017,0.0,False,False
4,581,828879,1,turn_left,-0.1,181.4031,4.1192,3.7017,0.0,False,False
4,582,926291406,4,forward_right,0.1987,181.6019,4.1068,1.0303,0.0,False,False
4,583,1166997565,3,forward_left,0.2287,181.8306,4.0929,1.3616,0.0,False,False
4,584,926291406,4,forward_right,0.2246,182.0552,4.0791,1.3616,0.0,False,False
4,585,926291406,4,forward_right,0.4167,182.4719,4.0558,1.6687,0.0,False,False
4,586,926291406,4,forward_right,0.3332,182.8051,4.0366,1.5364,0.0,False,False
4,587,828879,1,turn_left,0.2585,183.0636,4.0187,1.5364,0.0,False,False
4,588,828879,1,turn_left,-0.1,182.9636,4.0182,1.206,0.0,False,False
4,589,926291406,4,forward_right,0.0645,183.0281,4.0125,1.174,0.0,False,False
4,590,926291406,4,forward_right,0.3364,183.3645,3.9932,1.174,0.0,False,False
4,591,926291406,4,forward_right,0.2547,183.6192,3.9779,2.0317,0.0,False,False
4,592,828879,1,turn_left,0.2053,183.8245,3.9627,3.6339,0.0,False,False
4,593,828879,1,turn_left,-0.1,183.7245,3.9628,2.0852,0.0,False,False
4,594,926291406,4,forward_right,0.2262,183.9508,3.949,1.9675,0.0,False,False
4,595,926291406,4,forward_right,0.3377,184.2885,3.9296,2.0507,0.0,False,False
4,596,926291406,4,forward_right,0.3321,184.6206,3.9105,1.8314,0.0,False,False
4,597,828879,1,turn_left,0.1301,184.7507,3.899,1.0797,0.0,False,False
4,598,587486767,5,stop,0.0541,184.8048,3.8938,1.0797,0.0,False,False
4,599,587486767,5,stop,0.1068,184.9115,3.886,2.0992,0.0,False,False
4,600,828879,1,turn_left,-0.0302,184.8814,3.8825,2.0992,0.0,False,False
4,601,828879,1,turn_left,-0.0363,184.8451,3.8793,2.557,0.0,False,False
4,602,926291406,4,forward_right,0.1287,184.9738,3.8704,2.7583,0.0,False,False
4,603,926291406,4,forward_right,0.3321,185.3059,3.8513,3.5874,0.0,False,False
4,604,828879,1,turn_left,0.0098,185.3156,3.8458,3.5904,0.0,False,False
4,605,926291406,4,forward_right,0.1343,185.4499,3.8366,3.4613,0.0,False,False
4,606,926291406,4,forward_right,0.3391,185.789,3.8171,1.4657,0.0,False,False
4,607,926291406,4,forward_right,0.3346,186.1236,3.7979,1.4657,0.0,False,False
4,608,828879,1,turn_left,0.1107,186.2342,3.7874,1.0297,0.0,False,False
4,609,587486767,5,stop,0.0028,186.2371,3.7847,1.0297,0.0,False,False
4,610,1166997565,3,forward_left,0.0281,186.2652,3.7808,1.2862,0.0,False,False
4,611,926291406,4,forward_right,0.2171,186.4823,3.7675,1.4959,0.0,False,False
4,612,926291406,4,forward_right,0.3357,186.818,3.7482,3.5599,0.0,False,False
4,613,926291406,4,forward_right,0.3172,187.1351,3.7298,3.5599,0.0,False,False
4,614,828879,1,turn_left,0.0246,187.1598,3.7236,3.3448,0.0,False,False
4,615,926291406,4,forward_right,-0.05,187.1098,3.722,3.3448,0.0,False,False
4,616,926291406,4,forward_right,0.2587,187.3685,3.7066,1.2661,0.0,False,False
4,617,926291406,4,forward_right,0.3674,187.7359,3.6857,1.0008,0.0,False,False
4,618,1309443777,2,turn_right,0.2131,187.949,3.67,1.206,0.0,False,False
4,619,828879,1,turn_left,0.0778,188.0268,3.6611,1.5115,0.0,False,False
4,620,828879,1,turn_left,-0.1,187.9268,3.6601,1.3077,0.0,False,False
4,621,926291406,4,forward_right,0.1317,188.0585,3.651,0.9631,0.0,False,False
4,622,1309443777,2,turn_right,0.1791,188.2376,3.6371,1.6929,0.0,False,False
4,623,926291406,4,forward_right,0.1604,188.398,3.6266,1.6929,0.0,False,False
4,624,926291406,4,forward_right,0.2989,188.6969,3.6091,1.7827,0.0,False,False
4,625,926291406,4,forward_right,0.3366,189.0335,3.5898,2.2548,0.0,False,False
4,626,926291406,4,forward_right,0.2549,189.2884,3.5746,2.7404,0.0,False,False
4,627,828879,1,turn_left,0.2802,189.5686,3.5555,2.8567,0.0,False,False
4,628,828879,1,turn_left,-0.1,189.4686,3.5555,1.908,0.0,False,False
4,629,926291406,4,forward_right,0.1335,189.6022,3.5464,0.9405,0.0,False,False
4,630,926291406,4,forward_right,0.3333,189.9355,3.5272,1.7844,0.0,False,False
4,631,828879,1,turn_left,0.118,190.0534,3.5163,3.4951,0.0,False,False
4,632,828879,1,turn_left,-0.1,189.9534,3.5164,3.4696,0.0,False,False
4,633,926291406,4,forward_right,0.1468,190.1003,3.5066,1.6115,0.0,False,False
4,634,926291406,4,forward_right,0.3184,190.4186,3.4881,1.0183,0.0,False,False
4,635,1086056247,1,turn_left,0.1372,190.5558,3.4763,0.9928,0.0,False,False
4,636,1341840061,1,turn_left,-0.1,190.4558,3.4763,0.972,0.0,False,False
4,637,1341840061,1,turn_left,-0.1,190.3558,3.4762,0.972,0.0,False,False
4,638,1341840061,1,turn_left,-0.1,190.2558,3.4762,0.9711,0.0,False,False
4,639,1341840061,1,turn_left,-0.1,190.1558,3.4763,0.967,0.0,False,False
4,640,1341840061,1,turn_left,-0.1,190.0558,3.4764,0.9688,0.0,False,False
4,641,1341840061,1,turn_left,-0.1,189.9558,3.4764,0.9499,0.0,False,False
4,642,1341840061,1,turn_left,-0.1,189.8558,3.4764,0.9612,0.0,False,False
4,643,1341840061,1,turn_left,-0.1,189.7558,3.4762,0.9672,0.0,False,False
4,644,1341840061,1,turn_left,-0.1,189.6558,3.476,0.9658,0.0,False,False
4,645,1341840061,1,turn_left,-0.1,189.5558,3.4757,0.9625,0.0,False,False
4,646,1341840061,1,turn_left,-0.1,189.4558,3.4753,0.9639,0.0,False,False
4,647,1341840061,1,turn_left,-0.1,189.3558,3.4748,0.9634,0.0,False,False
4,648,628034558,2,turn_right,0.063,189.4188,3.4667,0.9628,0.0,False,False
4,649,628034558,2,turn_right,-0.1,189.3188,3.4668,1.1633,0.0,False,False
4,650,2095099663,0,forward,0.1003,189.4192,3.4593,0.9622,0.0,False,False
4,651,1341840061,1,turn_left,-0.0199,189.3993,3.4553,1.1848,0.0,False,False
4,652,2095099663,0,forward,0.2031,189.6024,3.4427,1.0026,0.0,False,False
4,653,1341840061,1,turn_left,0.2588,189.8612,3.4247,1.1049,0.0,False,False
4,654,2095099663,0,forward,0.1375,189.9987,3.4154,1.1066,0.0,False,False
4,655,2095099663,0,forward,0.3772,190.3759,3.394,1.2078,0.0,False,False
4,656,2095099663,0,forward,0.4147,190.7906,3.3708,2.0149,0.0,False,False
4,657,2095099663,0,forward,0.4898,191.2805,3.3438,2.0199,0.0,False,False
4,658,2095099663,0,forward,0.4961,191.7766,3.3165,2.0073,0.0,False,False
4,659,2095099663,0,forward,0.4952,192.2717,3.2892,2.0192,0.0,False,False
4,660,2095099663,0,forward,0.4942,192.7659,3.262,2.0072,0.0,False,False
4,661,775643194,4,forward_right,0.3963,193.1622,3.2397,2.0034,0.0,False,False
4,662,2095099663,0,forward,0.4414,193.6037,3.2151,1.9995,0.0,False,False
4,663,2095099663,0,forward,0.4997,194.1034,3.1876,1.5407,0.0,False,False
4,664,2095099663,0,forward,0.2137,194.317,3.1744,1.0625,0.0,False,False
4,665,1263078535,3,forward_left,0.3781,194.6951,3.153,1.2456,0.0,False,False
4,666,775643194,4,forward_right,0.3002,194.9953,3.1355,2.0101,0.0,False,False
4,667,775643194,4,forward_right,0.277,195.2723,3.1192,2.0233,0.0,False,False
4,668,2095099663,0,forward,0.4761,195.7484,3.0929,2.0116,0.0,False,False
4,669,2095099663,0,forward,0.5016,196.25,3.0653,2.0259,0.0,False,False
4,670,2095099663,0,forward,0.5006,196.7506,3.0378,2.0266,0.0,False,False
4,671,2095099663,0,forward,0.3898,197.1404,3.0158,2.0289,0.0,False,False
4,672,2095099663,0,forward,0.6086,197.749,2.9828,2.0303,0.0,False,False
4,673,2095099663,0,forward,0.498,198.247,2.9554,1.9534,0.0,False,False
4,674,2095099663,0,forward,0.4618,198.7089,2.9298,1.2905,0.0,False,False
4,675,2095099663,0,forward,0.3512,199.0601,2.9098,2.0506,0.0,False,False
4,676,2095099663,0,forward,0.3041,199.3641,2.8921,2.0506,0.0,False,False
4,677,2095099663,0,forward,0.4548,199.819,2.8668,2.047,0.0,False,False
4,678,775643194,4,forward_right,0.3108,200.1297,2.8488,2.0635,0.0,False,False
4,679,2095099663,0,forward,0.4249,200.5546,2.8251,2.0897,0.0,False,False
4,680,2095099663,0,forward,0.4896,201.0442,2.7981,2.1872,0.0,False,False
4,681,2095099663,0,forward,0.5043,201.5485,2.7704,1.7842,0.0,False,False
4,682,2095099663,0,forward,0.3933,201.9418,2.7482,1.2578,0.0,False,False
4,683,2095099663,0,forward,0.344,202.2858,2.7285,0.9345,0.0,False,False
4,684,1341840061,1,turn_left,0.3149,202.6007,2.7077,2.317,0.0,False,False
4,685,2095099663,0,forward,0.4219,203.0227,2.6842,2.3411,0.0,False,False
4,686,2095099663,0,forward,0.3716,203.3943,2.6631,2.4044,0.0,False,False
4,687,2095099663,0,forward,0.5081,203.9024,2.6352,2.4765,0.0,False,False
4,688,2095099663,0,forward,0.5071,204.4095,2.6073,2.5306,0.0,False,False
4,689,2095099663,0,forward,0.5061,204.9156,2.5795,2.5358,0.0,False,False
4,690,2095099663,0,forward,0.5051,205.4206,2.5518,2.5947,0.0,False,False
4,691,2095099663,0,forward,0.504,205.9247,2.5241,2.6339,0.0,False,False
4,692,2095099663,0,forward,0.5031,206.4278,2.4964,2.6666,0.0,False,False
4,693,2095099663,0,forward,0.5024,206.9301,2.4688,1.797,0.0,False,False
4,694,2095099663,0,forward,0.389,207.3191,2.4468,1.1785,0.0,False,False
4,695,2095099663,0,forward,0.347,207.6661,2.427,0.9663,0.0,False,False
4,696,1341840061,1,turn_left,0.2824,207.9485,2.4079,4.3935,0.0,False,False
4,697,2095099663,0,forward,0.3654,208.314,2.3871,4.3845,0.0,False,False
4,698,2095099663,0,forward,0.4779,208.7919,2.3607,4.3674,0.0,False,False
4,699,2095099663,0,forward,0.3923,209.1842,2.3386,4.3935,0.0,False,False
4,700,2095099663,0,forward,0.5017,209.6859,2.311,4.3909,0.0,False,False
4,701,2095099663,0,forward,0.6104,210.2963,2.278,4.4273,0.0,False,False
4,702,2095099663,0,forward,0.4989,210.7951,2.2505,4.4284,0.0,False,False
4,703,2095099663,0,forward,0.4976,211.2927,2.2231,4.0874,0.0,False,False
4,704,2095099663,0,forward,0.4963,211.789,2.1958,2.5459,0.0,False,False
4,705,2095099663,0,forward,0.4954,212.2845,2.1686,1.6274,0.0,False,False
4,706,2095099663,0,forward,0.2777,212.5621,2.1522,1.0316,0.0,False,False
4,707,1735607660,2,turn_right,0.4018,212.964,2.1271,1.4331,0.0,False,False
4,708,775643194,4,forward_right,0.3207,213.2846,2.1086,4.4088,0.0,False,False
4,709,2095099663,0,forward,0.3834,213.6681,2.0869,4.4011,0.0,False,False
4,710,2095099663,0,forward,0.5007,214.1688,2.0593,4.3981,0.0,False,False
4,711,2095099663,0,forward,0.609,214.7778,2.0264,4.3895,0.0,False,False
4,712,2095099663,0,forward,0.3882,215.166,2.0045,4.3677,0.0,False,False
4,713,2095099663,0,forward,0.4963,215.6623,1.9772,4.3466,0.0,False,False
4,714,2095099663,0,forward,0.4947,216.157,1.9499,4.3356,0.0,False,False
4,715,2095099663,0,forward,0.4931,216.6502,1.9228,3.1767,0.0,False,False
4,716,775643194,4,forward_right,0.4702,217.1203,1.8968,1.9283,0.0,False,False
4,717,1341840061,1,turn_left,0.0173,217.1376,1.8909,0.9741,0.0,False,False
4,718,1341840061,1,turn_left,-0.1,217.0376,1.8898,1.1136,0.0,False,False
4,719,775643194,4,forward_right,0.1439,217.1815,1.8801,1.3612,0.0,False,False
4,720,775643194,4,forward_right,0.3174,217.4989,1.8618,3.1783,0.0,False,False
4,721,775643194,4,forward_right,0.2768,217.7757,1.8454,4.2952,0.0,False,False
4,722,775643194,4,forward_right,0.3294,218.1051,1.8265,4.2973,0.0,False,False
4,723,2095099663,0,forward,0.4175,218.5226,1.8031,4.2768,0.0,False,False
4,724,2095099663,0,forward,0.4966,219.0192,1.7757,4.2683,0.0,False,False
4,725,2095099663,0,forward,0.3863,219.4055,1.7539,4.2562,0.0,False,False
4,726,2095099663,0,forward,0.6023,220.0078,1.7213,4.2503,0.0,False,False
4,727,775643194,4,forward_right,0.4267,220.4346,1.6975,4.2301,0.0,False,False
4,728,775643194,4,forward_right,0.331,220.7656,1.6784,2.1578,0.0,False,False
4,729,2095099663,0,forward,0.2297,220.9953,1.6644,1.0753,0.0,False,False
4,730,1263078535,3,forward_left,0.4071,221.4024,1.6416,1.2232,0.0,False,False
4,731,2095099663,0,forward,0.3948,221.7972,1.6193,4.2174,0.0,False,False
4,732,2095099663,0,forward,0.4526,222.2499,1.5942,4.2107,0.0,False,False
4,733,2095099663,0,forward,0.4987,222.7486,1.5668,4.199,0.0,False,False
4,734,2095099663,0,forward,0.4968,223.2454,1.5394,4.1961,0.0,False,False
4,735,2095099663,0,forward,0.4947,223.7401,1.5122,4.1782,0.0,False,False
4,736,775643194,4,forward_right,0.4194,224.1594,1.4887,4.1667,0.0,False,False
4,737,2095099663,0,forward,0.4543,224.6137,1.4635,2.2172,0.0,False,False
4,738,2095099663,0,forward,0.4937,225.1074,1.4363,1.5021,0.0,False,False
4,739,775643194,4,forward_right,0.3053,225.4127,1.4186,0.9891,0.0,False,False
4,740,628034558,2,turn_right,0.3039,225.7167,1.3984,1.3039,0.0,False,False
4,741,775643194,4,forward_right,0.2998,226.0164,1.3809,4.148,0.0,False,False
4,742,775643194,4,forward_right,0.4066,226.423,1.3581,4.1327,0.0,False,False
4,743,2095099663,0,forward,0.2808,226.7039,1.3415,4.1224,0.0,False,False
4,744,2095099663,0,forward,0.4996,227.2035,1.314,4.1245,0.0,False,False
4,745,2095099663,0,forward,0.4989,227.7024,1.2866,4.117,0.0,False,False
4,746,2095099663,0,forward,0.4964,228.1988,1.2593,4.1211,0.0,False,False
4,747,2095099663,0,forward,500.0,728.1988,1.2321,4.1071,0.0,True,False
5,1,964610217,0,forward,0.0494,0.0494,15.9694,1.0725,0.0,False,False
5,2,1904234423,4,forward_right,0.2191,0.2685,15.9559,1.3308,0.0,False,False
5,3,1548021558,0,forward,0.3428,0.6113,15.9363,1.8155,0.0,False,False
5,4,1548021558,0,forward,0.4965,1.1078,15.9089,3.8006,0.0,False,False
5,5,1548021558,0,forward,0.5439,1.6517,15.8792,3.9815,0.0,False,False
5,6,1548021558,0,forward,0.5342,2.1859,15.85,3.9475,0.0,False,False
5,7,1548021558,0,forward,0.5439,2.7298,15.8203,3.9294,0.0,False,False
5,8,1548021558,0,forward,0.5438,3.2736,15.7906,3.9115,0.0,False,False
5,9,1548021558,0,forward,0.5438,3.8174,15.761,3.8829,0.0,False,False
5,10,1548021558,0,forward,0.5437,4.3611,15.7313,3.8346,0.0,False,False
5,11,1548021558,0,forward,0.5438,4.9049,15.7016,2.4671,0.0,False,False
5,12,1548021558,0,forward,0.544,5.4489,15.6719,1.5395,0.0,False,False
5,13,1548021558,0,forward,0.5448,5.9937,15.6421,0.9994,0.0,False,False
5,14,964610217,0,forward,0.4629,6.4566,15.6165,1.3247,0.0,False,False
5,15,1548021558,0,forward,0.5425,6.9992,15.5869,2.7418,0.0,False,False
5,16,1548021558,0,forward,0.5434,7.5426,15.5572,3.7373,0.0,False,False
5,17,1548021558,0,forward,0.527,8.0696,15.5283,3.7126,0.0,False,False
5,18,1548021558,0,forward,0.5436,8.6132,15.4987,3.6771,0.0,False,False
5,19,1548021558,0,forward,0.5435,9.1567,15.469,3.664,0.0,False,False
5,20,1548021558,0,forward,0.5435,9.7002,15.4393,3.6614,0.0,False,False
5,21,1548021558,0,forward,0.5434,10.2436,15.4096,3.6218,0.0,False,False
5,22,1548021558,0,forward,0.5434,10.787,15.38,2.918,0.0,False,False
5,23,1548021558,0,forward,0.5435,11.3306,15.3503,1.8165,0.0,False,False
5,24,1548021558,0,forward,0.544,11.8746,15.3206,1.1671,0.0,False,False
5,25,1548021558,0,forward,0.4662,12.3408,15.2948,1.0903,0.0,False,False
5,26,1904234423,4,forward_right,0.5705,12.9113,15.2638,1.9516,0.0,False,False
5,27,1548021558,0,forward,0.3397,13.251,15.2443,3.5055,0.0,False,False
5,28,1548021558,0,forward,0.5397,13.7907,15.2148,3.5134,0.0,False,False
5,29,1548021558,0,forward,0.6328,14.4235,15.1806,3.4798,0.0,False,False
5,30,1548021558,0,forward,0.4218,14.8453,15.1571,3.4798,0.0,False,False
5,31,1548021558,0,forward,0.5397,15.385,15.1276,3.4355,0.0,False,False
5,32,1548021558,0,forward,0.5396,15.9246,15.0981,3.4252,0.0,False,False
5,33,1548021558,0,forward,0.5395,16.4642,15.0686,3.4042,0.0,False,False
5,34,1548021558,0,forward,0.5395,17.0037,15.0391,3.0448,0.0,False,False
5,35,1548021558,0,forward,0.6575,17.6612,15.0038,1.9359,0.0,False,False
5,36,1548021558,0,forward,0.4221,18.0833,14.9802,1.2,0.0,False,False
5,37,1548021558,0,forward,0.3755,18.4588,14.9589,1.0554,0.0,False,False
5,38,1904234423,4,forward_right,0.5686,19.0274,14.928,1.752,0.0,False,False
5,39,1548021558,0,forward,0.4193,19.4467,14.9045,2.8784,0.0,False,False
5,40,1548021558,0,forward,0.5348,19.9815,14.8753,3.3019,0.0,False,False
5,41,1548021558,0,forward,0.5197,20.5013,14.8468,3.2883,0.0,False,False
5,42,1548021558,0,forward,0.535,21.0362,14.8175,3.2747,0.0,False,False
5,43,1548021558,0,forward,0.5348,21.571,14.7883,3.2508,0.0,False,False
5,44,1548021558,0,forward,0.5347,22.1057,14.759,3.2335,0.0,False,False
5,45,1548021558,0,forward,0.5346,22.6403,14.7298,3.2084,0.0,False,False
5,46,1548021558,0,forward,0.5345,23.1748,14.7006,3.1967,0.0,False,False
5,47,1548021558,0,forward,0.5346,23.7094,14.6714,2.1215,0.0,False,False
5,48,1548021558,0,forward,0.5348,24.2442,14.6421,1.3861,0.0,False,False
5,49,1548021558,0,forward,0.4988,24.7431,14.6147,0.9421,0.0,False,False
5,50,964610217,0,forward,0.4521,25.1951,14.5896,1.6782,0.0,False,False
5,51,1548021558,0,forward,0.5319,25.7271,14.5605,3.1285,0.0,False,False
5,52,1548021558,0,forward,0.5107,26.2378,14.5324,3.1134,0.0,False,False
5,53,1548021558,0,forward,0.5323,26.7701,14.5033,3.1051,0.0,False,False
5,54,1548021558,0,forward,0.5325,27.3026,14.4742,3.08,0.0,False,False
5,55,1548021558,0,forward,0.5324,27.835,14.4451,3.0664,0.0,False,False
5,56,1548021558,0,forward,0.5323,28.3673,14.416,3.0576,0.0,False,False
5,57,1548021558,0,forward,0.5322,28.8995,14.3869,3.0576,0.0,False,False
5,58,1548021558,0,forward,0.5322,29.4317,14.3577,2.2179,0.0,False,False
5,59,1548021558,0,forward,0.5324,29.9642,14.3286,1.4187,0.0,False,False
5,60,1548021558,0,forward,0.5176,30.4817,14.3002,0.9454,0.0,False,False
5,61,964610217,0,forward,0.4475,30.9292,14.2754,1.5869,0.0,False,False
5,62,1548021558,0,forward,0.5308,31.46,14.2463,2.9735,0.0,False,False
5,63,1548021558,0,forward,0.5235,31.9836,14.2176,2.9735,0.0,False,False
5,64,1548021558,0,forward,0.5092,32.4928,14.1897,2.9568,0.0,False,False
5,65,1548021558,0,forward,0.5313,33.0241,14.1606,2.9583,0.0,False,False
5,66,1548021558,0,forward,0.5312,33.5553,14.1316,2.9321,0.0,False,False
5,67,1548021558,0,forward,0.5311,34.0864,14.1025,2.9308,0.0,False,False
5,68,1548021558,0,forward,0.531,34.6174,14.0735,2.9156,0.0,False,False
5,69,1548021558,0,forward,0.4147,35.0321,14.0502,2.9156,0.0,False,False
5,70,1548021558,0,forward,0.6471,35.6792,14.0154,2.9017,0.0,False,False
5,71,1548021558,0,forward,0.5313,36.2105,13.9863,1.891,0.0,False,False
5,72,1548021558,0,forward,0.4502,36.6607,13.9613,1.2044,0.0,False,False
5,73,1548021558,0,forward,0.5044,37.1651,13.9336,1.0385,0.0,False,False
5,74,1904234423,4,forward_right,0.4158,37.5808,13.9103,2.5597,0.0,False,False
5,75,1548021558,0,forward,0.4932,38.074,13.8831,2.8644,0.0,False,False
5,76,1548021558,0,forward,0.4089,38.4829,13.8602,2.8436,0.0,False,False
5,77,1548021558,0,forward,0.5227,39.0056,13.8315,2.8436,0.0,False,False
5,78,1548021558,0,forward,0.5226,39.5282,13.8029,2.8297,0.0,False,False
5,79,1548021558,0,forward,0.5224,40.0506,13.7743,2.8297,0.0,False,False
5,80,1548021558,0,forward,0.4078,40.4585,13.7514,2.8245,0.0,False,False
5,81,1548021558,0,forward,0.6367,41.0951,13.7171,2.4192,0.0,False,False
5,82,1548021558,0,forward,0.5223,41.6174,13.6885,2.4192,0.0,False,False
5,83,1548021558,0,forward,0.5229,42.1403,13.6598,1.5324,0.0,False,False
5,84,1548021558,0,forward,0.4077,42.548,13.6369,0.979,0.0,False,False
5,85,964610217,0,forward,0.5206,43.0686,13.6084,1.4461,0.0,False,False
5,86,1548021558,0,forward,0.4839,43.5525,13.5817,2.7225,0.0,False,False
5,87,1548021558,0,forward,0.5214,44.0739,13.5531,2.7109,0.0,False,False
5,88,1548021558,0,forward,0.521,44.5948,13.5246,2.6666,0.0,False,False
5,89,1548021558,0,forward,0.5208,45.1156,13.496,2.6291,0.0,False,False
5,90,1548021558,0,forward,0.5207,45.6363,13.4675,2.599,0.0,False,False
5,91,1548021558,0,forward,0.5205,46.1569,13.439,2.5761,0.0,False,False
5,92,1548021558,0,forward,0.6346,46.7915,13.4048,1.9574,0.0,False,False
5,93,1548021558,0,forward,0.4066,47.1981,13.3819,1.9574,0.0,False,False
5,94,1548021558,0,forward,0.7321,47.9301,13.3428,0.9568,0.0,False,False
5,95,964610217,0,forward,0.1772,48.1073,13.3315,0.9568,0.0,False,False
5,96,1548021558,0,forward,0.5193,48.6267,13.303,2.1362,0.0,False,False
5,97,1548021558,0,forward,0.4622,49.0888,13.2774,2.417,0.0,False,False
5,98,1548021558,0,forward,0.5186,49.6074,13.249,2.3901,0.0,False,False
5,99,1548021558,0,forward,0.5182,50.1256,13.2205,2.3656,0.0,False,False
5,100,1548021558,0,forward,0.518,50.6436,13.1921,2.3221,0.0,False,False
5,101,1548021558,0,forward,0.5179,51.1615,13.1638,2.3028,0.0,False,False
5,102,1548021558,0,forward,0.5177,51.6792,13.1354,2.2538,0.0,False,False
5,103,1548021558,0,forward,0.5176,52.1968,13.107,2.2312,0.0,False,False
5,104,1548021558,0,forward,0.5177,52.7144,13.0786,2.1967,0.0,False,False
5,105,1548021558,0,forward,0.4045,53.119,13.0559,1.3757,0.0,False,False
5,106,1548021558,0,forward,0.4867,53.6056,13.029,0.9439,0.0,False,False
5,107,964610217,0,forward,0.5152,54.1208,13.0008,2.0442,0.0,False,False
5,108,1548021558,0,forward,0.4487,54.5695,12.9759,2.0964,0.0,False,False
5,109,1548021558,0,forward,0.5157,55.0852,12.9476,2.0689,0.0,False,False
5,110,1548021558,0,forward,0.5154,55.6006,12.9193,2.0286,0.0,False,False
5,111,1548021558,0,forward,0.5152,56.1158,12.891,2.0116,0.0,False,False
5,112,1548021558,0,forward,0.515,56.6308,12.8628,1.9871,0.0,False,False
5,113,1548021558,0,forward,0.6279,57.2587,12.8289,1.9447,0.0,False,False
5,114,1548021558,0,forward,0.4019,57.6606,12.8063,1.9126,0.0,False,False
5,115,1548021558,0,forward,0.5153,58.1759,12.778,1.5077,0.0,False,False
5,116,1548021558,0,forward,0.3949,58.5708,12.7558,0.9767,0.0,False,False
5,117,964610217,0,forward,0.5042,59.075,12.7281,1.4758,0.0,False,False
5,118,1548021558,0,forward,0.4909,59.5659,12.701,1.8118,0.0,False,False
5,119,1548021558,0,forward,0.4813,60.0472,12.6745,1.7913,0.0,False,False
5,120,1548021558,0,forward,0.5124,60.5597,12.6463,1.7525,0.0,False,False
5,121,1548021558,0,forward,0.5122,61.0719,12.6182,1.7219,0.0,False,False
5,122,1548021558,0,forward,0.512,61.5839,12.5901,1.6858,0.0,False,False
5,123,1548021558,0,forward,0.5119,62.0958,12.562,1.6544,0.0,False,False
5,124,1548021558,0,forward,0.5119,62.6076,12.5339,1.6185,0.0,False,False
5,125,1548021558,0,forward,0.5124,63.12,12.5058,1.419,0.0,False,False
5,126,1548021558,0,forward,0.395,63.515,12.4836,0.9458,0.0,False,False
5,127,964610217,0,forward,0.3975,63.9125,12.4612,1.5439,0.0,False,False
5,128,1548021558,0,forward,0.5008,64.4133,12.4337,1.5274,0.0,False,False
5,129,1548021558,0,forward,0.5774,64.9906,12.4023,1.5117,0.0,False,False
5,130,1548021558,0,forward,0.5098,65.5004,12.3743,1.482,0.0,False,False
5,131,1548021558,0,forward,0.5096,66.01,12.3463,1.4431,0.0,False,False
5,132,1548021558,0,forward,0.5094,66.5193,12.3184,1.4091,0.0,False,False
5,133,1548021558,0,forward,0.621,67.1404,12.2848,1.3769,0.0,False,False
5,134,1548021558,0,forward,0.3974,67.5377,12.2624,1.3416,0.0,False,False
5,135,1548021558,0,forward,0.5097,68.0475,12.2345,1.3124,0.0,False,False
5,136,1548021558,0,forward,0.3604,68.4079,12.2139,0.9345,0.0,False,False
5,137,964610217,0,forward,0.5062,68.9141,12.1861,1.2538,0.0,False,False
5,138,1548021558,0,forward,0.4387,69.3528,12.1617,1.2563,0.0,False,False
5,139,1548021558,0,forward,0.5073,69.8601,12.1338,1.2341,0.0,False,False
5,140,1548021558,0,forward,0.5064,70.3666,12.106,1.1838,0.0,False,False
5,141,1548021558,0,forward,0.5062,70.8728,12.0782,1.1767,0.0,False,False
5,142,1548021558,0,forward,0.506,71.3787,12.0504,1.1358,0.0,False,False
5,143,1548021558,0,forward,0.5057,71.8845,12.0226,1.1097,0.0,False,False
5,144,1548021558,0,forward,0.5056,72.39,11.9948,1.0655,0.0,False,False
5,145,668304872,1,turn_left,0.4264,72.8165,11.9685,1.0426,0.0,False,False
5,146,668304872,1,turn_left,0.2197,73.0361,11.9525,1.0033,0.0,False,False
5,147,668304872,1,turn_left,0.0999,73.1361,11.9425,0.9933,0.0,False,False
5,148,668304872,1,turn_left,-0.1,73.0361,11.9422,1.0043,0.0,False,False
5,149,668304872,1,turn_left,-0.1,72.9361,11.9423,0.9926,0.0,False,False
5,150,668304872,1,turn_left,-0.1,72.8361,11.9423,1.0014,0.0,False,False
5,151,1904234423,4,forward_right,0.1415,72.9776,11.9328,1.0049,0.0,False,False
5,152,1904234423,4,forward_right,0.3264,73.3039,11.9139,0.9907,0.0,False,False
5,153,1904234423,4,forward_right,0.3625,73.6665,11.8933,0.9601,0.0,False,False
5,154,224357922,1,turn_left,0.0763,73.7427,11.8845,0.946,0.0,False,False
5,155,668304872,1,turn_left,-0.1,73.6427,11.8844,0.9335,0.0,False,False
5,156,224357922,1,turn_left,-0.1,73.5427,11.8836,0.9241,0.0,False,False
5,157,964610217,0,forward,0.1313,73.674,11.8745,0.916,0.0,False,False
5,158,224357922,1,turn_left,0.2869,73.9608,11.8552,0.9203,0.0,False,False
5,159,224357922,1,turn_left,0.0445,74.0053,11.848,0.902,0.0,False,False
5,160,224357922,1,turn_left,-0.1,73.9053,11.848,0.902,0.0,False,False
5,161,224357922,1,turn_left,-0.1,73.8053,11.8479,0.8999,0.0,False,False
5,162,224357922,1,turn_left,-0.1,73.7053,11.8478,0.888,0.0,False,False
5,163,224357922,1,turn_left,-0.1,73.6053,11.8476,0.9062,0.0,False,False
5,164,224357922,1,turn_left,-0.1,73.5053,11.8462,0.9114,0.0,False,False
5,165,964610217,0,forward,-0.05,73.4553,11.8443,0.9044,0.0,False,False
5,166,964610217,0,forward,0.3126,73.7679,11.8262,0.9093,0.0,False,False
5,167,851696946,3,forward_left,0.384,74.1519,11.8045,0.8826,0.0,False,False
5,168,851696946,3,forward_left,0.3057,74.4576,11.7867,0.885,0.0,False,False
5,169,2005065858,4,forward_right,0.4392,74.8968,11.7623,0.8676,0.0,False,False
5,170,2005065858,4,forward_right,0.2608,75.1576,11.7467,0.8397,0.0,False,False
5,171,2005065858,4,forward_right,0.3315,75.4892,11.7276,0.8212,0.0,False,False
5,172,851696946,3,forward_left,0.3646,75.8538,11.7069,0.7951,0.0,False,False
5,173,851696946,3,forward_left,0.3553,76.2091,11.6866,0.7863,0.0,False,False
5,174,851696946,3,forward_left,0.3317,76.5408,11.6676,0.7605,0.0,False,False
5,175,2005065858,4,forward_right,0.3536,76.8944,11.6474,0.7328,0.0,False,False
5,176,2005065858,4,forward_right,0.2139,77.1083,11.6342,0.7092,0.0,False,False
5,177,137084343,1,turn_left,0.2463,77.3547,11.6169,0.7055,0.0,False,False
5,178,2005065858,4,forward_right,0.2738,77.6285,11.6007,0.7064,0.0,False,False
5,179,851696946,3,forward_left,0.2461,77.8746,11.5859,0.6777,0.0,False,False
5,180,851696946,3,forward_left,0.3363,78.2108,11.5666,0.661,0.0,False,False
5,181,2005065858,4,forward_right,0.2876,78.4985,11.5497,0.6655,0.0,False,False
5,182,2005065858,4,forward_right,0.3289,78.8274,11.5307,0.6394,0.0,False,False
5,183,851696946,3,forward_left,0.2939,79.1213,11.5135,0.6161,0.0,False,False
5,184,851696946,3,forward_left,0.3319,79.4532,11.4944,0.6152,0.0,False,False
5,185,2005065858,4,forward_right,0.2875,79.7406,11.4776,0.5903,0.0,False,False
5,186,2005065858,4,forward_right,0.3259,80.0665,11.4588,0.5571,0.0,False,False
5,187,851696946,3,forward_left,0.2793,80.3458,11.4423,0.5317,0.0,False,False
5,188,1127577073,5,stop,0.1205,80.4663,11.4338,0.5274,0.0,False,False
5,189,819889680,2,turn_right,0.0988,80.5651,11.4238,0.5293,0.0,False,False
5,190,819889680,2,turn_right,-0.1,80.4651,11.4234,0.5288,0.0,False,False
5,191,1127577073,5,stop,0.0521,80.5172,11.4183,0.5282,0.0,False,False
5,192,1127577073,5,stop,0.0395,80.5567,11.4139,0.5257,0.0,False,False
5,193,1127577073,5,stop,-0.05,80.5067,11.4139,0.5058,0.0,False,False
5,194,1127577073,5,stop,-0.05,80.4567,11.4139,0.4983,0.0,False,False
5,195,1127577073,5,stop,-0.05,80.4067,11.4139,0.5047,0.0,False,False
5,196,1127577073,5,stop,-0.05,80.3567,11.4139,0.4932,0.0,False,False
5,197,1127577073,5,stop,-0.05,80.3067,11.4138,0.4888,0.0,False,False
5,198,1127577073,5,stop,-0.05,80.2567,11.4139,0.4808,0.0,False,False
5,199,216247902,3,forward_left,0.002,80.2588,11.4113,0.4961,0.0,False,False
5,200,1127577073,5,stop,0.0389,80.2976,11.4068,0.4844,0.0,False,False
5,201,1127577073,5,stop,-0.05,80.2476,11.4068,0.4858,0.0,False,False
5,202,1127577073,5,stop,-0.05,80.1976,11.4068,0.4818,0.0,False,False
5,203,216247902,3,forward_left,0.0017,80.1994,11.4042,0.4854,0.0,False,False
5,204,2042742948,3,forward_left,0.1332,80.3325,11.395,0.4824,0.0,False,False
5,205,1127577073,5,stop,0.1586,80.4911,11.3846,0.4757,0.0,False,False
5,206,1127577073,5,stop,0.0405,80.5316,11.3801,0.4529,0.0,False,False
5,207,1127577073,5,stop,-0.05,80.4816,11.38,0.451,0.0,False,False
5,208,216247902,3,forward_left,0.0294,80.511,11.376,0.4568,0.0,False,False
5,209,1127577073,5,stop,0.1019,80.6129,11.3684,0.4486,0.0,False,False
5,210,1127577073,5,stop,-0.0097,80.6032,11.3664,0.4426,0.0,False,False
5,211,1127577073,5,stop,-0.05,80.5532,11.3664,0.4367,0.0,False,False
5,212,216247902,3,forward_left,0.0026,80.5558,11.3637,0.4331,0.0,False,False
5,213,216247902,3,forward_left,0.1357,80.6915,11.3545,0.4246,0.0,False,False
5,214,2042742948,3,forward_left,0.3227,81.0142,11.3358,0.4265,0.0,False,False
5,215,1127577073,5,stop,0.2443,81.2586,11.3211,0.4194,0.0,False,False
5,216,1343631118,1,turn_left,0.0152,81.2738,11.3154,0.4092,0.0,False,False
5,217,1466471397,1,turn_left,-0.0588,81.2149,11.3133,0.4032,0.0,False,False
5,218,1343631118,1,turn_left,-0.1,81.1149,11.313,0.4107,0.0,False,False
5,219,421071249,4,forward_right,0.1917,81.3066,11.3009,0.4156,0.0,False,False
5,220,421071249,4,forward_right,0.3261,81.6327,11.2821,0.407,0.0,False,False
5,221,1343631118,1,turn_left,0.0959,81.7286,11.2723,0.3996,0.0,False,False
5,222,1343631118,1,turn_left,-0.1,81.6286,11.272,0.4034,0.0,False,False
5,223,421071249,4,forward_right,0.114,81.7426,11.2638,0.4098,0.0,False,False
5,224,421071249,4,forward_right,0.3073,82.05,11.246,0.3972,0.0,False,False
5,225,421071249,4,forward_right,0.3181,82.3681,11.2276,0.3758,0.0,False,False
5,226,421071249,4,forward_right,0.3242,82.6922,11.2089,0.3645,0.0,False,False
5,227,426503422,1,turn_left,-0.0188,82.6734,11.2048,0.3478,0.0,False,False
5,228,426503422,1,turn_left,-0.1,82.5734,11.2043,0.3651,0.0,False,False
5,229,421071249,4,forward_right,0.182,82.7554,11.1927,0.3761,0.0,False,False
5,230,704603121,3,forward_left,0.196,82.9515,11.1804,0.3682,0.0,False,False
5,231,421071249,4,forward_right,0.2149,83.1663,11.1672,0.374,0.0,False,False
5,232,704603121,3,forward_left,0.2671,83.4334,11.1513,0.3797,0.0,False,False
5,233,704603121,3,forward_left,0.2888,83.7222,11.1344,0.3602,0.0,False,False
5,234,704603121,3,forward_left,0.2801,84.0023,11.1179,0.3818,0.0,False,False
5,235,704603121,3,forward_left,0.2713,84.2735,11.1018,0.3794,0.0,False,False
5,236,406621964,2,turn_right,0.0811,84.3547,11.0928,0.3957,0.0,False,False
5,237,406621964,2,turn_right,-0.1,84.2547,11.0932,0.3825,0.0,False,False
5,238,5351129,1,turn_left,0.0217,84.2764,11.0871,0.3931,0.0,False,False
5,239,704603121,3,forward_left,0.2132,84.4896,11.0739,0.3836,0.0,False,False
5,240,704603121,3,forward_left,0.2958,84.7854,11.0566,0.4055,0.0,False,False
5,241,704603121,3,forward_left,0.204,84.9894,11.0439,0.3902,0.0,False,False
5,242,406621964,2,turn_right,0.083,85.0724,11.0348,0.4155,0.0,False,False
5,243,406621964,2,turn_right,-0.1,84.9724,11.0351,0.422,0.0,False,False
5,244,406621964,2,turn_right,-0.1,84.8724,11.0334,0.4055,0.0,False,False
5,245,5351129,1,turn_left,0.0438,84.9162,11.0262,0.4148,0.0,False,False
5,246,704603121,3,forward_left,0.0311,84.9473,11.0222,0.426,0.0,False,False
5,247,406621964,2,turn_right,0.0688,85.0161,11.0137,0.4244,0.0,False,False
5,248,406621964,2,turn_right,-0.1,84.9161,11.0139,0.4092,0.0,False,False
5,249,704603121,3,forward_left,0.056,84.9722,11.0086,0.381,0.0,False,False
5,250,704603121,3,forward_left,0.2903,85.2625,10.9916,0.3882,0.0,False,False
5,251,704603121,3,forward_left,0.2933,85.5558,10.9744,0.4241,0.0,False,False
5,252,704603121,3,forward_left,0.2848,85.8406,10.9577,0.4567,0.0,False,False
5,253,406621964,2,turn_right,0.0199,85.8605,10.9517,0.4593,0.0,False,False
5,254,406621964,2,turn_right,-0.1,85.7605,10.9521,0.4496,0.0,False,False
5,255,704603121,3,forward_left,0.126,85.8865,10.9433,0.4588,0.0,False,False
5,256,704603121,3,forward_left,0.3011,86.1876,10.9258,0.4527,0.0,False,False
5,257,704603121,3,forward_left,0.2142,86.4018,10.9125,0.4769,0.0,False,False
5,258,406621964,2,turn_right,0.1034,86.5052,10.9024,0.4867,0.0,False,False
5,259,406621964,2,turn_right,-0.1,86.4052,10.903,0.4715,0.0,False,False
5,260,704603121,3,forward_left,0.0578,86.463,10.8976,0.481,0.0,False,False
5,261,1463225481,2,turn_right,0.1217,86.5846,10.8865,0.4779,0.0,False,False
5,262,704603121,3,forward_left,0.1981,86.7827,10.8741,0.4743,0.0,False,False
5,263,704603121,3,forward_left,0.3146,87.0973,10.8559,0.4912,0.0,False,False
5,264,704603121,3,forward_left,0.307,87.4043,10.838,0.5095,0.0,False,False
5,265,406621964,2,turn_right,0.1845,87.5888,10.8238,0.5511,0.0,False,False
5,266,269267653,0,forward,0.1155,87.7043,10.8155,0.5291,0.0,False,False
5,267,406621964,2,turn_right,0.246,87.9503,10.7982,0.5538,0.0,False,False
5,268,269267653,0,forward,0.2485,88.1988,10.7833,0.5787,0.0,False,False
5,269,269267653,0,forward,0.1897,88.3884,10.7713,0.5826,0.0,False,False
5,270,137084343,1,turn_left,0.3472,88.7357,10.749,0.5994,0.0,False,False
5,271,269267653,0,forward,0.2774,89.013,10.7326,0.5998,0.0,False,False
5,272,269267653,0,forward,0.4252,89.4382,10.7088,0.6244,0.0,False,False
5,273,269267653,0,forward,0.5297,89.9679,10.6798,0.655,0.0,False,False
5,274,269267653,0,forward,0.3359,90.3038,10.6605,0.6609,0.0,False,False
5,275,269267653,0,forward,0.4319,90.7357,10.6365,0.6889,0.0,False,False
5,276,269267653,0,forward,0.4313,91.167,10.6124,0.7099,0.0,False,False
5,277,269267653,0,forward,0.4307,91.5977,10.5884,0.7457,0.0,False,False
5,278,269267653,0,forward,0.4303,92.0279,10.5643,0.7691,0.0,False,False
5,279,269267653,0,forward,0.4304,92.4583,10.5403,0.8,0.0,False,False
5,280,1119390622,1,turn_left,0.1523,92.6106,10.5277,0.798,0.0,False,False
5,281,269267653,0,forward,0.2413,92.8519,10.5131,0.7967,0.0,False,False
5,282,269267653,0,forward,0.261,93.1129,10.4976,0.8123,0.0,False,False
5,283,269267653,0,forward,0.419,93.5319,10.4741,0.8364,0.0,False,False
5,284,269267653,0,forward,0.4181,93.95,10.4507,0.8661,0.0,False,False
5,285,269267653,0,forward,0.4174,94.3674,10.4274,0.8852,0.0,False,False
5,286,269267653,0,forward,0.4167,94.7841,10.404,0.9065,0.0,False,False
5,287,269267653,0,forward,0.4161,95.2002,10.3807,0.9454,0.0,False,False
5,288,269267653,0,forward,0.4158,95.6161,10.3574,0.9664,0.0,False,False
5,289,269267653,0,forward,0.212,95.8281,10.3443,0.9375,0.0,False,False
5,290,137084343,1,turn_left,0.2717,96.0997,10.3257,0.9994,0.0,False,False
5,291,269267653,0,forward,0.3396,96.4393,10.3063,0.9919,0.0,False,False
5,292,269267653,0,forward,0.405,96.8443,10.2835,1.0128,0.0,False,False
5,293,269267653,0,forward,0.3132,97.1575,10.2654,1.0315,0.0,False,False
5,294,269267653,0,forward,0.4033,97.5608,10.2427,1.0315,0.0,False,False
5,295,269267653,0,forward,0.4025,97.9634,10.2201,1.0828,0.0,False,False
5,296,269267653,0,forward,0.4018,98.3651,10.1975,1.0828,0.0,False,False
5,297,269267653,0,forward,0.401,98.7661,10.1749,1.1573,0.0,False,False
5,298,909280383,2,turn_right,0.2823,99.0484,10.1558,1.1573,0.0,False,False
5,299,909280383,2,turn_right,0.0245,99.0729,10.1496,1.1779,0.0,False,False
5,300,909280383,2,turn_right,-0.1,98.9729,10.1506,1.1454,0.0,False,False
5,301,909280383,2,turn_right,-0.1,98.8729,10.1511,1.0912,0.0,False,False
5,302,269267653,0,forward,0.1217,98.9946,10.1425,1.0756,0.0,False,False
5,303,269267653,0,forward,0.2863,99.281,10.1257,1.0698,0.0,False,False
5,304,269267653,0,forward,0.4402,99.7212,10.1012,1.1038,0.0,False,False
5,305,909280383,2,turn_right,0.3481,100.0693,10.0788,1.1239,0.0,False,False
5,306,909280383,2,turn_right,0.2281,100.2974,10.0624,1.1239,0.0,False,False
5,307,909280383,2,turn_right,-0.0383,100.2591,10.0593,0.9432,0.0,False,False
5,308,2113935175,4,forward_right,0.0989,100.358,10.0519,0.9432,0.0,False,False
5,309,909280383,2,turn_right,0.1693,100.5273,10.0384,1.1306,0.0,False,False
5,310,909280383,2,turn_right,-0.0097,100.5176,10.0339,1.1057,0.0,False,False
5,311,909280383,2,turn_right,-0.1,100.4176,10.0342,1.0707,0.0,False,False
5,312,909969137,0,forward,0.1391,100.5568,10.0247,1.0707,0.0,False,False
5,313,909969137,0,forward,0.318,100.8748,10.0063,1.0665,0.0,False,False
5,314,909969137,0,forward,0.4407,101.3155,9.9818,1.0665,0.0,False,False
5,315,909969137,0,forward,0.5092,101.8247,9.9538,1.089,0.0,False,False
5,316,909969137,0,forward,0.5088,102.3335,9.9259,1.1099,0.0,False,False
5,317,1548021558,0,forward,0.5085,102.842,9.8979,1.098,0.0,False,False
5,318,909969137,0,forward,0.5083,103.3503,9.87,1.1236,0.0,False,False
5,319,1548021558,0,forward,0.508,103.8583,9.8421,1.1346,0.0,False,False
5,320,1548021558,0,forward,0.5078,104.3661,9.8142,1.1346,0.0,False,False
5,321,1548021558,0,forward,0.5078,104.874,9.7864,1.1722,0.0,False,False
5,322,1548021558,0,forward,0.4964,105.3704,9.759,1.1722,0.0,False,False
5,323,1548021558,0,forward,0.3667,105.7371,9.7382,1.1669,0.0,False,False
5,324,1548021558,0,forward,0.5057,106.2428,9.7104,1.1811,0.0,False,False
5,325,1548021558,0,forward,0.4618,106.7046,9.6848,1.1811,0.0,False,False
5,326,1548021558,0,forward,0.5067,107.2112,9.657,1.1859,0.0,False,False
5,327,1548021558,0,forward,0.5058,107.717,9.6292,1.2124,0.0,False,False
5,328,1548021558,0,forward,0.5055,108.2225,9.6014,1.2063,0.0,False,False
5,329,1548021558,0,forward,0.5052,108.7277,9.5737,1.2314,0.0,False,False
5,330,1548021558,0,forward,0.505,109.2327,9.5459,1.2314,0.0,False,False
5,331,1548021558,0,forward,0.5051,109.7379,9.5182,1.2398,0.0,False,False
5,332,1548021558,0,forward,0.4274,110.1653,9.4943,0.9428,0.0,False,False
5,333,964610217,0,forward,0.4208,110.5861,9.4707,1.2783,0.0,False,False
5,334,1548021558,0,forward,0.5042,111.0902,9.443,1.2783,0.0,False,False
5,335,1548021558,0,forward,0.4443,111.5345,9.4183,1.2778,0.0,False,False
5,336,1548021558,0,forward,0.5043,112.0388,9.3906,1.2897,0.0,False,False
5,337,1548021558,0,forward,0.6147,112.6536,9.3574,1.2998,0.0,False,False
5,338,1548021558,0,forward,0.3929,113.0465,9.3352,1.3144,0.0,False,False
5,339,1548021558,0,forward,0.5034,113.5498,9.3076,1.3296,0.0,False,False
5,340,1548021558,0,forward,0.5032,114.053,9.2799,1.335,0.0,False,False
5,341,1548021558,0,forward,0.5032,114.5562,9.2522,1.2957,0.0,False,False
5,342,1548021558,0,forward,0.4293,114.9855,9.2283,0.9528,0.0,False,False
5,343,964610217,0,forward,0.43,115.4156,9.2043,0.9528,0.0,False,False
5,344,964610217,0,forward,0.5017,115.9173,9.1767,1.3647,0.0,False,False
5,345,1548021558,0,forward,0.4611,116.3784,9.1511,1.3704,0.0,False,False
5,346,1548021558,0,forward,0.5015,116.8799,9.1236,1.3869,0.0,False,False
5,347,1548021558,0,forward,0.501,117.3809,9.096,1.4016,0.0,False,False
5,348,1548021558,0,forward,0.5007,117.8816,9.0685,1.4016,0.0,False,False
5,349,1548021558,0,forward,0.5005,118.3821,9.0409,1.4085,0.0,False,False
5,350,1548021558,0,forward,0.5006,118.8827,9.0134,1.2508,0.0,False,False
5,351,1548021558,0,forward,0.4035,119.2862,8.9907,0.9554,0.0,False,False
5,352,964610217,0,forward,0.4474,119.7337,8.9659,0.9554,0.0,False,False
5,353,964610217,0,forward,0.4984,120.2321,8.9384,1.4579,0.0,False,False
5,354,1548021558,0,forward,0.4366,120.6687,8.9141,1.4588,0.0,False,False
5,355,1548021558,0,forward,0.4984,121.1671,8.8867,1.4588,0.0,False,False
5,356,1548021558,0,forward,0.498,121.6651,8.8593,1.4761,0.0,False,False
5,357,1548021558,0,forward,0.4976,122.1627,8.8319,1.4906,0.0,False,False
5,358,1548021558,0,forward,0.4973,122.66,8.8045,1.5164,0.0,False,False
5,359,1548021558,0,forward,0.497,123.1571,8.7772,1.5126,0.0,False,False
5,360,1548021558,0,forward,0.4971,123.6542,8.7498,1.247,0.0,False,False
5,361,1548021558,0,forward,0.4035,124.0577,8.7272,0.9558,0.0,False,False
5,362,964610217,0,forward,0.4446,124.5023,8.7024,0.9558,0.0,False,False
5,363,1548021558,0,forward,0.4874,124.9897,8.6756,1.5485,0.0,False,False
5,364,1548021558,0,forward,0.4587,125.4484,8.6501,1.5545,0.0,False,False
5,365,1548021558,0,forward,0.4948,125.9432,8.6229,2.031,0.0,False,False
5,366,1548021558,0,forward,0.4944,126.4376,8.5957,2.031,0.0,False,False
5,367,1548021558,0,forward,0.494,126.9316,8.5685,1.9473,0.0,False,False
5,368,909280383,2,turn_right,0.3987,127.3303,8.5435,1.9473,0.0,False,False
5,369,909280383,2,turn_right,0.2866,127.617,8.5242,0.952,0.0,False,False
5,370,2113935175,4,forward_right,0.0967,127.7137,8.5169,1.4189,0.0,False,False
5,371,909280383,2,turn_right,0.1632,127.8769,8.5037,1.4189,0.0,False,False
5,372,1548021558,0,forward,0.1083,127.9852,8.4958,1.8806,0.0,False,False
5,373,1548021558,0,forward,0.256,128.2412,8.4805,1.877,0.0,False,False
5,374,1548021558,0,forward,0.416,128.6572,8.4572,1.8494,0.0,False,False
5,375,1548021558,0,forward,0.5059,129.1631,8.4294,1.8118,0.0,False,False
5,376,1548021558,0,forward,0.5106,129.6737,8.4014,1.7915,0.0,False,False
5,377,1548021558,0,forward,0.5103,130.184,8.3733,1.7915,0.0,False,False
5,378,1548021558,0,forward,0.51,130.694,8.3453,1.7291,0.0,False,False
5,379,1548021558,0,forward,0.5097,131.2038,8.3174,1.6881,0.0,False,False
5,380,1548021558,0,forward,0.5094,131.7132,8.2894,1.6506,0.0,False,False
5,381,1548021558,0,forward,0.5092,132.2224,8.2614,1.6101,0.0,False,False
5,382,1548021558,0,forward,0.5093,132.7317,8.2335,1.32,0.0,False,False
5,383,1548021558,0,forward,0.4466,133.1783,8.2086,0.9592,0.0,False,False
5,384,964610217,0,forward,0.4651,133.6434,8.1829,0.9592,0.0,False,False
5,385,1548021558,0,forward,0.508,134.1514,8.155,1.5184,0.0,False,False
5,386,1548021558,0,forward,0.4655,134.6169,8.1292,1.5184,0.0,False,False
5,387,1548021558,0,forward,0.5075,135.1245,8.1013,1.5001,0.0,False,False
5,388,1548021558,0,forward,0.5072,135.6316,8.0735,1.428,0.0,False,False
5,389,1548021558,0,forward,0.5068,136.1385,8.0456,1.428,0.0,False,False
5,390,1548021558,0,forward,0.5065,136.645,8.0178,1.4034,0.0,False,False
5,391,1548021558,0,forward,0.5062,137.1512,7.99,1.3637,0.0,False,False
5,392,926291406,4,forward_right,0.4486,137.5999,7.9651,1.3325,0.0,False,False
5,393,926291406,4,forward_right,0.235,137.8348,7.9508,1.3018,0.0,False,False
5,394,926291406,4,forward_right,0.292,138.1268,7.9337,0.9697,0.0,False,False
5,395,1309443777,2,turn_right,0.2749,138.4017,7.915,1.2709,0.0,False,False
5,396,926291406,4,forward_right,0.3122,138.7139,7.8969,1.2324,0.0,False,False
5,397,926291406,4,forward_right,0.3535,139.0674,7.8767,1.2324,0.0,False,False
5,398,926291406,4,forward_right,0.3569,139.4243,7.8563,1.2022,0.0,False,False
5,399,926291406,4,forward_right,0.3599,139.7841,7.8358,1.176,0.0,False,False
5,400,926291406,4,forward_right,0.3624,140.1465,7.8152,1.176,0.0,False,False
5,401,926291406,4,forward_right,0.3645,140.5111,7.7945,1.1268,0.0,False,False
5,402,926291406,4,forward_right,0.3664,140.8775,7.7737,1.1076,0.0,False,False
5,403,926291406,4,forward_right,0.3683,141.2458,7.7528,1.1076,0.0,False,False
5,404,926291406,4,forward_right,0.2688,141.5147,7.7368,1.0576,0.0,False,False
5,405,1166997565,3,forward_left,0.3506,141.8652,7.7168,1.0373,0.0,False,False
5,406,1937774032,3,forward_left,0.3484,142.2136,7.6969,1.034,0.0,False,False
5,407,1937774032,3,forward_left,0.3354,142.549,7.6776,1.0295,0.0,False,False
5,408,1937774032,3,forward_left,0.3685,142.9175,7.6567,1.0295,0.0,False,False
5,409,1937774032,3,forward_left,0.3671,143.2846,7.6358,0.9957,0.0,False,False
5,410,1937774032,3,forward_left,0.3654,143.65,7.615,0.9824,0.0,False,False
5,411,1937774032,3,forward_left,0.3633,144.0133,7.5944,0.9559,0.0,False,False
5,412,1937774032,3,forward_left,0.3609,144.3741,7.5738,0.9263,0.0,False,False
5,413,1937774032,3,forward_left,0.3583,144.7324,7.5534,0.8993,0.0,False,False
5,414,1937774032,3,forward_left,0.356,145.0885,7.5331,0.8758,0.0,False,False
5,415,1937774032,3,forward_left,0.2572,145.3457,7.5178,0.8534,0.0,False,False
5,416,1937774032,3,forward_left,0.3473,145.693,7.4979,0.8355,0.0,False,False
5,417,1937774032,3,forward_left,0.341,146.034,7.4783,0.8274,0.0,False,False
5,418,1937774032,3,forward_left,0.3013,146.3353,7.4608,0.821,0.0,False,False
5,419,1937774032,3,forward_left,0.4047,146.74,7.438,0.8096,0.0,False,False
5,420,1873627169,2,turn_right,0.0787,146.8188,7.4291,0.7874,0.0,False,False
5,421,1873627169,2,turn_right,-0.1,146.7188,7.4294,0.7508,0.0,False,False
5,422,1309443777,2,turn_right,-0.1,146.6188,7.4293,0.7442,0.0,False,False
5,423,1937774032,3,forward_left,0.0718,146.6905,7.4232,0.7487,0.0,False,False
5,424,1937774032,3,forward_left,0.3535,147.0441,7.403,0.7344,0.0,False,False
5,425,1937774032,3,forward_left,0.2148,147.2588,7.3898,0.7314,0.0,False,False
5,426,1937774032,3,forward_left,0.4243,147.6831,7.3661,0.7098,0.0,False,False
5,427,1937774032,3,forward_left,0.3398,148.0229,7.3466,0.6991,0.0,False,False
5,428,1937774032,3,forward_left,0.3346,148.3575,7.3274,0.6798,0.0,False,False
5,429,1873627169,2,turn_right,0.1534,148.5109,7.3147,0.659,0.0,False,False
5,430,1309443777,2,turn_right,-0.1,148.4109,7.3149,0.6387,0.0,False,False
5,431,1309443777,2,turn_right,-0.1,148.3109,7.3155,0.6111,0.0,False,False
5,432,1309443777,2,turn_right,-0.1,148.2109,7.3159,0.6247,0.0,False,False
5,433,1937774032,3,forward_left,0.1573,148.3682,7.3055,0.6068,0.0,False,False
5,434,1937774032,3,forward_left,0.3586,148.7268,7.2851,0.6068,0.0,False,False
5,435,1937774032,3,forward_left,-1.1449,147.5819,7.2649,0.5879,0.0,False,False
5,436,1937774032,3,forward_left,-1.1492,146.4327,7.2448,0.5889,0.0,False,False
5,437,1937774032,3,forward_left,-1.1564,145.2763,7.2251,0.5633,0.0,False,False
5,438,1937774032,3,forward_left,-1.1586,144.1177,7.2056,0.5479,0.0,False,False
5,439,1464962433,1,turn_left,-1.2524,142.8653,7.1882,0.5321,0.0,False,False
5,440,1464962433,1,turn_left,-1.3725,141.4928,7.1768,0.5001,0.0,False,False
5,441,1126719143,2,turn_right,-1.5074,139.9854,7.1722,0.494,0.0,False,False
5,442,1126719143,2,turn_right,-1.5092,138.4762,7.1676,0.4568,0.0,False,False
5,443,1126719143,2,turn_right,-1.6,136.8762,7.1662,0.4721,0.0,False,False
5,444,1464962433,1,turn_left,-1.5119,135.3643,7.1618,0.4727,0.0,False,False
5,445,1464962433,1,turn_left,-1.4398,133.9245,7.1538,0.4727,0.0,False,False
5,446,1464962433,1,turn_left,-1.6,132.3245,7.1534,0.4754,0.0,False,False
5,447,1126719143,2,turn_right,-1.5162,130.8083,7.1493,0.4754,0.0,False,False
5,448,1126719143,2,turn_right,-1.4502,129.3581,7.1418,0.4721,0.0,False,False
5,449,1126719143,2,turn_right,-1.6,127.7581,7.1421,0.4479,0.0,False,False
5,450,1464962433,1,turn_left,-1.5125,126.2456,7.1378,0.4359,0.0,False,False
5,451,1464962433,1,turn_left,-1.4702,124.7754,7.1313,0.4271,0.0,False,False
5,452,551561856,0,forward,-1.3921,123.3833,7.1234,0.4243,0.0,False,False
5,453,2033186521,3,forward_left,-1.2584,122.125,7.1088,0.4243,0.0,False,False
5,454,2033186521,3,forward_left,-1.0336,121.0914,7.083,0.3974,0.0,False,False
5,455,1126719143,2,turn_right,-1.3856,119.7057,7.0723,0.3974,0.0,False,False
5,456,1126719143,2,turn_right,-1.6,118.1057,7.0709,0.3882,0.0,False,False
5,457,1126719143,2,turn_right,-1.6,116.5057,7.0713,0.3752,0.0,False,False
5,458,551561856,0,forward,-1.3542,115.1516,7.0615,0.3555,0.0,False,False
5,459,551561856,0,forward,-1.222,113.9295,7.0451,0.3472,0.0,False,False
5,460,551561856,0,forward,-0.8491,113.0805,7.0101,0.3472,0.0,False,False
5,461,551561856,0,forward,-0.9962,112.0842,6.9824,0.3253,0.0,False,False
5,462,551561856,0,forward,-500.0,-387.9158,6.9547,0.2931,0.0,False,True
6,1,964610217,0,forward,0.1467,0.1467,15.9902,1.0575,0.0,False,False
6,2,1904234423,4,forward_right,0.3635,0.5102,15.9695,1.7583,0.0,False,False
6,3,1548021558,0,forward,0.6114,1.1216,15.9364,3.3192,0.0,False,False
6,4,1548021558,0,forward,0.2627,1.3843,15.9208,3.9995,0.0,False,False
6,5,1548021558,0,forward,0.5499,1.9343,15.8908,3.9669,0.0,False,False
6,6,1548021558,0,forward,0.5496,2.4838,15.8608,3.9441,0.0,False,False
6,7,1548021558,0,forward,0.5495,3.0334,15.8308,3.8926,0.0,False,False
6,8,1548021558,0,forward,0.6694,3.7028,15.7949,3.879,0.0,False,False
6,9,1548021558,0,forward,0.4296,4.1324,15.7709,3.6693,0.0,False,False
6,10,1548021558,0,forward,0.5496,4.682,15.7409,2.2934,0.0,False,False
6,11,1548021558,0,forward,0.5501,5.2321,15.7109,1.5106,0.0,False,False
6,12,1548021558,0,forward,0.4782,5.7104,15.6845,0.9579,0.0,False,False
6,13,964610217,0,forward,0.547,6.2574,15.6546,1.4136,0.0,False,False
6,14,1548021558,0,forward,0.549,6.8064,15.6247,2.8647,0.0,False,False
6,15,1548021558,0,forward,0.5495,7.3559,15.5947,3.712,0.0,False,False
6,16,1548021558,0,forward,0.653,8.0089,15.5596,3.6834,0.0,False,False
6,17,1548021558,0,forward,0.4297,8.4386,15.5356,3.6586,0.0,False,False
6,18,1548021558,0,forward,0.5495,8.9881,15.5056,3.6237,0.0,False,False
6,19,1548021558,0,forward,0.5495,9.5377,15.4756,3.6114,0.0,False,False
6,20,1548021558,0,forward,0.5495,10.0872,15.4456,3.5858,0.0,False,False
6,21,1548021558,0,forward,0.5495,10.6367,15.4157,3.1062,0.0,False,False
6,22,1548021558,0,forward,0.5497,11.1864,15.3857,1.9671,0.0,False,False
6,23,1548021558,0,forward,0.5504,11.7369,15.3557,1.251,0.0,False,False
6,24,1548021558,0,forward,0.4762,12.2131,15.3293,0.9703,0.0,False,False
6,25,964610217,0,forward,0.5483,12.7613,15.2994,1.7572,0.0,False,False
6,26,1548021558,0,forward,0.5492,13.3106,15.2695,3.4468,0.0,False,False
6,27,1548021558,0,forward,0.5328,13.8434,15.2403,3.4307,0.0,False,False
6,28,1548021558,0,forward,0.5498,14.3932,15.2103,3.3967,0.0,False,False
6,29,1548021558,0,forward,0.5495,14.9427,15.1804,3.3624,0.0,False,False
6,30,1548021558,0,forward,0.5495,15.4923,15.1504,3.3444,0.0,False,False
6,31,1548021558,0,forward,0.5495,16.0418,15.1204,3.3308,0.0,False,False
6,32,1548021558,0,forward,0.5495,16.5913,15.0904,3.2891,0.0,False,False
6,33,1548021558,0,forward,0.5496,17.1408,15.0605,2.642,0.0,False,False
6,34,1548021558,0,forward,0.5499,17.6907,15.0305,1.6823,0.0,False,False
6,35,1548021558,0,forward,0.5367,18.2274,15.0011,1.0722,0.0,False,False
6,36,1904234423,4,forward_right,0.4432,18.6706,14.9765,1.164,0.0,False,False
6,37,1548021558,0,forward,0.467,19.1376,14.9506,1.7126,0.0,False,False
6,38,1548021558,0,forward,0.5496,19.6872,14.9206,3.1562,0.0,False,False
6,39,1548021558,0,forward,0.5499,20.237,14.8907,3.1388,0.0,False,False
6,40,1548021558,0,forward,0.5461,20.7831,14.8608,3.1227,0.0,False,False
6,41,1548021558,0,forward,0.5499,21.3331,14.8308,3.1085,0.0,False,False
6,42,1548021558,0,forward,0.5499,21.883,14.8009,3.0571,0.0,False,False
6,43,1548021558,0,forward,0.5499,22.4329,14.7709,3.0424,0.0,False,False
6,44,1548021558,0,forward,0.5499,22.9827,14.7409,3.0127,0.0,False,False
6,45,1548021558,0,forward,0.5499,23.5327,14.7109,2.6985,0.0,False,False
6,46,1548021558,0,forward,0.5502,24.0829,14.6809,1.7097,0.0,False,False
6,47,1548021558,0,forward,0.5435,24.6264,14.6512,1.0904,0.0,False,False
6,48,1904234423,4,forward_right,0.4278,25.0541,14.6273,1.1315,0.0,False,False
6,49,1548021558,0,forward,0.4668,25.521,14.6015,1.6493,0.0,False,False
6,50,1548021558,0,forward,0.5497,26.0707,14.5715,2.905,0.0,False,False
6,51,1548021558,0,forward,0.55,26.6207,14.5415,2.8683,0.0,False,False
6,52,1548021558,0,forward,0.5413,27.162,14.5119,2.8539,0.0,False,False
6,53,1548021558,0,forward,0.5501,27.7121,14.4819,2.8358,0.0,False,False
6,54,1548021558,0,forward,0.5501,28.2622,14.4519,2.8266,0.0,False,False
6,55,1548021558,0,forward,0.5501,28.8123,14.4219,2.7936,0.0,False,False
6,56,1548021558,0,forward,0.5501,29.3623,14.3919,2.7714,0.0,False,False
6,57,1548021558,0,forward,0.6701,30.0324,14.3559,2.7499,0.0,False,False
6,58,1548021558,0,forward,0.4302,30.4627,14.3319,2.0119,0.0,False,False
6,59,1548021558,0,forward,0.5509,31.0136,14.3018,1.3233,0.0,False,False
6,60,1548021558,0,forward,0.4769,31.4905,14.2755,0.9682,0.0,False,False
6,61,964610217,0,forward,0.5487,32.0392,14.2455,1.8311,0.0,False,False
6,62,1548021558,0,forward,0.5498,32.589,14.2155,2.6601,0.0,False,False
6,63,1548021558,0,forward,0.5314,33.1205,14.1865,2.6413,0.0,False,False
6,64,1548021558,0,forward,0.5502,33.6707,14.1565,2.6164,0.0,False,False
6,65,1548021558,0,forward,0.5501,34.2208,14.1265,2.6055,0.0,False,False
6,66,1548021558,0,forward,0.5501,34.7708,14.0965,2.58,0.0,False,False
6,67,1548021558,0,forward,0.5501,35.3209,14.0665,2.5421,0.0,False,False
6,68,1548021558,0,forward,0.5501,35.871,14.0365,2.535,0.0,False,False
6,69,1548021558,0,forward,0.5503,36.4212,14.0064,1.8559,0.0,False,False
6,70,1548021558,0,forward,0.5509,36.9722,13.9764,1.2149,0.0,False,False
6,71,1548021558,0,forward,0.4946,37.4668,13.9492,1.0334,0.0,False,False
6,72,1904234423,4,forward_right,0.4984,37.9651,13.9217,1.3788,0.0,False,False
6,73,1548021558,0,forward,0.4318,38.3969,13.8977,1.3089,0.0,False,False
6,74,1548021558,0,forward,0.5497,38.9466,13.8677,1.3287,0.0,False,False
6,75,1548021558,0,forward,0.5501,39.4967,13.8377,1.1827,0.0,False,False
6,76,1548021558,0,forward,0.5261,40.0228,13.8089,0.9693,0.0,False,False
6,77,964610217,0,forward,0.5489,40.5716,13.7789,1.1305,0.0,False,False
6,78,1548021558,0,forward,0.6697,41.2413,13.7429,1.1308,0.0,False,False
6,79,1548021558,0,forward,0.4303,41.6717,13.7189,0.99,0.0,False,False
6,80,964610217,0,forward,0.524,42.1956,13.6902,1.1632,0.0,False,False
6,81,1548021558,0,forward,0.5492,42.7448,13.6603,1.4531,0.0,False,False
6,82,1548021558,0,forward,0.5496,43.2944,13.6303,1.5447,0.0,False,False
6,83,1548021558,0,forward,0.6699,43.9643,13.5943,1.4226,0.0,False,False
6,84,1548021558,0,forward,0.4304,44.3947,13.5703,1.1362,0.0,False,False
6,85,1548021558,0,forward,0.5188,44.9134,13.5418,1.0167,0.0,False,False
6,86,668304872,1,turn_left,0.4661,45.3795,13.5135,1.331,0.0,False,False
6,87,1548021558,0,forward,0.4544,45.8339,13.4883,1.3267,0.0,False,False
6,88,1548021558,0,forward,0.5425,46.3764,13.4587,1.2947,0.0,False,False
6,89,1548021558,0,forward,0.5502,46.9266,13.4287,1.116,0.0,False,False
6,90,1548021558,0,forward,0.5238,47.4504,13.4,1.0048,0.0,False,False
6,91,964610217,0,forward,0.5488,47.9991,13.37,1.2897,0.0,False,False
6,92,1548021558,0,forward,0.5495,48.5486,13.3401,1.4279,0.0,False,False
6,93,1548021558,0,forward,0.5498,49.0984,13.3101,1.3559,0.0,False,False
6,94,1548021558,0,forward,0.5503,49.6487,13.2801,1.1244,0.0,False,False
6,95,1548021558,0,forward,0.511,50.1597,13.252,1.0201,0.0,False,False
6,96,668304872,1,turn_left,0.466,50.6257,13.2237,1.4163,0.0,False,False
6,97,1548021558,0,forward,0.4542,51.0799,13.1985,1.543,0.0,False,False
6,98,1548021558,0,forward,0.6623,51.7422,13.1629,1.6663,0.0,False,False
6,99,1548021558,0,forward,0.4298,52.172,13.1389,1.6663,0.0,False,False
6,100,1548021558,0,forward,0.5501,52.7222,13.1089,1.2882,0.0,False,False
6,101,1548021558,0,forward,0.5394,53.2615,13.0794,0.9643,0.0,False,False
6,102,964610217,0,forward,0.5211,53.7827,13.0509,1.2726,0.0,False,False
6,103,1548021558,0,forward,0.5491,54.3318,13.0209,1.6925,0.0,False,False
6,104,1548021558,0,forward,0.5495,54.8813,12.9909,2.0415,0.0,False,False
6,105,1548021558,0,forward,0.6697,55.551,12.955,2.0527,0.0,False,False
6,106,1548021558,0,forward,0.4299,55.9808,12.931,1.9961,0.0,False,False
6,107,1548021558,0,forward,0.55,56.5309,12.901,1.6077,0.0,False,False
6,108,1548021558,0,forward,0.5506,57.0814,12.8709,1.1649,0.0,False,False
6,109,1548021558,0,forward,0.4943,57.5757,12.8437,1.0596,0.0,False,False
6,110,1904234423,4,forward_right,0.4979,58.0737,12.8163,1.6269,0.0,False,False
6,111,1548021558,0,forward,0.4672,58.5408,12.7905,2.0081,0.0,False,False
6,112,1548021558,0,forward,0.5492,59.09,12.7605,1.9999,0.0,False,False
6,113,1548021558,0,forward,0.5493,59.6394,12.7305,1.9819,0.0,False,False
6,114,1548021558,0,forward,0.5494,60.1888,12.7006,1.9565,0.0,False,False
6,115,1548021558,0,forward,0.6693,60.8581,12.6646,1.9367,0.0,False,False
6,116,1548021558,0,forward,0.5494,61.4076,12.6346,1.9014,0.0,False,False
6,117,1548021558,0,forward,0.4296,61.8371,12.6106,1.8951,0.0,False,False
6,118,1548021558,0,forward,0.6693,62.5065,12.5747,1.8618,0.0,False,False
6,119,1548021558,0,forward,0.4296,62.9361,12.5507,1.8113,0.0,False,False
6,120,1548021558,0,forward,0.5497,63.4858,12.5207,1.6071,0.0,False,False
6,121,1548021558,0,forward,0.5505,64.0362,12.4907,1.0688,0.0,False,False
6,122,1904234423,4,forward_right,0.4298,64.466,12.4667,1.1969,0.0,False,False
6,123,1548021558,0,forward,0.4279,64.8939,12.4428,1.649,0.0,False,False
6,124,1548021558,0,forward,0.548,65.4419,12.4129,1.6993,0.0,False,False
6,125,1548021558,0,forward,0.5484,65.9903,12.383,1.6993,0.0,False,False
6,126,1548021558,0,forward,0.5387,66.5291,12.3535,1.644,0.0,False,False
6,127,1548021558,0,forward,0.5486,67.0777,12.3236,1.6439,0.0,False,False
6,128,1548021558,0,forward,0.5485,67.6262,12.2937,1.604,0.0,False,False
6,129,1548021558,0,forward,0.5485,68.1747,12.2638,1.5702,0.0,False,False
6,130,1548021558,0,forward,0.5485,68.7231,12.2338,1.5433,0.0,False,False
6,131,1548021558,0,forward,0.5485,69.2716,12.2039,1.4878,0.0,False,False
6,132,1548021558,0,forward,0.5486,69.8202,12.174,1.4817,0.0,False,False
6,133,1548021558,0,forward,0.5491,70.3693,12.144,1.1648,0.0,False,False
6,134,1548021558,0,forward,0.4553,70.8246,12.1188,1.074,0.0,False,False
6,135,1904234423,4,forward_right,0.6153,71.4399,12.0855,1.3946,0.0,False,False
6,136,1548021558,0,forward,0.3463,71.7862,12.0657,1.3797,0.0,False,False
6,137,1548021558,0,forward,0.5109,72.297,12.0377,1.3651,0.0,False,False
6,138,1548021558,0,forward,0.5476,72.8446,12.0078,1.3223,0.0,False,False
6,139,1548021558,0,forward,0.5474,73.3919,11.9779,1.2913,0.0,False,False
6,140,1548021558,0,forward,0.5473,73.9393,11.948,1.2913,0.0,False,False
6,141,1548021558,0,forward,0.5473,74.4866,11.9182,1.2375,0.0,False,False
6,142,1548021558,0,forward,0.5473,75.0339,11.8883,1.2175,0.0,False,False
6,143,1548021558,0,forward,0.5474,75.5812,11.8584,1.1781,0.0,False,False
6,144,1548021558,0,forward,0.5477,76.1289,11.8286,1.1484,0.0,False,False
6,145,1548021558,0,forward,0.5039,76.6329,11.8009,0.9598,0.0,False,False
6,146,964610217,0,forward,0.5157,77.1486,11.7726,1.1077,0.0,False,False
6,147,1548021558,0,forward,0.5466,77.6952,11.7427,1.1077,0.0,False,False
6,148,1971047854,3,forward_left,0.497,78.1923,11.7154,1.0802,0.0,False,False
6,149,1971047854,3,forward_left,0.3688,78.561,11.6945,1.0642,0.0,False,False
6,150,1971047854,3,forward_left,0.3693,78.9304,11.6735,1.0601,0.0,False,False
6,151,1971047854,3,forward_left,0.37,79.3004,11.6525,1.0319,0.0,False,False
6,152,1971047854,3,forward_left,0.37,79.6703,11.6315,1.031,0.0,False,False
6,153,1971047854,3,forward_left,0.3695,80.0398,11.6105,1.0183,0.0,False,False
6,154,1971047854,3,forward_left,0.3687,80.4085,11.5896,0.9977,0.0,False,False
6,155,1971047854,3,forward_left,0.3677,80.7762,11.5687,0.9932,0.0,False,False
6,156,1971047854,3,forward_left,0.3667,81.1428,11.5479,0.9926,0.0,False,False
6,157,851696946,3,forward_left,0.3362,81.4791,11.5285,0.949,0.0,False,False
6,158,555146084,3,forward_left,0.2841,81.7632,11.5118,0.968,0.0,False,False
6,159,851696946,3,forward_left,0.3589,82.122,11.4914,0.9794,0.0,False,False
6,160,851696946,3,forward_left,0.3154,82.4375,11.4731,0.9794,0.0,False,False
6,161,909969137,0,forward,0.4071,82.8446,11.4503,0.9731,0.0,False,False
6,162,909969137,0,forward,0.5185,83.3631,11.4218,0.9602,0.0,False,False
6,163,909969137,0,forward,0.5205,83.8836,11.3933,0.9602,0.0,False,False
6,164,909969137,0,forward,0.5203,84.4038,11.3648,0.9615,0.0,False,False
6,165,909969137,0,forward,0.5201,84.9239,11.3363,0.9615,0.0,False,False
6,166,909969137,0,forward,0.52,85.4439,11.3078,0.9415,0.0,False,False
6,167,909969137,0,forward,0.52,85.964,11.2793,0.9291,0.0,False,False
6,168,909969137,0,forward,0.5206,86.4846,11.2508,0.9327,0.0,False,False
6,169,555146084,3,forward_left,0.3104,86.795,11.2328,0.9327,0.0,False,False
6,170,909969137,0,forward,0.4019,87.1969,11.2102,0.9314,0.0,False,False
6,171,909969137,0,forward,0.5055,87.7024,11.1824,0.9285,0.0,False,False
6,172,909969137,0,forward,0.4804,88.1828,11.1559,0.9189,0.0,False,False
6,173,909969137,0,forward,0.5118,88.6946,11.1278,0.9129,0.0,False,False
6,174,909969137,0,forward,0.5115,89.2061,11.0997,0.9418,0.0,False,False
6,175,909969137,0,forward,0.5113,89.7174,11.0716,0.9418,0.0,False,False
6,176,909969137,0,forward,0.6233,90.3407,11.038,0.9423,0.0,False,False
6,177,909969137,0,forward,0.3989,90.7396,11.0155,0.9508,0.0,False,False
6,178,909969137,0,forward,0.5115,91.2511,10.9874,0.9625,0.0,False,False
6,179,1803029529,4,forward_right,0.5218,91.7729,10.9589,0.9555,0.0,False,False
6,180,909969137,0,forward,0.2361,92.0089,10.9446,0.949,0.0,False,False
6,181,909969137,0,forward,0.4792,92.4881,10.9181,0.949,0.0,False,False
6,182,909969137,0,forward,0.492,92.9801,10.891,0.9735,0.0,False,False
6,183,909969137,0,forward,0.5135,93.4936,10.8628,0.9786,0.0,False,False
6,184,909969137,0,forward,0.5133,94.0068,10.8347,0.9915,0.0,False,False
6,185,909969137,0,forward,0.513,94.5199,10.8065,0.9915,0.0,False,False
6,186,909969137,0,forward,0.5128,95.0327,10.7784,1.006,0.0,False,False
6,187,909969137,0,forward,0.5126,95.5453,10.7502,1.0364,0.0,False,False
6,188,909969137,0,forward,0.5126,96.0579,10.7221,1.0364,0.0,False,False
6,189,909969137,0,forward,0.513,96.571,10.694,1.021,0.0,False,False
6,190,1803029529,4,forward_right,0.3483,96.9192,10.674,1.0569,0.0,False,False
6,191,909969137,0,forward,0.5778,97.4971,10.6426,1.0452,0.0,False,False
6,192,909969137,0,forward,0.3531,97.8501,10.6225,1.0452,0.0,False,False
6,193,909969137,0,forward,0.5117,98.3618,10.5944,1.0709,0.0,False,False
6,194,909969137,0,forward,0.5136,98.8754,10.5662,1.0897,0.0,False,False
6,195,909969137,0,forward,0.5134,99.3888,10.5381,1.0897,0.0,False,False
6,196,909969137,0,forward,0.5132,99.902,10.5099,1.091,0.0,False,False
6,197,909969137,0,forward,0.513,100.415,10.4818,1.109,0.0,False,False
6,198,1548021558,0,forward,0.513,100.928,10.4536,1.109,0.0,False,False
6,199,1548021558,0,forward,0.5137,101.4416,10.4254,0.9347,0.0,False,False
6,200,964610217,0,forward,0.3518,101.7934,10.4053,0.9347,0.0,False,False
6,201,964610217,0,forward,0.6243,102.4177,10.3716,1.1465,0.0,False,False
6,202,1548021558,0,forward,0.3443,102.762,10.3519,1.1303,0.0,False,False
6,203,1548021558,0,forward,0.513,103.2749,10.3238,1.146,0.0,False,False
6,204,1548021558,0,forward,0.625,103.8999,10.29,1.1769,0.0,False,False
6,205,1548021558,0,forward,0.3998,104.2998,10.2675,1.1769,0.0,False,False
6,206,1548021558,0,forward,0.5121,104.8118,10.2394,1.1808,0.0,False,False
6,207,1548021558,0,forward,0.6242,105.4361,10.2057,1.1841,0.0,False,False
6,208,1548021558,0,forward,0.3994,105.8354,10.1832,1.2119,0.0,False,False
6,209,1548021558,0,forward,0.5119,106.3473,10.1551,1.2257,0.0,False,False
6,210,1548021558,0,forward,0.4537,106.8009,10.13,1.1823,0.0,False,False
6,211,668304872,1,turn_left,0.3552,107.1561,10.1072,1.0399,0.0,False,False
6,212,668304872,1,turn_left,0.3223,107.4784,10.0861,1.2295,0.0,False,False
6,213,1548021558,0,forward,0.3091,107.7875,10.0681,1.2303,0.0,False,False
6,214,1548021558,0,forward,0.396,108.1835,10.0458,1.2246,0.0,False,False
6,215,1548021558,0,forward,0.5079,108.6914,10.0179,1.2474,0.0,False,False
6,216,1548021558,0,forward,0.5162,109.2076,9.9896,1.2501,0.0,False,False
6,217,1548021558,0,forward,0.516,109.7236,9.9613,1.268,0.0,False,False
6,218,1548021558,0,forward,0.5157,110.2394,9.933,1.2703,0.0,False,False
6,219,1548021558,0,forward,0.5156,110.7549,9.9048,1.258,0.0,False,False
6,220,1548021558,0,forward,0.6284,111.3833,9.8708,1.2809,0.0,False,False
6,221,1548021558,0,forward,0.4022,111.7856,9.8482,1.3033,0.0,False,False
6,222,1548021558,0,forward,0.5157,112.3012,9.8199,1.3083,0.0,False,False
6,223,1548021558,0,forward,0.3863,112.6875,9.7981,1.0231,0.0,False,False
6,224,1904234423,4,forward_right,0.4903,113.1778,9.7711,1.3276,0.0,False,False
6,225,1548021558,0,forward,0.4306,113.6084,9.7471,1.3296,0.0,False,False
6,226,1548021558,0,forward,0.4661,114.0745,9.7213,1.3203,0.0,False,False
6,227,1548021558,0,forward,0.5189,114.5934,9.6928,1.3318,0.0,False,False
6,228,1548021558,0,forward,0.5186,115.112,9.6644,1.3375,0.0,False,False
6,229,1548021558,0,forward,0.5184,115.6304,9.636,1.342,0.0,False,False
6,230,1548021558,0,forward,0.5182,116.1486,9.6076,1.3444,0.0,False,False
6,231,1548021558,0,forward,0.5181,116.6667,9.5792,1.3619,0.0,False,False
6,232,1548021558,0,forward,0.5184,117.1851,9.5507,1.3794,0.0,False,False
6,233,1548021558,0,forward,0.4377,117.6228,9.5264,1.0986,0.0,False,False
6,234,1904234423,4,forward_right,0.486,118.1088,9.4996,1.2129,0.0,False,False
6,235,1548021558,0,forward,0.4319,118.5406,9.4755,1.387,0.0,False,False
6,236,1548021558,0,forward,0.5215,119.0622,9.4469,1.3988,0.0,False,False
6,237,1548021558,0,forward,0.5216,119.5838,9.4183,1.3979,0.0,False,False
6,238,1548021558,0,forward,0.5158,120.0996,9.39,1.4086,0.0,False,False
6,239,1548021558,0,forward,0.5213,120.6209,9.3615,1.4149,0.0,False,False
6,240,1548021558,0,forward,0.6352,121.2562,9.3272,1.4203,0.0,False,False
6,241,1548021558,0,forward,0.4067,121.6628,9.3044,1.4268,0.0,False,False
6,242,1548021558,0,forward,0.5207,122.1835,9.2758,1.4342,0.0,False,False
6,243,1548021558,0,forward,0.5208,122.7043,9.2473,1.4498,0.0,False,False
6,244,1548021558,0,forward,0.5214,123.2258,9.2187,1.345,0.0,False,False
6,245,1548021558,0,forward,0.3924,123.6182,9.1966,0.936,0.0,False,False
6,246,964610217,0,forward,0.5191,124.1373,9.1681,1.4716,0.0,False,False
6,247,1548021558,0,forward,0.4591,124.5963,9.1427,1.4752,0.0,False,False
6,248,1548021558,0,forward,0.5196,125.116,9.1142,1.4776,0.0,False,False
6,249,1548021558,0,forward,0.5193,125.6353,9.0857,1.474,0.0,False,False
6,250,1548021558,0,forward,0.5191,126.1544,9.0573,1.4867,0.0,False,False
6,251,1548021558,0,forward,0.5189,126.6732,9.0288,1.4878,0.0,False,False
6,252,1548021558,0,forward,0.5187,127.1919,9.0004,1.5108,0.0,False,False
6,253,1548021558,0,forward,0.5186,127.7105,8.972,1.5201,0.0,False,False
6,254,1548021558,0,forward,0.519,128.2295,8.9435,1.5254,0.0,False,False
6,255,1548021558,0,forward,0.3875,128.617,8.9216,1.0111,0.0,False,False
6,256,964610217,0,forward,0.5151,129.1322,8.8934,1.367,0.0,False,False
6,257,1548021558,0,forward,0.4498,129.582,8.8684,1.5395,0.0,False,False
6,258,1548021558,0,forward,0.517,130.099,8.8401,1.5478,0.0,False,False
6,259,1548021558,0,forward,0.5171,130.6161,8.8117,1.5528,0.0,False,False
6,260,1548021558,0,forward,0.5168,131.1329,8.7834,1.5658,0.0,False,False
6,261,1548021558,0,forward,0.5166,131.6495,8.755,1.5613,0.0,False,False
6,262,1548021558,0,forward,0.5163,132.1658,8.7267,1.5765,0.0,False,False
6,263,1548021558,0,forward,0.5162,132.682,8.6984,1.5921,0.0,False,False
6,264,1548021558,0,forward,0.5163,133.1982,8.6701,1.6107,0.0,False,False
6,265,1548021558,0,forward,0.4988,133.6971,8.6426,1.2174,0.0,False,False
6,266,1548021558,0,forward,0.4256,134.1227,8.6189,0.966,0.0,False,False
6,267,964610217,0,forward,0.5148,134.6375,8.5906,1.6208,0.0,False,False
6,268,1548021558,0,forward,0.4682,135.1056,8.5647,1.6151,0.0,False,False
6,269,1548021558,0,forward,0.5151,135.6207,8.5365,1.6228,0.0,False,False
6,270,1548021558,0,forward,0.5148,136.1354,8.5082,1.6441,0.0,False,False
6,271,1548021558,0,forward,0.6274,136.7628,8.4744,1.8606,0.0,False,False
6,272,1548021558,0,forward,0.4014,137.1642,8.4518,1.8329,0.0,False,False
6,273,1548021558,0,forward,0.514,137.6782,8.4236,1.8116,0.0,False,False
6,274,1548021558,0,forward,0.6267,138.3048,8.3898,1.772,0.0,False,False
6,275,1548021558,0,forward,0.4013,138.7062,8.3672,1.5691,0.0,False,False
6,276,1548021558,0,forward,0.3976,139.1037,8.3448,0.9679,0.0,False,False
6,277,964610217,0,forward,0.5099,139.6136,8.3168,1.3774,0.0,False,False
6,278,1548021558,0,forward,0.5127,140.1263,8.2887,1.656,0.0,False,False
6,279,1548021558,0,forward,0.4599,140.5862,8.2632,1.6511,0.0,False,False
6,280,1548021558,0,forward,0.5125,141.0987,8.2351,1.6225,0.0,False,False
6,281,1548021558,0,forward,0.5122,141.6108,8.207,1.5917,0.0,False,False
6,282,1548021558,0,forward,0.5119,142.1227,8.1789,1.5522,0.0,False,False
6,283,1548021558,0,forward,0.5116,142.6343,8.1508,1.5208,0.0,False,False
6,284,1548021558,0,forward,0.5115,143.1458,8.1227,1.4781,0.0,False,False
6,285,1548021558,0,forward,0.5118,143.6576,8.0946,1.4529,0.0,False,False
6,286,1548021558,0,forward,0.4196,144.0771,8.0711,0.9632,0.0,False,False
6,287,964610217,0,forward,0.5087,144.5859,8.0432,1.3948,0.0,False,False
6,288,1548021558,0,forward,0.5096,145.0955,8.0152,1.3687,0.0,False,False
6,289,1548021558,0,forward,0.4925,145.588,7.9881,1.3477,0.0,False,False
6,290,926291406,4,forward_right,0.4519,146.0399,7.963,1.3178,0.0,False,False
6,291,926291406,4,forward_right,0.3435,146.3834,7.9433,1.2964,0.0,False,False
6,292,926291406,4,forward_right,0.4279,146.8113,7.9194,1.2728,0.0,False,False
6,293,926291406,4,forward_right,0.2546,147.0659,7.9042,1.0795,0.0,False,False
6,294,1166997565,3,forward_left,0.3055,147.3714,7.8864,1.2061,0.0,False,False
6,295,926291406,4,forward_right,0.3895,147.7609,7.8645,1.2019,0.0,False,False
6,296,926291406,4,forward_right,0.3217,148.0826,7.8459,1.1941,0.0,False,False
6,297,926291406,4,forward_right,0.358,148.4405,7.8255,1.1759,0.0,False,False
6,298,926291406,4,forward_right,0.3608,148.8013,7.8049,1.1499,0.0,False,False
6,299,926291406,4,forward_right,0.3633,149.1646,7.7843,1.1378,0.0,False,False
6,300,926291406,4,forward_right,0.3653,149.5299,7.7635,1.1051,0.0,False,False
6,301,926291406,4,forward_right,0.367,149.8969,7.7427,1.0855,0.0,False,False
6,302,1166997565,3,forward_left,0.4067,150.3036,7.7198,1.0516,0.0,False,False
6,303,1166997565,3,forward_left,0.3687,150.6722,7.6989,1.0303,0.0,False,False
6,304,1166997565,3,forward_left,0.347,151.0193,7.679,1.0026,0.0,False,False
6,305,1937774032,3,forward_left,0.3158,151.3351,7.6607,0.9892,0.0,False,False
6,306,1937774032,3,forward_left,0.3626,151.6977,7.6401,0.9758,0.0,False,False
6,307,1937774032,3,forward_left,0.3586,152.0563,7.6197,0.9686,0.0,False,False
6,308,1937774032,3,forward_left,0.3368,152.3931,7.6003,0.9342,0.0,False,False
6,309,1937774032,3,forward_left,0.3511,152.7442,7.5803,0.9264,0.0,False,False
6,310,1937774032,3,forward_left,0.3469,153.0911,7.5604,0.9052,0.0,False,False
6,311,1937774032,3,forward_left,0.3423,153.4334,7.5408,0.8819,0.0,False,False
6,312,1937774032,3,forward_left,0.4145,153.8479,7.5176,0.8466,0.0,False,False
6,313,1309443777,2,turn_right,0.2269,154.0748,7.5013,0.8458,0.0,False,False
6,314,1517621770,2,turn_right,0.2556,154.3304,7.4835,0.8057,0.0,False,False
6,315,1517621770,2,turn_right,0.0347,154.3651,7.4767,0.7856,0.0,False,False
6,316,1873627169,2,turn_right,-0.1,154.2651,7.4772,0.7838,0.0,False,False
6,317,1309443777,2,turn_right,-0.1,154.1651,7.4775,0.7804,0.0,False,False
6,318,1937774032,3,forward_left,0.233,154.3981,7.4634,0.7834,0.0,False,False
6,319,1937774032,3,forward_left,0.2081,154.6062,7.4505,0.7904,0.0,False,False
6,320,1937774032,3,forward_left,0.347,154.9533,7.4306,0.7709,0.0,False,False
6,321,1937774032,3,forward_left,0.3421,155.2954,7.411,0.7507,0.0,False,False
6,322,1309443777,2,turn_right,0.131,155.4264,7.3995,0.7297,0.0,False,False
6,323,1309443777,2,turn_right,-0.1,155.3264,7.3997,0.7108,0.0,False,False
6,324,1309443777,2,turn_right,-0.1,155.2264,7.4,0.6992,0.0,False,False
6,325,1309443777,2,turn_right,-0.1,155.1264,7.4004,0.7082,0.0,False,False
6,326,1937774032,3,forward_left,0.1548,155.2812,7.3902,0.7012,0.0,False,False
6,327,1937774032,3,forward_left,0.3636,155.6448,7.3695,0.6932,0.0,False,False
6,328,1937774032,3,forward_left,0.3257,155.9705,7.3507,0.6793,0.0,False,False
6,329,1937774032,3,forward_left,0.3578,156.3284,7.3303,0.6737,0.0,False,False
6,330,1937774032,3,forward_left,0.4348,156.7631,7.3061,0.6462,0.0,False,False
6,331,1937774032,3,forward_left,0.2701,157.0332,7.2901,0.625,0.0,False,False
6,332,1309443777,2,turn_right,-1.3635,155.6698,7.2783,0.5998,0.0,False,False
6,333,1309443777,2,turn_right,-1.6,154.0698,7.2784,0.5781,0.0,False,False
6,334,1309443777,2,turn_right,-1.4816,152.5882,7.2725,0.5708,0.0,False,False
6,335,1309443777,2,turn_right,-1.6,150.9882,7.2726,0.5603,0.0,False,False
6,336,1937774032,3,forward_left,-1.3519,149.6363,7.2627,0.5713,0.0,False,False
6,337,1937774032,3,forward_left,-1.0776,148.5587,7.2391,0.5719,0.0,False,False
6,338,1937774032,3,forward_left,-1.2197,147.3391,7.2226,0.5529,0.0,False,False
6,339,1937774032,3,forward_left,-1.1394,146.1997,7.2021,0.5289,0.0,False,False
6,340,800498958,2,turn_right,-1.3627,144.837,7.1902,0.511,0.0,False,False
6,341,800498958,2,turn_right,-1.6,143.237,7.1904,0.4902,0.0,False,False
6,342,1092683537,2,turn_right,-1.6,141.637,7.1899,0.4782,0.0,False,False
6,343,2017775308,5,stop,-1.4329,140.2041,7.1841,0.4829,0.0,False,False
6,344,1092683537,2,turn_right,-1.426,138.7781,7.1754,0.4751,0.0,False,False
6,345,1092683537,2,turn_right,-1.5279,137.2502,7.1718,0.4639,0.0,False,False
6,346,1092683537,2,turn_right,-1.6,135.6502,7.1709,0.4574,0.0,False,False
6,347,1220008555,0,forward,-1.4295,134.2207,7.1649,0.4581,0.0,False,False
6,348,1220008555,0,forward,-1.2331,132.9876,7.149,0.458,0.0,False,False
6,349,2018924930,2,turn_right,-1.2189,131.7687,7.13,0.4487,0.0,False,False
6,350,2018924930,2,turn_right,-1.3331,130.4357,7.1166,0.4415,0.0,False,False
6,351,2018924930,2,turn_right,-1.5217,128.914,7.1127,0.4215,0.0,False,False
6,352,2018924930,2,turn_right,-0.0543,128.8597,7.1104,0.4145,0.0,False,False
6,353,765517299,5,stop,0.0277,128.8874,7.1066,0.4205,0.0,False,False
6,354,2046112992,2,turn_right,-0.0544,128.833,7.1043,0.4176,0.0,False,False
6,355,2046112992,2,turn_right,-0.1,128.733,7.1029,0.4147,0.0,False,False
6,356,1701223490,2,turn_right,-0.1,128.633,7.1025,0.4393,0.0,False,False
6,357,1372204316,2,turn_right,-0.1,128.533,7.102,0.4271,0.0,False,False
6,358,1372204316,4,forward_right,0.0396,128.5726,7.0975,0.4458,0.0,False,False
6,359,1372204316,3,forward_left,0.1502,128.7229,7.0875,0.4472,0.0,False,False
6,360,1212430525,4,forward_right,0.1887,128.9116,7.0756,0.4436,0.0,False,False
6,361,1212430525,4,forward_right,0.2508,129.1624,7.0605,0.4334,0.0,False,False
6,362,1212430525,4,forward_right,0.3447,129.5071,7.0408,0.4295,0.0,False,False
6,363,1212430525,4,forward_right,0.2063,129.7134,7.028,0.4301,0.0,False,False
6,364,124275310,2,turn_right,0.1588,129.8722,7.015,0.4241,0.0,False,False
6,365,124275310,2,turn_right,-0.037,129.8352,7.0119,0.4255,0.0,False,False
6,366,124275310,2,turn_right,-0.1,129.7352,7.0117,0.4395,0.0,False,False
6,367,1940035026,2,turn_right,-0.1,129.6352,7.0112,0.4665,0.0,False,False
6,368,1940035026,2,turn_right,-0.1,129.5352,7.0108,0.464,0.0,False,False
6,369,1940035026,2,turn_right,-0.1,129.4352,7.0104,0.4899,0.0,False,False
6,370,1940035026,2,turn_right,-0.1,129.3352,7.0096,0.4958,0.0,False,False
6,371,1940035026,2,turn_right,-0.1,129.2352,7.0091,0.5114,0.0,False,False
6,372,1940035026,2,turn_right,-0.1,129.1352,7.0079,0.534,0.0,False,False
6,373,2085456378,3,forward_left,0.0402,129.1754,7.0034,0.545,0.0,False,False
6,374,1940035026,2,turn_right,-0.0587,129.1166,7.0013,0.547,0.0,False,False
6,375,1940035026,2,turn_right,-0.1,129.0166,7.0005,0.6789,0.0,False,False
6,376,1440968876,0,forward,-0.05,128.9666,6.999,0.8981,0.0,False,False
6,377,1775452818,1,turn_left,-0.0563,128.9104,6.9968,0.9727,0.0,False,False
6,378,57431672,0,forward,-0.05,128.8604,6.997,0.9516,0.0,False,False
6,379,57431672,0,forward,0.0062,128.8666,6.9942,0.9866,0.0,False,False
6,380,1440968876,0,forward,0.0167,128.8833,6.9908,1.0509,0.0,False,False
6,381,1440968876,0,forward,0.0165,128.8998,6.9875,1.099,0.0,False,False
6,382,1440968876,0,forward,0.0164,128.9161,6.9842,1.2244,0.0,False,False
6,383,828879,1,turn_left,-0.0417,128.8745,6.9813,1.3787,0.0,False,False
6,384,828879,1,turn_left,-0.0593,128.8152,6.9793,1.5628,0.0,False,False
6,385,828879,1,turn_left,-0.1,128.7152,6.9786,1.456,0.0,False,False
6,386,828879,1,turn_left,-0.1,128.6152,6.9813,0.9989,0.0,False,False
6,387,1406925816,4,forward_right,-0.05,128.5652,6.9796,1.2192,0.0,False,False
6,388,828879,1,turn_left,-0.0576,128.5076,6.9775,1.2369,0.0,False,False
6,389,828879,1,turn_left,-0.1,128.4076,6.9776,1.0317,0.0,False,False
6,390,1440968876,0,forward,-0.05,128.3576,6.976,0.8656,0.0,False,False
6,391,1440968876,0,forward,0.0751,128.4327,6.9698,0.9126,0.0,False,False
6,392,1440968876,0,forward,0.1091,128.5418,6.9618,0.9744,0.0,False,False
6,393,1440968876,0,forward,0.1571,128.6989,6.9515,1.0551,0.0,False,False
6,394,1440968876,0,forward,0.0861,128.785,6.9447,1.1374,0.0,False,False
6,395,828879,1,turn_left,0.0552,128.8403,6.9369,1.2227,0.0,False,False
6,396,828879,1,turn_left,0.0151,128.8553,6.9311,1.3034,0.0,False,False
6,397,828879,1,turn_left,-0.0475,128.8078,6.9285,1.2207,0.0,False,False
6,398,828879,1,turn_left,-0.1,128.7078,6.9303,1.0295,0.0,False,False
6,399,587486767,5,stop,-0.05,128.6578,6.9291,1.1234,0.0,False,False
6,400,828879,1,turn_left,-0.029,128.6288,6.9256,1.1262,0.0,False,False
6,401,828879,1,turn_left,-0.1,128.5288,6.9261,1.0246,0.0,False,False
6,402,1440968876,0,forward,0.0209,128.5498,6.9226,0.9712,0.0,False,False
6,403,1440968876,0,forward,0.1368,128.6865,6.9133,0.9686,0.0,False,False
6,404,1440968876,0,forward,0.2565,128.943,6.8979,0.9889,0.0,False,False
6,405,1440968876,0,forward,0.1804,129.1234,6.8864,1.0075,0.0,False,False
6,406,1440968876,0,forward,0.2294,129.3528,6.8724,1.0418,0.0,False,False
6,407,1440968876,0,forward,0.2909,129.6437,6.8554,1.0602,0.0,False,False
6,408,1440968876,0,forward,0.1756,129.8193,6.8441,1.1349,0.0,False,False
6,409,828879,1,turn_left,0.1583,129.9776,6.8312,1.166,0.0,False,False
6,410,828879,1,turn_left,0.0974,130.075,6.8213,1.221,0.0,False,False
6,411,828879,1,turn_left,-0.0043,130.0707,6.8166,0.9337,0.0,False,False
6,412,1406925816,4,forward_right,-0.0058,130.0649,6.8143,1.1881,0.0,False,False
6,413,828879,1,turn_left,0.0125,130.0774,6.8087,1.1853,0.0,False,False
6,414,828879,1,turn_left,-0.1,129.9774,6.8089,1.0865,0.0,False,False
6,415,1440968876,0,forward,0.0043,129.9817,6.8062,1.0156,0.0,False,False
6,416,1440968876,0,forward,0.1796,130.1614,6.7947,1.0152,0.0,False,False
6,417,1440968876,0,forward,0.259,130.4204,6.7792,1.0329,0.0,False,False
6,418,1440968876,0,forward,0.3215,130.7418,6.7606,1.0599,0.0,False,False
6,419,1440968876,0,forward,0.3237,131.0655,6.742,1.0766,0.0,False,False
6,420,1440968876,0,forward,0.322,131.3875,6.7234,1.1375,0.0,False,False
6,421,828879,1,turn_left,0.2541,131.6416,6.7057,1.161,0.0,False,False
6,422,828879,1,turn_left,0.1758,131.8174,6.6919,1.1949,0.0,False,False
6,423,828879,1,turn_left,0.0996,131.917,6.6819,1.2176,0.0,False,False
6,424,828879,1,turn_left,-0.1,131.817,6.6806,0.9801,0.0,False,False
6,425,1406925816,4,forward_right,0.0872,131.9042,6.6738,1.1767,0.0,False,False
6,426,828879,1,turn_left,0.0449,131.9491,6.6665,1.1717,0.0,False,False
6,427,828879,1,turn_left,-0.1,131.8491,6.6666,1.0928,0.0,False,False
6,428,1440968876,0,forward,0.0604,131.9094,6.6611,1.0482,0.0,False,False
6,429,1440968876,0,forward,0.2423,132.1517,6.6465,1.0681,0.0,False,False
6,430,1440968876,0,forward,0.337,132.4887,6.6271,1.0952,0.0,False,False
6,431,1440968876,0,forward,0.3984,132.8871,6.6047,1.0993,0.0,False,False
6,432,1440968876,0,forward,0.3973,133.2844,6.5823,1.15,0.0,False,False
6,433,828879,1,turn_left,0.3258,133.6101,6.561,1.1665,0.0,False,False
6,434,828879,1,turn_left,0.2303,133.8405,6.5445,1.1854,0.0,False,False
6,435,828879,1,turn_left,0.1382,133.9787,6.5326,1.2156,0.0,False,False
6,436,828879,1,turn_left,-0.1,133.8787,6.5309,0.9758,0.0,False,False
6,437,1406925816,4,forward_right,0.1161,133.9947,6.5226,1.1521,0.0,False,False
6,438,828879,1,turn_left,0.0835,134.0782,6.5134,1.1669,0.0,False,False
6,439,828879,1,turn_left,-0.1,133.9782,6.5134,1.1314,0.0,False,False
6,440,828879,1,turn_left,-0.1,133.8782,6.5136,1.0801,0.0,False,False
6,441,1440968876,0,forward,0.0391,133.9173,6.5091,1.055,0.0,False,False
6,442,1440968876,0,forward,0.2779,134.1952,6.4927,1.0631,0.0,False,False
6,443,1440968876,0,forward,0.3611,134.5563,6.4722,1.0692,0.0,False,False
6,444,1440968876,0,forward,0.5887,135.145,6.4402,1.0789,0.0,False,False
6,445,1440968876,0,forward,0.3792,135.5241,6.4188,1.0909,0.0,False,False
6,446,1440968876,0,forward,0.4859,136.01,6.392,1.0976,0.0,False,False
6,447,1440968876,0,forward,0.4853,136.4954,6.3652,1.1178,0.0,False,False
6,448,828879,1,turn_left,0.3916,136.887,6.3406,1.1378,0.0,False,False
6,449,828879,1,turn_left,0.2741,137.161,6.3219,1.1332,0.0,False,False
6,450,828879,1,turn_left,0.1209,137.282,6.3109,0.9442,0.0,False,False
6,451,1406925816,4,forward_right,0.1358,137.4177,6.3016,1.1558,0.0,False,False
6,452,828879,1,turn_left,0.1755,137.5932,6.2878,1.1534,0.0,False,False
6,453,828879,1,turn_left,-0.1,137.4932,6.2878,1.1359,0.0,False,False
6,454,926291406,4,forward_right,0.1131,137.6063,6.2797,1.1263,0.0,False,False
6,455,926291406,4,forward_right,0.3369,137.9432,6.2603,1.1477,0.0,False,False
6,456,926291406,4,forward_right,0.3309,138.2741,6.2413,1.162,0.0,False,False
6,457,828879,1,turn_left,0.114,138.388,6.2306,1.1804,0.0,False,False
6,458,828879,1,turn_left,-0.1,138.288,6.2308,1.1567,0.0,False,False
6,459,926291406,4,forward_right,0.0938,138.3818,6.2236,1.1521,0.0,False,False
6,460,926291406,4,forward_right,0.3391,138.7209,6.2042,1.1597,0.0,False,False
6,461,926291406,4,forward_right,0.2729,138.9938,6.188,1.1768,0.0,False,False
6,462,926291406,4,forward_right,0.3265,139.3203,6.1692,1.1838,0.0,False,False
6,463,828879,1,turn_left,0.1125,139.4328,6.1586,1.2109,0.0,False,False
6,464,828879,1,turn_left,-0.1,139.3328,6.1588,1.1885,0.0,False,False
6,465,926291406,4,forward_right,0.0186,139.3514,6.1553,1.0664,0.0,False,False
6,466,1166997565,3,forward_left,0.2789,139.6303,6.1389,1.1882,0.0,False,False
6,467,926291406,4,forward_right,0.2757,139.906,6.1226,1.1593,0.0,False,False
6,468,926291406,4,forward_right,0.3301,140.2361,6.1036,1.1777,0.0,False,False
6,469,926291406,4,forward_right,0.339,140.5751,6.0841,1.2016,0.0,False,False
6,470,926291406,4,forward_right,0.3337,140.9088,6.065,1.2322,0.0,False,False
6,471,828879,1,turn_left,0.1286,141.0373,6.0535,1.2266,0.0,False,False
6,472,926291406,4,forward_right,0.1422,141.1795,6.0439,1.231,0.0,False,False
6,473,926291406,4,forward_right,0.3368,141.5164,6.0246,1.0099,0.0,False,False
6,474,645740840,5,stop,0.1497,141.666,6.0146,1.1642,0.0,False,False
6,475,828879,1,turn_left,0.1143,141.7803,6.0039,1.2826,0.0,False,False
6,476,828879,1,turn_left,-0.1,141.6803,6.0033,1.2442,0.0,False,False
6,477,926291406,4,forward_right,0.1364,141.8167,5.994,1.252,0.0,False,False
6,478,926291406,4,forward_right,0.3397,142.1563,5.9745,1.2475,0.0,False,False
6,479,926291406,4,forward_right,0.3337,142.49,5.9553,1.2764,0.0,False,False
6,480,828879,1,turn_left,0.107,142.597,5.9449,1.2749,0.0,False,False
6,481,926291406,4,forward_right,0.1346,142.7316,5.9357,1.2805,0.0,False,False
6,482,926291406,4,forward_right,0.3354,143.067,5.9164,1.3057,0.0,False,False
6,483,828879,1,turn_left,0.1078,143.1748,5.9061,1.0165,0.0,False,False
6,484,1166997565,3,forward_left,0.0812,143.256,5.8995,1.2594,0.0,False,False
6,485,926291406,4,forward_right,0.2379,143.494,5.8851,1.2926,0.0,False,False
6,486,926291406,4,forward_right,0.298,143.792,5.8677,1.2994,0.0,False,False
6,487,926291406,4,forward_right,0.3111,144.1031,5.8496,1.3181,0.0,False,False
6,488,828879,1,turn_left,0.0574,144.1605,5.8418,1.3172,0.0,False,False
6,489,926291406,4,forward_right,0.1423,144.3028,5.8322,1.322,0.0,False,False
6,490,926291406,4,forward_right,0.335,144.6378,5.8129,1.2986,0.0,False,False
6,491,828879,1,turn_left,0.1738,144.8116,5.7992,0.9536,0.0,False,False
6,492,1406925816,4,forward_right,0.1386,144.9502,5.7898,1.3592,0.0,False,False
6,493,828879,1,turn_left,0.2038,145.154,5.7746,1.3464,0.0,False,False
6,494,828879,1,turn_left,-0.1,145.054,5.7746,1.3339,0.0,False,False
6,495,926291406,4,forward_right,0.0924,145.1464,5.7675,1.3302,0.0,False,False
6,496,926291406,4,forward_right,0.3087,145.4551,5.7496,1.3357,0.0,False,False
6,497,926291406,4,forward_right,0.3331,145.7882,5.7304,1.3631,0.0,False,False
6,498,828879,1,turn_left,0.1359,145.9241,5.7186,1.3743,0.0,False,False
6,499,926291406,4,forward_right,0.1439,146.068,5.7089,1.3531,0.0,False,False
6,500,926291406,4,forward_right,0.3342,146.4022,5.6897,1.3822,0.0,False,False
6,501,828879,1,turn_left,0.1352,146.5374,5.678,0.9562,0.0,False,False
6,502,1406925816,4,forward_right,0.2334,146.7708,5.6638,1.4117,0.0,False,False
6,503,828879,1,turn_left,0.1343,146.9051,5.6521,1.4044,0.0,False,False
6,504,828879,1,turn_left,-0.1,146.8051,5.6522,1.3833,0.0,False,False
6,505,926291406,4,forward_right,0.1085,146.9136,5.6443,1.3685,0.0,False,False
6,506,926291406,4,forward_right,0.3379,147.2515,5.6249,1.3758,0.0,False,False
6,507,926291406,4,forward_right,0.3318,147.5833,5.6058,1.4022,0.0,False,False
6,508,828879,1,turn_left,0.1329,147.7162,5.5941,1.4211,0.0,False,False
6,509,828879,1,turn_left,-0.1,147.6162,5.594,1.2848,0.0,False,False
6,510,926291406,4,forward_right,0.0967,147.7129,5.5866,1.2679,0.0,False,False
6,511,926291406,4,forward_right,0.34,148.0529,5.5671,1.4042,0.0,False,False
6,512,926291406,4,forward_right,0.2935,148.3464,5.55,1.4165,0.0,False,False
6,513,926291406,4,forward_right,0.3296,148.676,5.531,1.4412,0.0,False,False
6,514,828879,1,turn_left,0.1358,148.8118,5.5192,1.4516,0.0,False,False
6,515,828879,1,turn_left,-0.1,148.7118,5.5194,1.3734,0.0,False,False
6,516,926291406,4,forward_right,0.0281,148.7399,5.5155,1.0724,0.0,False,False
6,517,1166997565,3,forward_left,0.3011,149.041,5.498,1.4351,0.0,False,False
6,518,926291406,4,forward_right,0.2598,149.3008,5.4825,1.4239,0.0,False,False
6,519,926291406,4,forward_right,0.3223,149.6231,5.4638,1.44,0.0,False,False
6,520,926291406,4,forward_right,0.3352,149.9583,5.4446,1.4602,0.0,False,False
6,521,926291406,4,forward_right,0.3294,150.2876,5.4256,1.465,0.0,False,False
6,522,828879,1,turn_left,0.1358,150.4235,5.4138,1.4821,0.0,False,False
6,523,828879,1,turn_left,-0.1,150.3235,5.4138,1.2634,0.0,False,False
6,524,926291406,4,forward_right,0.1531,150.4766,5.4036,1.2295,0.0,False,False
6,525,926291406,4,forward_right,0.2606,150.7372,5.3881,1.4739,0.0,False,False
6,526,926291406,4,forward_right,0.2827,151.02,5.3714,1.4922,0.0,False,False
6,527,926291406,4,forward_right,0.328,151.348,5.3525,1.5189,0.0,False,False
6,528,828879,1,turn_left,0.141,151.489,5.3405,1.5286,0.0,False,False
6,529,828879,1,turn_left,-0.1,151.389,5.3407,1.4502,0.0,False,False
6,530,926291406,4,forward_right,0.0305,151.4195,5.3367,1.11,0.0,False,False
6,531,926291406,4,forward_right,0.3344,151.7539,5.3175,1.4753,0.0,False,False
6,532,926291406,4,forward_right,0.2774,152.0313,5.3011,1.5175,0.0,False,False
6,533,926291406,4,forward_right,0.3212,152.3525,5.2825,1.5222,0.0,False,False
6,534,828879,1,turn_left,0.1446,152.4971,5.2703,1.5442,0.0,False,False
6,535,828879,1,turn_left,-0.1,152.3971,5.271,1.4393,0.0,False,False
6,536,926291406,4,forward_right,0.056,152.4531,5.2657,1.141,0.0,False,False
6,537,926291406,4,forward_right,0.343,152.796,5.246,1.5206,0.0,False,False
6,538,926291406,4,forward_right,0.337,153.133,5.2267,1.5388,0.0,False,False
6,539,926291406,4,forward_right,0.3157,153.4487,5.2084,1.5539,0.0,False,False
6,540,828879,1,turn_left,0.1485,153.5972,5.1959,1.5645,0.0,False,False
6,541,828879,1,turn_left,-0.1,153.4972,5.1961,1.4464,0.0,False,False
6,542,926291406,4,forward_right,0.0835,153.5807,5.1894,0.9931,0.0,False,False
6,543,1309443777,2,turn_right,0.2522,153.8329,5.1718,1.4202,0.0,False,False
6,544,926291406,4,forward_right,0.2341,154.067,5.1576,1.5605,0.0,False,False
6,545,926291406,4,forward_right,0.321,154.388,5.139,1.5719,0.0,False,False
6,546,828879,1,turn_left,0.1578,154.5457,5.1261,1.4895,0.0,False,False
6,547,828879,1,turn_left,-0.1,154.4457,5.1267,0.9701,0.0,False,False
6,548,1309443777,2,turn_right,0.0553,154.501,5.1189,1.3745,0.0,False,False
6,549,926291406,4,forward_right,0.2341,154.7351,5.1047,1.576,0.0,False,False
6,550,926291406,4,forward_right,0.3202,155.0553,5.0862,1.578,0.0,False,False
6,551,828879,1,turn_left,0.0775,155.1328,5.0773,1.5796,0.0,False,False
6,552,926291406,4,forward_right,0.1481,155.2809,5.0674,1.5844,0.0,False,False
6,553,926291406,4,forward_right,0.3357,155.6166,5.0481,1.6049,0.0,False,False
6,554,828879,1,turn_left,0.2399,155.8565,5.0311,1.3231,0.0,False,False
6,555,828879,1,turn_left,-0.1,155.7565,5.0312,0.9994,0.0,False,False
6,556,1309443777,2,turn_right,0.0625,155.819,5.0231,1.6041,0.0,False,False
6,557,926291406,4,forward_right,0.2516,156.0707,5.008,1.5917,0.0,False,False
6,558,828879,1,turn_left,0.0781,156.1488,4.9991,1.6269,0.0,False,False
6,559,828879,1,turn_left,-0.1,156.0488,4.999,1.5882,0.0,False,False
6,560,926291406,4,forward_right,0.1477,156.1965,4.9891,1.1584,0.0,False,False
6,561,926291406,4,forward_right,0.3242,156.5207,4.9704,0.9641,0.0,False,False
6,562,1309443777,2,turn_right,0.2343,156.755,4.9537,1.4058,0.0,False,False
6,563,926291406,4,forward_right,0.2509,157.0059,4.9386,1.6471,0.0,False,False
6,564,828879,1,turn_left,0.1596,157.1655,4.9256,1.6463,0.0,False,False
6,565,828879,1,turn_left,-0.1,157.0655,4.9258,1.6463,0.0,False,False
6,566,926291406,4,forward_right,0.1587,157.2242,4.9154,1.314,0.0,False,False
6,567,926291406,4,forward_right,0.3389,157.5631,4.8959,1.6422,0.0,False,False
6,568,926291406,4,forward_right,0.3327,157.8958,4.8768,1.6492,0.0,False,False
6,569,828879,1,turn_left,0.1513,158.0471,4.8642,1.6558,0.0,False,False
6,570,926291406,4,forward_right,0.0668,158.1138,4.8584,1.6501,0.0,False,False
6,571,926291406,4,forward_right,0.3345,158.4483,4.8392,1.6694,0.0,False,False
6,572,828879,1,turn_left,0.2387,158.687,4.8222,1.5134,0.0,False,False
6,573,828879,1,turn_left,-0.1,158.587,4.8225,0.987,0.0,False,False
6,574,1309443777,2,turn_right,0.0623,158.6493,4.8144,1.6641,0.0,False,False
6,575,926291406,4,forward_right,0.2519,158.9012,4.7993,1.6744,0.0,False,False
6,576,828879,1,turn_left,0.1995,159.1007,4.7844,1.6939,0.0,False,False
6,577,828879,1,turn_left,-0.1,159.0007,4.783,1.6766,0.0,False,False
6,578,926291406,4,forward_right,0.1451,159.1458,4.7733,1.5738,0.0,False,False
6,579,926291406,4,forward_right,0.3388,159.4846,4.7538,1.2778,0.0,False,False
6,580,926291406,4,forward_right,0.3267,159.8113,4.735,0.9468,0.0,False,False
6,581,1406925816,4,forward_right,0.2477,160.0589,4.7201,1.6047,0.0,False,False
6,582,828879,1,turn_left,0.1468,160.2057,4.7078,1.7181,0.0,False,False
6,583,828879,1,turn_left,-0.1,160.1057,4.7075,1.6987,0.0,False,False
6,584,926291406,4,forward_right,0.1452,160.2509,4.6977,1.6881,0.0,False,False
6,585,926291406,4,forward_right,0.3363,160.5872,4.6784,1.7013,0.0,False,False
6,586,926291406,4,forward_right,0.3298,160.917,4.6594,1.7099,0.0,False,False
6,587,828879,1,turn_left,0.1524,161.0693,4.6468,1.7144,0.0,False,False
6,588,828879,1,turn_left,-0.1,160.9693,4.6465,1.6901,0.0,False,False
6,589,926291406,4,forward_right,0.1463,161.1156,4.6367,1.2074,0.0,False,False
6,590,926291406,4,forward_right,0.3434,161.459,4.6171,0.9557,0.0,False,False
6,591,1309443777,2,turn_right,0.1961,161.6551,4.6023,1.2046,0.0,False,False
6,592,926291406,4,forward_right,0.2272,161.8823,4.5884,1.4355,0.0,False,False
6,593,828879,1,turn_left,0.1381,162.0204,4.5765,1.3279,0.0,False,False
6,594,828879,1,turn_left,-0.0451,161.9753,4.5737,0.9601,0.0,False,False
6,595,1309443777,2,turn_right,0.1273,162.1026,4.5624,1.7148,0.0,False,False
6,596,926291406,4,forward_right,0.1836,162.2862,4.5507,1.749,0.0,False,False
6,597,926291406,4,forward_right,0.2896,162.5758,4.5337,1.75,0.0,False,False
6,598,828879,1,turn_left,0.1891,162.7649,4.5193,3.8588,0.0,False,False
6,599,828879,1,turn_left,-0.1,162.6649,4.5194,1.7394,0.0,False,False
6,600,926291406,4,forward_right,0.1518,162.8167,4.5093,1.1122,0.0,False,False
6,601,926291406,4,forward_right,0.2925,163.1093,4.4922,1.0598,0.0,False,False
6,602,1166997565,3,forward_left,0.3045,163.4138,4.4745,1.5241,0.0,False,False
6,603,926291406,4,forward_right,0.285,163.6988,4.4577,1.9317,0.0,False,False
6,604,926291406,4,forward_right,0.3125,164.0113,4.4396,1.9317,0.0,False,False
6,605,828879,1,turn_left,0.1428,164.1541,4.4275,1.7588,0.0,False,False
6,606,828879,1,turn_left,-0.1,164.0541,4.4277,0.9559,0.0,False,False
6,607,1309443777,2,turn_right,0.0517,164.1058,4.4201,1.434,0.0,False,False
6,608,926291406,4,forward_right,0.2088,164.3146,4.4071,2.9947,0.0,False,False
6,609,926291406,4,forward_right,0.3054,164.62,4.3894,3.7754,0.0,False,False
6,610,828879,1,turn_left,0.1223,164.7423,4.3783,3.7512,0.0,False,False
6,611,828879,1,turn_left,-0.1,164.6423,4.3779,1.5305,0.0,False,False
6,612,926291406,4,forward_right,0.0436,164.6859,4.3732,1.0088,0.0,False,False
6,613,1309443777,2,turn_right,0.1886,164.8745,4.3588,1.7927,0.0,False,False
6,614,926291406,4,forward_right,0.2582,165.1327,4.3434,2.1837,0.0,False,False
6,615,926291406,4,forward_right,0.3326,165.4653,4.3242,3.7339,0.0,False,False
6,616,926291406,4,forward_right,0.3204,165.7857,4.3057,3.7399,0.0,False,False
6,617,828879,1,turn_left,0.1684,165.9541,4.2923,3.721,0.0,False,False
6,618,828879,1,turn_left,-0.1,165.8541,4.2924,1.4648,0.0,False,False
6,619,926291406,4,forward_right,0.1241,165.9782,4.2837,1.0116,0.0,False,False
6,620,1309443777,2,turn_right,0.2637,166.2419,4.2656,1.2965,0.0,False,False
6,621,926291406,4,forward_right,0.2898,166.5317,4.2486,1.4629,0.0,False,False
6,622,926291406,4,forward_right,0.3314,166.8631,4.2295,1.5209,0.0,False,False
6,623,828879,1,turn_left,0.166,167.0291,4.2162,1.1228,0.0,False,False
6,624,828879,1,turn_left,0.0052,167.0343,4.2109,1.297,0.0,False,False
6,625,828879,1,turn_left,-0.1,166.9343,4.2092,1.6537,0.0,False,False
6,626,926291406,4,forward_right,0.1509,167.0852,4.1991,3.0765,0.0,False,False
6,627,926291406,4,forward_right,0.3315,167.4167,4.18,3.6504,0.0,False,False
6,628,926291406,4,forward_right,0.3057,167.7224,4.1622,3.6716,0.0,False,False
6,629,828879,1,turn_left,0.1559,167.8783,4.1495,3.6278,0.0,False,False
6,630,828879,1,turn_left,-0.1,167.7783,4.1493,1.3857,0.0,False,False
6,631,926291406,4,forward_right,0.1001,167.8784,4.1418,1.0644,0.0,False,False
6,632,1166997565,3,forward_left,0.3282,168.2066,4.1229,1.6537,0.0,False,False
6,633,926291406,4,forward_right,0.3164,168.523,4.1045,2.6162,0.0,False,False
6,634,926291406,4,forward_right,0.33,168.853,4.0855,3.6328,0.0,False,False
6,635,926291406,4,forward_right,0.4098,169.2628,4.0626,3.5932,0.0,False,False
6,636,828879,1,turn_left,0.0798,169.3426,4.0536,3.5983,0.0,False,False
6,637,828879,1,turn_left,-0.1,169.2426,4.0534,2.0791,0.0,False,False
6,638,926291406,4,forward_right,0.2306,169.4731,4.0394,1.6239,0.0,False,False
6,639,926291406,4,forward_right,0.3421,169.8152,4.0198,1.4068,0.0,False,False
6,640,926291406,4,forward_right,0.3377,170.1529,4.0004,1.0899,0.0,False,False
6,641,1166997565,3,forward_left,0.246,170.3989,3.9856,1.1158,0.0,False,False
6,642,828879,1,turn_left,0.2261,170.625,3.9693,1.852,0.0,False,False
6,643,828879,1,turn_left,0.0666,170.6916,3.961,1.9143,0.0,False,False
6,644,926291406,4,forward_right,0.1427,170.8342,3.9513,2.0841,0.0,False,False
6,645,926291406,4,forward_right,0.335,171.1693,3.9321,2.955,0.0,False,False
6,646,828879,1,turn_left,0.047,171.2162,3.9247,1.758,0.0,False,False
6,647,926291406,4,forward_right,0.1408,171.3571,3.9152,1.2969,0.0,False,False
6,648,926291406,4,forward_right,0.3398,171.6969,3.8957,1.1347,0.0,False,False
6,649,926291406,4,forward_right,0.2991,171.9959,3.8783,0.9669,0.0,False,False
6,650,1406925816,4,forward_right,0.3184,172.3143,3.8598,1.4734,0.0,False,False
6,651,828879,1,turn_left,0.1897,172.504,3.8454,1.603,0.0,False,False
6,652,828879,1,turn_left,-0.1,172.404,3.8456,0.9716,0.0,False,False
6,653,1309443777,2,turn_right,-0.1,172.304,3.8436,1.0706,0.0,False,False
6,654,1166997565,3,forward_left,0.1874,172.4915,3.8317,1.0706,0.0,False,False
6,655,926291406,4,forward_right,0.2726,172.7641,3.8156,1.9645,0.0,False,False
6,656,926291406,4,forward_right,0.3246,173.0887,3.7969,2.9811,0.0,False,False
6,657,926291406,4,forward_right,0.333,173.4217,3.7777,3.4829,0.0,False,False
6,658,828879,1,turn_left,0.2133,173.635,3.762,3.4855,0.0,False,False
6,659,828879,1,turn_left,-0.1,173.535,3.7623,3.4855,0.0,False,False
6,660,926291406,4,forward_right,0.1495,173.6845,3.7523,1.3805,0.0,False,False
6,661,1309443777,2,turn_right,0.218,173.9025,3.7364,1.0404,0.0,False,False
6,662,1166997565,3,forward_left,0.1582,174.0607,3.726,1.0404,0.0,False,False
6,663,1166997565,3,forward_left,0.4111,174.4718,3.7029,1.0524,0.0,False,False
6,664,1166997565,3,forward_left,0.3387,174.8105,3.6835,1.0492,0.0,False,False
6,665,1166997565,3,forward_left,0.2469,175.0574,3.6687,1.0492,0.0,False,False
6,666,1166997565,3,forward_left,0.3462,175.4036,3.6488,1.0503,0.0,False,False
6,667,926291406,4,forward_right,0.2843,175.6879,3.6321,1.174,0.0,False,False
6,668,1309443777,2,turn_right,0.1982,175.8861,3.6172,1.0763,0.0,False,False
6,669,1166997565,3,forward_left,0.2396,176.1256,3.6027,1.0763,0.0,False,False
6,670,1166997565,3,forward_left,0.3489,176.4745,3.5828,1.2544,0.0,False,False
6,671,926291406,4,forward_right,0.2754,176.75,3.5665,1.4857,0.0,False,False
6,672,926291406,4,forward_right,0.3127,177.0627,3.5484,1.2817,0.0,False,False
6,673,1166997565,3,forward_left,0.2902,177.3529,3.5314,1.0823,0.0,False,False
6,674,1166997565,3,forward_left,0.3209,177.6737,3.5128,1.1097,0.0,False,False
6,675,926291406,4,forward_right,0.3237,177.9974,3.4942,1.6344,0.0,False,False
6,676,2095099663,0,forward,0.3356,178.3331,3.4749,2.3034,0.0,False,False
6,677,2095099663,0,forward,0.4531,178.7861,3.4497,3.3659,0.0,False,False
6,678,2095099663,0,forward,0.506,179.2921,3.4219,3.4665,0.0,False,False
6,679,2095099663,0,forward,0.5202,179.8123,3.3934,3.4644,0.0,False,False
6,680,2095099663,0,forward,0.5194,180.3317,3.3649,3.4564,0.0,False,False
6,681,2095099663,0,forward,0.5189,180.8505,3.3365,3.4379,0.0,False,False
6,682,2095099663,0,forward,0.5183,181.3688,3.3081,3.4313,0.0,False,False
6,683,2095099663,0,forward,0.5177,181.8865,3.2797,3.4521,0.0,False,False
6,684,2095099663,0,forward,0.5172,182.4037,3.2513,3.3285,0.0,False,False
6,685,2095099663,0,forward,0.5168,182.9206,3.223,2.1558,0.0,False,False
6,686,2095099663,0,forward,0.5172,183.4377,3.1946,1.3665,0.0,False,False
6,687,2095099663,0,forward,0.4473,183.885,3.1698,0.9502,0.0,False,False
6,688,1341840061,1,turn_left,0.4067,184.2917,3.1444,1.6077,0.0,False,False
6,689,2095099663,0,forward,0.3507,184.6425,3.1244,2.6723,0.0,False,False
6,690,2095099663,0,forward,0.4409,185.0834,3.0999,3.4334,0.0,False,False
6,691,2095099663,0,forward,0.5062,185.5896,3.072,3.4325,0.0,False,False
6,692,2095099663,0,forward,0.4997,186.0893,3.0446,3.418,0.0,False,False
6,693,2095099663,0,forward,0.5045,186.5938,3.0168,3.4204,0.0,False,False
6,694,2095099663,0,forward,0.5035,187.0973,2.9892,3.4242,0.0,False,False
6,695,2095099663,0,forward,0.613,187.7103,2.956,3.4193,0.0,False,False
6,696,2095099663,0,forward,0.3913,188.1016,2.9339,3.42,0.0,False,False
6,697,2095099663,0,forward,0.5008,188.6024,2.9064,3.2386,0.0,False,False
6,698,2095099663,0,forward,0.5,189.1024,2.8789,2.0544,0.0,False,False
6,699,2095099663,0,forward,0.4999,189.6024,2.8514,1.2742,0.0,False,False
6,700,2095099663,0,forward,0.4304,190.0328,2.8274,0.9502,0.0,False,False
6,701,1341840061,1,turn_left,0.3909,190.4237,2.8028,1.6844,0.0,False,False
6,702,2095099663,0,forward,0.3643,190.788,2.7821,2.712,0.0,False,False
6,703,1508107506,3,forward_left,0.3982,191.1862,2.7597,3.3985,0.0,False,False
6,704,1508107506,3,forward_left,0.3298,191.516,2.7407,3.4134,0.0,False,False
6,705,2095099663,0,forward,0.4253,191.9413,2.717,3.4127,0.0,False,False
6,706,2095099663,0,forward,0.4989,192.4402,2.6895,3.416,0.0,False,False
6,707,2095099663,0,forward,0.6075,193.0477,2.6566,3.4027,0.0,False,False
6,708,2095099663,0,forward,0.3876,193.4353,2.6348,3.4027,0.0,False,False
6,709,2095099663,0,forward,0.4959,193.9312,2.6075,3.3863,0.0,False,False
6,710,2095099663,0,forward,0.6035,194.5347,2.5748,3.3903,0.0,False,False
6,711,1508107506,3,forward_left,0.3129,194.8476,2.5566,3.4075,0.0,False,False
6,712,2095099663,0,forward,0.4233,195.2709,2.533,2.0113,0.0,False,False
6,713,2095099663,0,forward,0.4982,195.7691,2.5056,1.2835,0.0,False,False
6,714,2095099663,0,forward,0.5571,196.3262,2.4752,0.9578,0.0,False,False
6,715,1341840061,1,turn_left,0.2939,196.6201,2.4555,1.3426,0.0,False,False
6,716,1508107506,3,forward_left,0.3594,196.9795,2.435,1.5035,0.0,False,False
6,717,1508107506,3,forward_left,0.3342,197.3137,2.4158,1.2706,0.0,False,False
6,718,2095099663,0,forward,0.2978,197.6115,2.3985,0.9435,0.0,False,False
6,719,1341840061,1,turn_left,0.3689,197.9804,2.375,1.4874,0.0,False,False
6,720,2095099663,0,forward,0.3514,198.3318,2.3549,2.2609,0.0,False,False
6,721,2095099663,0,forward,0.4768,198.8087,2.3286,3.4123,0.0,False,False
6,722,2095099663,0,forward,0.6125,199.4212,2.2955,3.4182,0.0,False,False
6,723,2095099663,0,forward,0.3976,199.8187,2.2731,3.4167,0.0,False,False
6,724,2095099663,0,forward,0.5084,200.3272,2.2452,3.4176,0.0,False,False
6,725,2095099663,0,forward,0.5073,200.8345,2.2173,3.4207,0.0,False,False
6,726,2095099663,0,forward,0.3951,201.2296,2.195,3.423,0.0,False,False
6,727,2095099663,0,forward,0.6162,201.8458,2.1617,3.4327,0.0,False,False
6,728,2095099663,0,forward,0.504,202.3497,2.134,2.3997,0.0,False,False
6,729,2095099663,0,forward,0.5032,202.853,2.1064,1.5271,0.0,False,False
6,730,2095099663,0,forward,0.4195,203.2725,2.0829,0.9697,0.0,False,False
6,731,1341840061,1,turn_left,0.3787,203.6512,2.059,1.3103,0.0,False,False
6,732,2095099663,0,forward,0.3017,203.9529,2.0414,1.8452,0.0,False,False
6,733,2095099663,0,forward,0.3641,204.3171,2.0207,1.9634,0.0,False,False
6,734,2095099663,0,forward,0.494,204.8111,1.9935,2.3605,0.0,False,False
6,735,2095099663,0,forward,0.5079,205.319,1.9656,3.3541,0.0,False,False
6,736,2095099663,0,forward,0.5067,205.8258,1.9377,3.4505,0.0,False,False
6,737,2095099663,0,forward,0.5055,206.3312,1.91,3.4639,0.0,False,False
6,738,2095099663,0,forward,0.5041,206.8353,1.8823,3.4715,0.0,False,False
6,739,2095099663,0,forward,0.5027,207.338,1.8546,3.4768,0.0,False,False
6,740,2095099663,0,forward,0.6113,207.9493,1.8216,2.8395,0.0,False,False
6,741,2095099663,0,forward,0.3898,208.3391,1.7996,1.9959,0.0,False,False
6,742,2095099663,0,forward,0.4989,208.8379,1.7721,1.294,0.0,False,False
6,743,2095099663,0,forward,0.4274,209.2654,1.7483,0.9657,0.0,False,False
6,744,1341840061,1,turn_left,0.375,209.6404,1.7245,1.4494,0.0,False,False
6,745,2095099663,0,forward,0.344,209.9844,1.7048,1.621,0.0,False,False
6,746,2095099663,0,forward,0.4671,210.4515,1.679,1.6873,0.0,False,False
6,747,2095099663,0,forward,0.4999,210.9514,1.6515,1.8662,0.0,False,False
6,748,2095099663,0,forward,0.4982,211.4496,1.624,1.7874,0.0,False,False
6,749,2095099663,0,forward,0.4967,211.9463,1.5967,1.466,0.0,False,False
6,750,2095099663,0,forward,0.4696,212.4158,1.5707,1.086,0.0,False,False
6,751,397735533,0,forward,0.4525,212.8684,1.5456,1.1482,0.0,False,False
6,752,1508107506,3,forward_left,0.4162,213.2846,1.5223,1.8939,0.0,False,False
6,753,1508107506,3,forward_left,0.3299,213.6145,1.5033,2.1608,0.0,False,False
6,754,2095099663,0,forward,0.3346,213.949,1.4841,2.0173,0.0,False,False
6,755,2095099663,0,forward,0.4719,214.4209,1.458,1.8368,0.0,False,False
6,756,2095099663,0,forward,0.5049,214.9258,1.4302,1.8844,0.0,False,False
6,757,2095099663,0,forward,0.5032,215.4291,1.4026,1.645,0.0,False,False
6,758,2095099663,0,forward,0.5018,215.9308,1.375,1.2932,0.0,False,False
6,759,2095099663,0,forward,0.3987,216.3295,1.3525,0.9399,0.0,False,False
6,760,1341840061,1,turn_left,0.3768,216.7063,1.3287,1.7723,0.0,False,False
6,761,2095099663,0,forward,0.3825,217.0888,1.3071,3.389,0.0,False,False
6,762,2095099663,0,forward,0.467,217.5558,1.2812,3.6111,0.0,False,False
6,763,2095099663,0,forward,0.4995,218.0552,1.2538,3.6336,0.0,False,False
6,764,2095099663,0,forward,500.0,718.0552,1.2265,3.6428,0.0,True,False
7,1,964610217,0,forward,0.0577,0.0577,15.9631,1.0212,0.0,False,False
7,2,224357922,1,turn_left,-0.0365,0.0212,15.96,0.9692,0.0,False,False
7,3,964610217,0,forward,0.1479,0.169,15.9501,1.1246,0.0,False,False
7,4,1548021558,0,forward,0.2348,0.4038,15.9358,1.5865,0.0,False,False
7,5,1548021558,0,forward,0.5334,0.9372,15.9066,2.963,0.0,False,False
7,6,1548021558,0,forward,0.4216,1.3588,15.8831,3.9288,0.0,False,False
7,7,1548021558,0,forward,0.518,1.8768,15.8547,3.9143,0.0,False,False
7,8,1548021558,0,forward,0.6572,2.534,15.8193,3.8726,0.0,False,False
7,9,1548021558,0,forward,0.5393,3.0732,15.7898,3.8442,0.0,False,False
7,10,1548021558,0,forward,0.5392,3.6124,15.7604,3.8227,0.0,False,False
7,11,1548021558,0,forward,0.5391,4.1516,15.7309,3.7818,0.0,False,False
7,12,1548021558,0,forward,0.5392,4.6907,15.7015,2.375,0.0,False,False
7,13,1548021558,0,forward,0.5394,5.2302,15.672,1.5521,0.0,False,False
7,14,1548021558,0,forward,0.5213,5.7515,15.6434,0.9928,0.0,False,False
7,15,964610217,0,forward,0.4504,6.2019,15.6184,1.4508,0.0,False,False
7,16,1548021558,0,forward,0.5385,6.7404,15.589,3.6633,0.0,False,False
7,17,1548021558,0,forward,0.5016,7.2421,15.5614,3.6386,0.0,False,False
7,18,1548021558,0,forward,0.5391,7.7812,15.532,3.6223,0.0,False,False
7,19,1548021558,0,forward,0.5389,8.3201,15.5025,3.5861,0.0,False,False
7,20,1548021558,0,forward,0.5389,8.859,15.4731,3.5623,0.0,False,False
7,21,1548021558,0,forward,0.5388,9.3978,15.4436,3.5121,0.0,False,False
7,22,1548021558,0,forward,0.5388,9.9365,15.4142,3.2881,0.0,False,False
7,23,1548021558,0,forward,0.5388,10.4754,15.3847,2.0291,0.0,False,False
7,24,1548021558,0,forward,0.4214,10.8967,15.3612,1.3096,0.0,False,False
7,25,1548021558,0,forward,0.5531,11.4499,15.331,0.9467,0.0,False,False
7,26,964610217,0,forward,0.3977,11.8476,15.3086,1.8987,0.0,False,False
7,27,1548021558,0,forward,0.6548,12.5023,15.2734,3.3738,0.0,False,False
7,28,1548021558,0,forward,0.5079,13.0103,15.2455,3.3457,0.0,False,False
7,29,1548021558,0,forward,0.5376,13.5479,15.2161,3.3165,0.0,False,False
7,30,1548021558,0,forward,0.5375,14.0853,15.1867,3.2843,0.0,False,False
7,31,1548021558,0,forward,0.5374,14.6227,15.1574,3.2581,0.0,False,False
7,32,1548021558,0,forward,0.5373,15.1601,15.128,3.2238,0.0,False,False
7,33,1548021558,0,forward,0.5373,15.6974,15.0986,2.675,0.0,False,False
7,34,1548021558,0,forward,0.5375,16.2349,15.0693,1.6551,0.0,False,False
7,35,1548021558,0,forward,0.5383,16.7733,15.0398,1.0874,0.0,False,False
7,36,1904234423,4,forward_right,0.2931,17.0663,15.0227,1.1881,0.0,False,False
7,37,1548021558,0,forward,0.5714,17.6377,14.9916,2.55,0.0,False,False
7,38,1548021558,0,forward,0.5072,18.1449,14.9638,3.0872,0.0,False,False
7,39,1548021558,0,forward,0.5332,18.6781,14.9346,3.0664,0.0,False,False
7,40,1548021558,0,forward,0.5385,19.2166,14.9052,3.028,0.0,False,False
7,41,1548021558,0,forward,0.5384,19.755,14.8758,3.0057,0.0,False,False
7,42,1548021558,0,forward,0.5383,20.2933,14.8463,2.9629,0.0,False,False
7,43,1548021558,0,forward,0.5383,20.8316,14.8169,2.5068,0.0,False,False
7,44,1548021558,0,forward,0.5386,21.3703,14.7875,1.5535,0.0,False,False
7,45,1548021558,0,forward,0.5246,21.8948,14.7588,0.9783,0.0,False,False
7,46,964610217,0,forward,0.4717,22.3665,14.7327,1.3853,0.0,False,False
7,47,1548021558,0,forward,0.5374,22.904,14.7033,2.8452,0.0,False,False
7,48,1548021558,0,forward,0.5381,23.4421,14.6739,2.8281,0.0,False,False
7,49,1548021558,0,forward,0.5106,23.9526,14.6459,2.7939,0.0,False,False
7,50,1548021558,0,forward,0.5381,24.4908,14.6165,2.7784,0.0,False,False
7,51,1548021558,0,forward,0.538,25.0288,14.5871,2.753,0.0,False,False
7,52,1548021558,0,forward,0.5379,25.5667,14.5577,2.7125,0.0,False,False
7,53,1548021558,0,forward,0.5379,26.1046,14.5283,2.6765,0.0,False,False
7,54,1548021558,0,forward,0.5379,26.6426,14.4989,2.2386,0.0,False,False
7,55,1548021558,0,forward,0.5383,27.1809,14.4695,1.4281,0.0,False,False
7,56,1548021558,0,forward,0.4732,27.6541,14.4433,0.9452,0.0,False,False
7,57,964610217,0,forward,0.4972,28.1513,14.4159,1.8051,0.0,False,False
7,58,1548021558,0,forward,0.655,28.8063,14.3807,2.5709,0.0,False,False
7,59,1548021558,0,forward,0.384,29.1904,14.359,2.5397,0.0,False,False
7,60,1548021558,0,forward,0.5377,29.7281,14.3296,2.517,0.0,False,False
7,61,1548021558,0,forward,0.5376,30.2657,14.3002,2.5114,0.0,False,False
7,62,1548021558,0,forward,0.5375,30.8032,14.2708,2.4724,0.0,False,False
7,63,1548021558,0,forward,0.5375,31.3407,14.2415,2.4499,0.0,False,False
7,64,1548021558,0,forward,0.5374,31.8781,14.2121,2.4196,0.0,False,False
7,65,1548021558,0,forward,0.5375,32.4157,14.1827,1.8726,0.0,False,False
7,66,1548021558,0,forward,0.5381,32.9538,14.1533,1.2059,0.0,False,False
7,67,1548021558,0,forward,0.3197,33.2735,14.1348,1.0772,0.0,False,False
7,68,1904234423,4,forward_right,0.5259,33.7994,14.106,2.3128,0.0,False,False
7,69,1548021558,0,forward,0.5466,34.346,14.0762,2.307,0.0,False,False
7,70,1548021558,0,forward,0.5101,34.8562,14.0482,2.2858,0.0,False,False
7,71,1548021558,0,forward,0.5393,35.3954,14.0187,2.2641,0.0,False,False
7,72,1548021558,0,forward,0.5392,35.9346,13.9893,2.2356,0.0,False,False
7,73,1548021558,0,forward,0.5391,36.4737,13.9598,2.2111,0.0,False,False
7,74,1548021558,0,forward,0.539,37.0127,13.9304,2.1899,0.0,False,False
7,75,1548021558,0,forward,0.539,37.5517,13.9009,2.1633,0.0,False,False
7,76,1548021558,0,forward,0.5392,38.0909,13.8715,1.6671,0.0,False,False
7,77,1548021558,0,forward,0.4219,38.5127,13.8479,1.0357,0.0,False,False
7,78,1904234423,4,forward_right,0.5301,39.0429,13.8189,1.2464,0.0,False,False
7,79,1548021558,0,forward,0.4842,39.5271,13.7922,2.0889,0.0,False,False
7,80,1548021558,0,forward,0.5214,40.0485,13.7636,2.0716,0.0,False,False
7,81,1548021558,0,forward,0.5226,40.5712,13.735,2.0467,0.0,False,False
7,82,1548021558,0,forward,0.5403,41.1114,13.7054,2.0357,0.0,False,False
7,83,1548021558,0,forward,0.5402,41.6517,13.6759,2.0083,0.0,False,False
7,84,1548021558,0,forward,0.4221,42.0738,13.6523,1.9916,0.0,False,False
7,85,1548021558,0,forward,0.6581,42.7319,13.6169,1.9477,0.0,False,False
7,86,1548021558,0,forward,0.5401,43.272,13.5874,1.9308,0.0,False,False
7,87,1548021558,0,forward,0.5403,43.8122,13.5579,1.5726,0.0,False,False
7,88,1548021558,0,forward,0.5411,44.3533,13.5283,1.024,0.0,False,False
7,89,224357922,1,turn_left,0.3428,44.6961,13.5062,1.2186,0.0,False,False
7,90,1548021558,0,forward,0.5528,45.2489,13.4761,1.8634,0.0,False,False
7,91,1548021558,0,forward,0.4228,45.6716,13.4524,1.8456,0.0,False,False
7,92,1548021558,0,forward,0.5051,46.1767,13.4247,1.8247,0.0,False,False
7,93,1548021558,0,forward,0.5412,46.7179,13.3951,1.8041,0.0,False,False
7,94,1548021558,0,forward,0.5411,47.2589,13.3656,1.7936,0.0,False,False
7,95,1548021558,0,forward,0.541,47.8,13.336,1.7689,0.0,False,False
7,96,1548021558,0,forward,0.541,48.3409,13.3065,1.7413,0.0,False,False
7,97,1548021558,0,forward,0.5409,48.8819,13.2769,1.7325,0.0,False,False
7,98,1548021558,0,forward,0.5411,49.423,13.2474,1.7161,0.0,False,False
7,99,1548021558,0,forward,0.5417,49.9647,13.2178,1.1056,0.0,False,False
7,100,1548021558,0,forward,0.4435,50.4082,13.1931,1.1571,0.0,False,False
7,101,1548021558,0,forward,0.5393,50.9475,13.1636,1.6519,0.0,False,False
7,102,1548021558,0,forward,0.5082,51.4557,13.1357,1.6554,0.0,False,False
7,103,1548021558,0,forward,0.5355,51.9912,13.1064,1.6376,0.0,False,False
7,104,1548021558,0,forward,0.5408,52.532,13.0769,1.6218,0.0,False,False
7,105,1548021558,0,forward,0.5407,53.0728,13.0474,1.5857,0.0,False,False
7,106,1548021558,0,forward,0.5407,53.6134,13.0178,1.5794,0.0,False,False
7,107,1548021558,0,forward,0.4225,54.0359,12.9942,1.5473,0.0,False,False
7,108,1548021558,0,forward,0.6587,54.6947,12.9588,1.5527,0.0,False,False
7,109,1548021558,0,forward,0.5409,55.2355,12.9292,1.5275,0.0,False,False
7,110,1548021558,0,forward,0.5418,55.7773,12.8996,0.9917,0.0,False,False
7,111,964610217,0,forward,0.4533,56.2306,12.8745,1.361,0.0,False,False
7,112,1548021558,0,forward,0.5397,56.7703,12.845,1.4915,0.0,False,False
7,113,1548021558,0,forward,0.5404,57.3108,12.8155,1.4932,0.0,False,False
7,114,1548021558,0,forward,0.4089,57.7196,12.7925,1.4775,0.0,False,False
7,115,1548021558,0,forward,0.6588,58.3784,12.7571,1.4672,0.0,False,False
7,116,1548021558,0,forward,0.5405,58.9189,12.7276,1.4481,0.0,False,False
7,117,1548021558,0,forward,0.5404,59.4594,12.698,1.4203,0.0,False,False
7,118,1548021558,0,forward,0.5404,59.9998,12.6685,1.4203,0.0,False,False
7,119,1548021558,0,forward,0.5403,60.5401,12.639,1.4142,0.0,False,False
7,120,1548021558,0,forward,0.5404,61.0805,12.6095,1.4015,0.0,False,False
7,121,1548021558,0,forward,0.5409,61.6214,12.5799,1.2074,0.0,False,False
7,122,1548021558,0,forward,0.4557,62.0771,12.5547,0.9654,0.0,False,False
7,123,964610217,0,forward,0.6564,62.7335,12.5193,1.3676,0.0,False,False
7,124,1548021558,0,forward,0.422,63.1554,12.4957,1.3679,0.0,False,False
7,125,1548021558,0,forward,0.5289,63.6843,12.4668,1.3528,0.0,False,False
7,126,1548021558,0,forward,0.5388,64.2231,12.4374,1.3398,0.0,False,False
7,127,1548021558,0,forward,0.5403,64.7634,12.4078,1.3398,0.0,False,False
7,128,1548021558,0,forward,0.5402,65.3036,12.3783,1.3314,0.0,False,False
7,129,1548021558,0,forward,0.5401,65.8438,12.3488,1.3308,0.0,False,False
7,130,1548021558,0,forward,0.4221,66.2658,12.3252,1.3308,0.0,False,False
7,131,1548021558,0,forward,0.5401,66.8059,12.2957,1.3016,0.0,False,False
7,132,1548021558,0,forward,0.6583,67.4642,12.2603,1.2987,0.0,False,False
7,133,1548021558,0,forward,0.5411,68.0052,12.2307,0.9783,0.0,False,False
7,134,964610217,0,forward,0.3452,68.3504,12.211,0.9783,0.0,False,False
7,135,1548021558,0,forward,0.6565,69.0069,12.1757,1.2898,0.0,False,False
7,136,1548021558,0,forward,0.5397,69.5466,12.1462,1.2898,0.0,False,False
7,137,1548021558,0,forward,0.4104,69.957,12.1232,1.2864,0.0,False,False
7,138,1548021558,0,forward,0.6579,70.6148,12.0878,1.2907,0.0,False,False
7,139,1548021558,0,forward,0.5397,71.1546,12.0583,1.2972,0.0,False,False
7,140,1548021558,0,forward,0.5397,71.6942,12.0288,1.2954,0.0,False,False
7,141,1548021558,0,forward,0.5396,72.2338,11.9993,1.2889,0.0,False,False
7,142,1548021558,0,forward,0.5396,72.7734,11.9698,1.2846,0.0,False,False
7,143,1548021558,0,forward,0.5397,73.3131,11.9404,1.2843,0.0,False,False
7,144,1548021558,0,forward,0.5403,73.8534,11.9108,1.2956,0.0,False,False
7,145,1904234423,4,forward_right,0.4053,74.2587,11.8881,1.0741,0.0,False,False
7,146,1904234423,4,forward_right,0.364,74.6227,11.8674,1.1783,0.0,False,False
7,147,1548021558,0,forward,0.4524,75.0751,11.8423,1.3082,0.0,False,False
7,148,1548021558,0,forward,0.527,75.6021,11.8134,1.3028,0.0,False,False
7,149,1548021558,0,forward,0.5433,76.1455,11.7837,1.3063,0.0,False,False
7,150,1548021558,0,forward,0.545,76.6905,11.754,1.313,0.0,False,False
7,151,1548021558,0,forward,0.5449,77.2354,11.7242,1.3014,0.0,False,False
7,152,1548021558,0,forward,0.5449,77.7803,11.6945,1.3165,0.0,False,False
7,153,1548021558,0,forward,0.5451,78.3254,11.6647,1.3207,0.0,False,False
7,154,1548021558,0,forward,0.5456,78.871,11.635,1.3367,0.0,False,False
7,155,1548021558,0,forward,0.4739,79.3449,11.6088,1.1107,0.0,False,False
7,156,1548021558,0,forward,0.5435,79.8884,11.5791,1.3697,0.0,False,False
7,157,1548021558,0,forward,0.5445,80.4328,11.5494,1.3697,0.0,False,False
7,158,1548021558,0,forward,0.5298,80.9627,11.5204,1.3757,0.0,False,False
7,159,1548021558,0,forward,0.5435,81.5061,11.4907,1.3939,0.0,False,False
7,160,1548021558,0,forward,0.5448,82.0509,11.461,1.4068,0.0,False,False
7,161,1548021558,0,forward,0.4258,82.4767,11.4372,1.4151,0.0,False,False
7,162,1548021558,0,forward,0.6637,83.1404,11.4015,1.4803,0.0,False,False
7,163,1548021558,0,forward,0.5448,83.6852,11.3718,1.4803,0.0,False,False
7,164,1548021558,0,forward,0.5452,84.2304,11.342,1.5097,0.0,False,False
7,165,1548021558,0,forward,0.4768,84.7072,11.3157,1.2084,0.0,False,False
7,166,1548021558,0,forward,0.5428,85.25,11.286,1.5152,0.0,False,False
7,167,1548021558,0,forward,0.5441,85.7941,11.2563,1.5152,0.0,False,False
7,168,1548021558,0,forward,0.5445,86.3386,11.2266,1.5064,0.0,False,False
7,169,1548021558,0,forward,0.533,86.8715,11.1974,1.4903,0.0,False,False
7,170,1548021558,0,forward,0.4257,87.2972,11.1737,1.4933,0.0,False,False
7,171,1548021558,0,forward,0.6634,87.9605,11.138,1.4923,0.0,False,False
7,172,1548021558,0,forward,0.4256,88.3861,11.1142,1.4902,0.0,False,False
7,173,1548021558,0,forward,0.6633,89.0494,11.0785,1.4902,0.0,False,False
7,174,1548021558,0,forward,0.5446,89.5941,11.0488,1.468,0.0,False,False
7,175,1548021558,0,forward,0.5455,90.1396,11.019,1.4704,0.0,False,False
7,176,1548021558,0,forward,0.4746,90.6142,10.9928,0.953,0.0,False,False
7,177,964610217,0,forward,0.4246,91.0387,10.9691,1.381,0.0,False,False
7,178,1548021558,0,forward,0.6628,91.7015,10.9334,1.4791,0.0,False,False
7,179,1548021558,0,forward,0.5323,92.2339,10.9043,1.4791,0.0,False,False
7,180,1548021558,0,forward,0.5445,92.7784,10.8746,1.4847,0.0,False,False
7,181,1548021558,0,forward,0.5442,93.3227,10.8449,1.4738,0.0,False,False
7,182,1548021558,0,forward,0.5442,93.8668,10.8152,1.4831,0.0,False,False
7,183,1548021558,0,forward,0.5441,94.4109,10.7855,1.4779,0.0,False,False
7,184,1548021558,0,forward,0.5442,94.9551,10.7558,1.486,0.0,False,False
7,185,1548021558,0,forward,0.5446,95.4998,10.726,1.4877,0.0,False,False
7,186,1548021558,0,forward,0.4764,95.9762,10.6997,1.0181,0.0,False,False
7,187,1904234423,4,forward_right,0.3658,96.342,10.6789,1.0181,0.0,False,False
7,188,1904234423,4,forward_right,0.4535,96.7955,10.6537,1.4951,0.0,False,False
7,189,1548021558,0,forward,0.4611,97.2567,10.6282,1.4804,0.0,False,False
7,190,1548021558,0,forward,0.5482,97.8049,10.5983,1.4788,0.0,False,False
7,191,1548021558,0,forward,0.5483,98.3532,10.5684,1.4686,0.0,False,False
7,192,1548021558,0,forward,0.5483,98.9015,10.5384,1.4757,0.0,False,False
7,193,1548021558,0,forward,0.5484,99.4499,10.5085,1.4821,0.0,False,False
7,194,1548021558,0,forward,0.5484,99.9983,10.4786,1.4658,0.0,False,False
7,195,1548021558,0,forward,0.5484,100.5467,10.4487,1.4727,0.0,False,False
7,196,1548021558,0,forward,0.5485,101.0951,10.4188,1.4727,0.0,False,False
7,197,1548021558,0,forward,0.5489,101.644,10.3888,1.4868,0.0,False,False
7,198,1548021558,0,forward,0.5362,102.1802,10.3595,1.2512,0.0,False,False
7,199,1548021558,0,forward,0.548,102.7281,10.3296,0.9947,0.0,False,False
7,200,964610217,0,forward,0.5415,103.2696,10.3,1.0209,0.0,False,False
7,201,224357922,1,turn_left,0.4517,103.7213,10.2724,0.973,0.0,False,False
7,202,964610217,0,forward,0.4727,104.194,10.2463,0.9574,0.0,False,False
7,203,964610217,0,forward,0.5485,104.7425,10.2164,0.9742,0.0,False,False
7,204,964610217,0,forward,0.549,105.2915,10.1864,0.9659,0.0,False,False
7,205,964610217,0,forward,0.5492,105.8407,10.1565,0.9694,0.0,False,False
7,206,964610217,0,forward,0.5492,106.3899,10.1265,0.9694,0.0,False,False
7,207,964610217,0,forward,0.4293,106.8192,10.1025,0.9698,0.0,False,False
7,208,964610217,0,forward,0.669,107.4882,10.0666,0.966,0.0,False,False
7,209,964610217,0,forward,0.5491,108.0373,10.0366,0.966,0.0,False,False
7,210,964610217,0,forward,0.5491,108.5864,10.0067,0.9628,0.0,False,False
7,211,964610217,0,forward,0.5491,109.1355,9.9767,0.9571,0.0,False,False
7,212,964610217,0,forward,0.5491,109.6846,9.9468,0.9645,0.0,False,False
7,213,964610217,0,forward,0.5489,110.2335,9.9168,0.9617,0.0,False,False
7,214,964610217,0,forward,0.4291,110.6626,9.8929,0.9681,0.0,False,False
7,215,964610217,0,forward,0.6687,111.3313,9.8569,0.9678,0.0,False,False
7,216,964610217,0,forward,0.5488,111.8801,9.827,0.9629,0.0,False,False
7,217,964610217,0,forward,0.429,112.3091,9.8031,0.9424,0.0,False,False
7,218,964610217,0,forward,0.6684,112.9775,9.7671,0.9583,0.0,False,False
7,219,964610217,0,forward,0.5475,113.525,9.7373,0.9601,0.0,False,False
7,220,964610217,0,forward,0.4285,113.9535,9.7133,0.974,0.0,False,False
7,221,964610217,0,forward,0.6682,114.6218,9.6774,0.9633,0.0,False,False
7,222,964610217,0,forward,0.5471,115.1688,9.6476,0.9672,0.0,False,False
7,223,964610217,0,forward,0.5486,115.7175,9.6176,0.9728,0.0,False,False
7,224,964610217,0,forward,0.5486,116.2661,9.5877,0.9633,0.0,False,False
7,225,964610217,0,forward,0.5487,116.8148,9.5578,0.9645,0.0,False,False
7,226,964610217,0,forward,0.5488,117.3635,9.5278,0.9696,0.0,False,False
7,227,964610217,0,forward,0.5488,117.9123,9.4979,0.9601,0.0,False,False
7,228,964610217,0,forward,0.5488,118.4611,9.468,0.9665,0.0,False,False
7,229,964610217,0,forward,0.5487,119.0098,9.438,0.9686,0.0,False,False
7,230,964610217,0,forward,0.5487,119.5585,9.4081,0.9613,0.0,False,False
7,231,964610217,0,forward,0.5487,120.1071,9.3782,0.9691,0.0,False,False
7,232,964610217,0,forward,0.4289,120.536,9.3542,0.9645,0.0,False,False
7,233,964610217,0,forward,0.6682,121.2042,9.3183,0.963,0.0,False,False
7,234,964610217,0,forward,0.5484,121.7526,9.2884,0.9659,0.0,False,False
7,235,964610217,0,forward,0.5484,122.301,9.2585,0.9679,0.0,False,False
7,236,964610217,0,forward,0.5483,122.8493,9.2285,0.9646,0.0,False,False
7,237,964610217,0,forward,0.5483,123.3976,9.1986,0.9691,0.0,False,False
7,238,964610217,0,forward,0.5483,123.9459,9.1687,0.9713,0.0,False,False
7,239,964610217,0,forward,0.5482,124.4941,9.1388,0.9653,0.0,False,False
7,240,964610217,0,forward,0.5482,125.0423,9.1089,0.9607,0.0,False,False
7,241,964610217,0,forward,0.5465,125.5889,9.0791,0.9641,0.0,False,False
7,242,964610217,0,forward,0.548,126.1369,9.0492,0.9743,0.0,False,False
7,243,964610217,0,forward,0.5483,126.6852,9.0193,0.9659,0.0,False,False
7,244,964610217,0,forward,0.5482,127.2333,8.9893,0.9603,0.0,False,False
7,245,964610217,0,forward,0.5483,127.7817,8.9594,0.959,0.0,False,False
7,246,964610217,0,forward,0.5481,128.3297,8.9295,0.9606,0.0,False,False
7,247,964610217,0,forward,0.5483,128.878,8.8996,0.9656,0.0,False,False
7,248,964610217,0,forward,0.5481,129.4261,8.8697,0.9723,0.0,False,False
7,249,964610217,0,forward,0.5481,129.9742,8.8398,0.9709,0.0,False,False
7,250,964610217,0,forward,0.548,130.5222,8.8099,0.9668,0.0,False,False
7,251,964610217,0,forward,0.5481,131.0703,8.78,0.9627,0.0,False,False
7,252,964610217,0,forward,0.5463,131.6167,8.7502,0.9646,0.0,False,False
7,253,964610217,0,forward,0.5478,132.1645,8.7203,0.9776,0.0,False,False
7,254,964610217,0,forward,0.5481,132.7126,8.6904,0.9567,0.0,False,False
7,255,964610217,0,forward,0.548,133.2606,8.6605,0.9691,0.0,False,False
7,256,964610217,0,forward,0.5479,133.8086,8.6306,0.9613,0.0,False,False
7,257,964610217,0,forward,0.5481,134.3567,8.6007,0.9562,0.0,False,False
7,258,964610217,0,forward,0.5479,134.9046,8.5708,0.9665,0.0,False,False
7,259,964610217,0,forward,0.6674,135.572,8.5349,0.9618,0.0,False,False
7,260,964610217,0,forward,0.4284,136.0004,8.511,0.9618,0.0,False,False
7,261,964610217,0,forward,0.5478,136.5482,8.4811,0.9748,0.0,False,False
7,262,964610217,0,forward,0.5478,137.096,8.4512,0.9599,0.0,False,False
7,263,964610217,0,forward,0.5477,137.6437,8.4213,0.9696,0.0,False,False
7,264,964610217,0,forward,0.5471,138.1909,8.3915,0.9597,0.0,False,False
7,265,964610217,0,forward,0.5463,138.7371,8.3617,0.9584,0.0,False,False
7,266,964610217,0,forward,0.5472,139.2843,8.3318,0.9674,0.0,False,False
7,267,964610217,0,forward,0.4281,139.7124,8.3079,0.9723,0.0,False,False
7,268,964610217,0,forward,0.6672,140.3796,8.272,0.9668,0.0,False,False
7,269,964610217,0,forward,0.5477,140.9273,8.2421,0.9636,0.0,False,False
7,270,964610217,0,forward,0.5476,141.475,8.2123,0.9624,0.0,False,False
7,271,964610217,0,forward,0.5476,142.0226,8.1824,0.9564,0.0,False,False
7,272,964610217,0,forward,0.5475,142.5701,8.1525,0.9699,0.0,False,False
7,273,964610217,0,forward,0.5475,143.1176,8.1226,0.9639,0.0,False,False
7,274,964610217,0,forward,0.5475,143.6651,8.0928,0.9663,0.0,False,False
7,275,964610217,0,forward,0.5476,144.2127,8.0629,0.956,0.0,False,False
7,276,964610217,0,forward,0.5476,144.7602,8.033,0.9574,0.0,False,False
7,277,964610217,0,forward,0.5476,145.3078,8.0031,0.965,0.0,False,False
7,278,964610217,0,forward,0.4281,145.7359,7.9792,0.9657,0.0,False,False
7,279,1309443777,2,turn_right,0.5472,146.2831,7.9469,0.9611,0.0,False,False
7,280,1309443777,2,turn_right,0.294,146.5771,7.9272,0.9669,0.0,False,False
7,281,1309443777,2,turn_right,0.1506,146.7277,7.9146,0.9679,0.0,False,False
7,282,1309443777,2,turn_right,-0.1,146.6277,7.9145,0.9599,0.0,False,False
7,283,1309443777,2,turn_right,-0.1,146.5277,7.9145,0.9583,0.0,False,False
7,284,1309443777,2,turn_right,-0.1,146.4277,7.9145,0.9582,0.0,False,False
7,285,1309443777,2,turn_right,-0.1,146.3277,7.9143,0.9533,0.0,False,False
7,286,1309443777,2,turn_right,-0.1,146.2277,7.9141,0.9665,0.0,False,False
7,287,1309443777,2,turn_right,-0.1,146.1277,7.9138,0.9666,0.0,False,False
7,288,1309443777,2,turn_right,-0.1,146.0277,7.9135,0.969,0.0,False,False
7,289,1309443777,2,turn_right,-0.1,145.9277,7.913,0.9642,0.0,False,False
7,290,1406925816,4,forward_right,0.166,146.0938,7.9022,0.9519,0.0,False,False
7,291,1406925816,4,forward_right,0.3113,146.4051,7.8842,1.3413,0.0,False,False
7,292,828879,1,turn_left,0.1044,146.5095,7.874,1.3381,0.0,False,False
7,293,828879,1,turn_left,-0.1,146.4095,7.8743,1.3257,0.0,False,False
7,294,828879,1,turn_left,-0.1,146.3095,7.8745,1.2679,0.0,False,False
7,295,926291406,4,forward_right,0.2199,146.5294,7.861,0.9807,0.0,False,False
7,296,1309443777,2,turn_right,0.2037,146.7331,7.8458,1.3092,0.0,False,False
7,297,828879,1,turn_left,-0.0032,146.7299,7.841,1.2998,0.0,False,False
7,298,926291406,4,forward_right,0.2212,146.9511,7.8274,1.2885,0.0,False,False
7,299,926291406,4,forward_right,0.329,147.2802,7.8085,1.2832,0.0,False,False
7,300,828879,1,turn_left,0.0412,147.3214,7.8014,1.2956,0.0,False,False
7,301,926291406,4,forward_right,0.2199,147.5413,7.7879,1.2503,0.0,False,False
7,302,926291406,4,forward_right,0.3293,147.8706,7.7689,1.2566,0.0,False,False
7,303,828879,1,turn_left,0.0421,147.9128,7.7618,1.2349,0.0,False,False
7,304,926291406,4,forward_right,0.2183,148.131,7.7484,1.2257,0.0,False,False
7,305,926291406,4,forward_right,0.3318,148.4629,7.7293,1.2238,0.0,False,False
7,306,828879,1,turn_left,0.0373,148.5002,7.7225,1.2077,0.0,False,False
7,307,828879,1,turn_left,-0.1,148.4002,7.7231,1.0021,0.0,False,False
7,308,1889449069,4,forward_right,0.2224,148.6226,7.7094,1.1858,0.0,False,False
7,309,926291406,4,forward_right,0.2614,148.884,7.6939,1.2131,0.0,False,False
7,310,926291406,4,forward_right,0.3294,149.2134,7.6749,1.2116,0.0,False,False
7,311,828879,1,turn_left,0.105,149.3184,7.6646,1.1893,0.0,False,False
7,312,828879,1,turn_left,-0.1,149.2184,7.6649,1.1586,0.0,False,False
7,313,1309443777,2,turn_right,-0.1,149.1184,7.664,1.015,0.0,False,False
7,314,1309443777,2,turn_right,-0.1,149.0184,7.6637,1.1367,0.0,False,False
7,315,926291406,4,forward_right,0.1711,149.1895,7.6526,1.1628,0.0,False,False
7,316,828879,1,turn_left,0.0546,149.2442,7.6449,1.1598,0.0,False,False
7,317,926291406,4,forward_right,0.0729,149.3171,7.6387,1.1682,0.0,False,False
7,318,926291406,4,forward_right,0.2975,149.6145,7.6214,1.1597,0.0,False,False
7,319,828879,1,turn_left,0.2045,149.819,7.6061,1.1547,0.0,False,False
7,320,828879,1,turn_left,-0.1,149.719,7.606,1.1285,0.0,False,False
7,321,926291406,4,forward_right,0.1554,149.8744,7.5957,1.0597,0.0,False,False
7,322,1166997565,3,forward_left,0.3077,150.1821,7.5778,1.1108,0.0,False,False
7,323,926291406,4,forward_right,0.3077,150.4898,7.5599,1.0725,0.0,False,False
7,324,1028496483,3,forward_left,0.3077,150.7976,7.542,1.0782,0.0,False,False
7,325,1028496483,3,forward_left,0.2653,151.0629,7.5263,1.0686,0.0,False,False
7,326,1028496483,3,forward_left,0.4287,151.4916,7.5023,1.0569,0.0,False,False
7,327,1028496483,3,forward_left,0.3531,151.8447,7.4822,1.052,0.0,False,False
7,328,1028496483,3,forward_left,0.357,152.2017,7.4618,1.0175,0.0,False,False
7,329,1028496483,3,forward_left,0.36,152.5617,7.4413,1.0111,0.0,False,False
7,330,1028496483,3,forward_left,0.3625,152.9242,7.4207,0.9971,0.0,False,False
7,331,1028496483,3,forward_left,0.3647,153.2889,7.4,0.9663,0.0,False,False
7,332,1028496483,3,forward_left,0.3664,153.6553,7.3791,0.9459,0.0,False,False
7,333,1028496483,3,forward_left,0.368,154.0233,7.3582,0.9284,0.0,False,False
7,334,1028496483,3,forward_left,0.3696,154.393,7.3373,0.8855,0.0,False,False
7,335,1028496483,3,forward_left,0.2771,154.67,7.3209,0.8714,0.0,False,False
7,336,1309443777,2,turn_right,0.0678,154.7379,7.3125,0.8676,0.0,False,False
7,337,1028496483,3,forward_left,0.0638,154.8017,7.3068,0.8607,0.0,False,False
7,338,1028496483,3,forward_left,0.3706,155.1723,7.2858,0.8502,0.0,False,False
7,339,1028496483,3,forward_left,0.3692,155.5415,7.2648,0.8481,0.0,False,False
7,340,1028496483,3,forward_left,0.3699,155.9115,7.2438,0.8298,0.0,False,False
7,341,1028496483,3,forward_left,0.369,156.2805,7.2229,0.7985,0.0,False,False
7,342,1028496483,3,forward_left,0.3695,156.65,7.2019,0.7839,0.0,False,False
7,343,1028496483,3,forward_left,0.3684,157.0184,7.181,0.783,0.0,False,False
7,344,1028496483,3,forward_left,0.3671,157.3855,7.1601,0.7454,0.0,False,False
7,345,1028496483,3,forward_left,0.3654,157.7509,7.1394,0.7269,0.0,False,False
7,346,1028496483,3,forward_left,0.2809,158.0318,7.1228,0.7065,0.0,False,False
7,347,1937774032,3,forward_left,0.4439,158.4757,7.0981,0.6742,0.0,False,False
7,348,1937774032,3,forward_left,0.3598,158.8355,7.0776,0.636,0.0,False,False
7,349,1937774032,3,forward_left,0.2508,159.0863,7.0626,0.6322,0.0,False,False
7,350,1309443777,2,turn_right,0.0651,159.1514,7.0543,0.628,0.0,False,False
7,351,1937774032,3,forward_left,0.2373,159.3887,7.04,0.6217,0.0,False,False
7,352,1937774032,3,forward_left,0.321,159.7097,7.0214,0.6256,0.0,False,False
7,353,1937774032,3,forward_left,0.3489,160.0586,7.0015,0.5918,0.0,False,False
7,354,1937774032,3,forward_left,0.3438,160.4024,6.9818,0.5856,0.0,False,False
7,355,1937774032,3,forward_left,0.3389,160.7413,6.9623,0.5466,0.0,False,False
7,356,1313307223,2,turn_right,0.2056,160.9469,6.9471,0.5287,0.0,False,False
7,357,1313307223,2,turn_right,-0.1,160.8469,6.9472,0.5066,0.0,False,False
7,358,1313307223,2,turn_right,-0.1,160.7469,6.9477,0.5111,0.0,False,False
7,359,589063993,0,forward,0.1985,160.9454,6.9352,0.4886,0.0,False,False
7,360,226828618,4,forward_right,0.3558,161.3012,6.9149,0.514,0.0,False,False
7,361,226828618,4,forward_right,0.3224,161.6236,6.8963,0.517,0.0,False,False
7,362,226828618,4,forward_right,0.359,161.9826,6.8759,0.5089,0.0,False,False
7,363,226828618,4,forward_right,0.3616,162.3442,6.8553,0.4869,0.0,False,False
7,364,226828618,4,forward_right,0.3639,162.7082,6.8346,0.4744,0.0,False,False
7,365,226828618,4,forward_right,0.3658,163.074,6.8138,0.474,0.0,False,False
7,366,1701223490,2,turn_right,0.2705,163.3445,6.7953,0.4592,0.0,False,False
7,367,2046112992,2,turn_right,0.1482,163.4927,6.7829,0.4559,0.0,False,False
7,368,2046112992,2,turn_right,-0.0192,163.4735,6.7788,0.457,0.0,False,False
7,369,765517299,5,stop,0.0055,163.479,6.7761,0.4496,0.0,False,False
7,370,2046112992,2,turn_right,-0.1,163.379,6.7749,0.4597,0.0,False,False
7,371,2046112992,2,turn_right,-0.1,163.279,6.7748,0.4714,0.0,False,False
7,372,2104946064,4,forward_right,0.0092,163.2882,6.7719,0.4932,0.0,False,False
7,373,2104946064,4,forward_right,0.1956,163.4838,6.7596,0.4978,0.0,False,False
7,374,2104946064,4,forward_right,0.3194,163.8031,6.7411,0.5139,0.0,False,False
7,375,2104946064,4,forward_right,0.3591,164.1622,6.7207,0.524,0.0,False,False
7,376,2104946064,4,forward_right,0.2913,164.4536,6.7036,0.5182,0.0,False,False
7,377,5722347,4,forward_right,0.2697,164.7233,6.6876,0.5227,0.0,False,False
7,378,2104946064,4,forward_right,0.4252,165.1484,6.6639,0.544,0.0,False,False
7,379,2104946064,4,forward_right,0.3399,165.4884,6.6444,0.5511,0.0,False,False
7,380,41514303,3,forward_left,0.2931,165.7814,6.6272,0.5705,0.0,False,False
7,381,41514303,3,forward_left,0.2893,166.0707,6.6103,0.5891,0.0,False,False
7,382,867707199,0,forward,0.3361,166.4068,6.5909,0.5891,0.0,False,False
7,383,867707199,0,forward,0.4473,166.8541,6.5661,0.5932,0.0,False,False
7,384,41514303,3,forward_left,0.3974,167.2515,6.5437,0.6076,0.0,False,False
7,385,41514303,3,forward_left,0.3429,167.5943,6.5241,0.6086,0.0,False,False
7,386,41514303,3,forward_left,0.3469,167.9412,6.5042,0.6111,0.0,False,False
7,387,41514303,3,forward_left,0.2702,168.2114,6.4882,0.6165,0.0,False,False
7,388,41514303,3,forward_left,0.3481,168.5596,6.4683,0.6198,0.0,False,False
7,389,1904866102,4,forward_right,0.3661,168.9256,6.4475,0.6139,0.0,False,False
7,390,41514303,3,forward_left,0.3166,169.2423,6.4292,0.611,0.0,False,False
7,391,41514303,3,forward_left,0.3991,169.6413,6.4067,0.6166,0.0,False,False
7,392,41514303,3,forward_left,0.3595,170.0008,6.3862,0.6082,0.0,False,False
7,393,41514303,3,forward_left,0.362,170.3628,6.3656,0.6188,0.0,False,False
7,394,41514303,3,forward_left,0.3642,170.727,6.3449,0.6067,0.0,False,False
7,395,41514303,3,forward_left,0.3661,171.0931,6.3241,0.6175,0.0,False,False
7,396,41514303,3,forward_left,0.368,171.4612,6.3032,0.609,0.0,False,False
7,397,41514303,3,forward_left,0.2773,171.7385,6.2869,0.6139,0.0,False,False
7,398,1904866102,4,forward_right,0.4035,172.142,6.2642,0.6136,0.0,False,False
7,399,41514303,3,forward_left,0.3257,172.4677,6.2454,0.6119,0.0,False,False
7,400,41514303,3,forward_left,0.5158,172.9835,6.2171,0.6129,0.0,False,False
7,401,41514303,3,forward_left,0.2859,173.2695,6.2003,0.6068,0.0,False,False
7,402,41514303,3,forward_left,0.3699,173.6394,6.1793,0.6028,0.0,False,False
7,403,41514303,3,forward_left,0.3695,174.0089,6.1583,0.6033,0.0,False,False
7,404,41514303,3,forward_left,0.285,174.2938,6.1416,0.5917,0.0,False,False
7,405,41514303,3,forward_left,0.4512,174.745,6.1165,0.585,0.0,False,False
7,406,41514303,3,forward_left,0.3664,175.1114,6.0957,0.5724,0.0,False,False
7,407,41514303,3,forward_left,0.3658,175.4772,6.0749,0.5519,0.0,False,False
7,408,41514303,3,forward_left,0.2625,175.7397,6.0593,0.5597,0.0,False,False
7,409,1904866102,4,forward_right,0.3941,176.1338,6.0371,0.5483,0.0,False,False
7,410,2104946064,4,forward_right,0.3386,176.4724,6.0177,0.5545,0.0,False,False
7,411,41514303,3,forward_left,0.3916,176.864,5.9956,0.5601,0.0,False,False
7,412,41514303,3,forward_left,0.3817,177.2457,5.974,0.5597,0.0,False,False
7,413,41514303,3,forward_left,0.359,177.6047,5.9536,0.5443,0.0,False,False
7,414,2104946064,4,forward_right,0.2844,177.8892,5.9368,0.5328,0.0,False,False
7,415,1497509193,4,forward_right,0.4749,178.364,5.9106,0.5334,0.0,False,False
7,416,1497509193,4,forward_right,0.3573,178.7213,5.8902,0.5337,0.0,False,False
7,417,2104946064,4,forward_right,0.3608,179.0821,5.8697,0.5341,0.0,False,False
7,418,2104946064,4,forward_right,0.261,179.3431,5.8541,0.5251,0.0,False,False
7,419,5722347,4,forward_right,0.3627,179.7058,5.8335,0.5358,0.0,False,False
7,420,2104946064,4,forward_right,0.3442,180.05,5.8138,0.5468,0.0,False,False
7,421,2104946064,4,forward_right,0.3682,180.4182,5.7929,0.5401,0.0,False,False
7,422,2104946064,4,forward_right,0.3695,180.7877,5.7719,0.5593,0.0,False,False
7,423,41514303,3,forward_left,0.4,181.1877,5.7494,0.5603,0.0,False,False
7,424,41514303,3,forward_left,0.3903,181.578,5.7274,0.5552,0.0,False,False
7,425,41514303,3,forward_left,0.3694,181.9473,5.7064,0.5531,0.0,False,False
7,426,41514303,3,forward_left,0.3686,182.3159,5.6855,0.5489,0.0,False,False
7,427,2104946064,4,forward_right,0.4074,182.7234,5.6626,0.5483,0.0,False,False
7,428,2104946064,4,forward_right,0.3783,183.1016,5.6412,0.5502,0.0,False,False
7,429,41514303,3,forward_left,0.3206,183.4223,5.6227,0.5539,0.0,False,False
7,430,1904866102,4,forward_right,0.3244,183.7467,5.604,0.5353,0.0,False,False
7,431,2104946064,4,forward_right,0.4826,184.2293,5.5773,0.5493,0.0,False,False
7,432,2104946064,4,forward_right,0.3696,184.5989,5.5563,0.5609,0.0,False,False
7,433,41514303,3,forward_left,0.4001,184.999,5.5338,0.5662,0.0,False,False
7,434,41514303,3,forward_left,0.39,185.389,5.5118,0.5717,0.0,False,False
7,435,41514303,3,forward_left,0.3698,185.7588,5.4909,0.5655,0.0,False,False
7,436,41514303,3,forward_left,0.3691,186.1278,5.4699,0.5573,0.0,False,False
7,437,41514303,3,forward_left,0.368,186.4958,5.449,0.551,0.0,False,False
7,438,41514303,3,forward_left,0.3665,186.8623,5.4282,0.5417,0.0,False,False
7,439,2104946064,4,forward_right,0.4045,187.2669,5.4054,0.5277,0.0,False,False
7,440,2104946064,4,forward_right,0.3754,187.6422,5.3842,0.5396,0.0,False,False
7,441,2104946064,4,forward_right,0.3674,188.0096,5.3633,0.5449,0.0,False,False
7,442,2104946064,4,forward_right,0.2716,188.2813,5.3472,0.5517,0.0,False,False
7,443,1904866102,4,forward_right,0.364,188.6453,5.3265,0.5608,0.0,False,False
7,444,41514303,3,forward_left,0.4098,189.0551,5.3035,0.5644,0.0,False,False
7,445,41514303,3,forward_left,0.3468,189.4019,5.2837,0.5528,0.0,False,False
7,446,41514303,3,forward_left,0.3687,189.7706,5.2628,0.5476,0.0,False,False
7,447,2104946064,4,forward_right,0.408,190.1786,5.2399,0.5447,0.0,False,False
7,448,2104946064,4,forward_right,0.3787,190.5573,5.2184,0.5491,0.0,False,False
7,449,2104946064,4,forward_right,0.3693,190.9266,5.1975,0.5582,0.0,False,False
7,450,41514303,3,forward_left,0.41,191.3366,5.1745,0.5494,0.0,False,False
7,451,2104946064,4,forward_right,0.4204,191.757,5.1509,0.5613,0.0,False,False
7,452,41514303,3,forward_left,0.4209,192.1779,5.1274,0.5666,0.0,False,False
7,453,41514303,3,forward_left,0.309,192.4869,5.1094,0.5633,0.0,False,False
7,454,1904866102,4,forward_right,0.3968,192.8837,5.0871,0.5544,0.0,False,False
7,455,41514303,3,forward_left,0.4193,193.303,5.0636,0.5551,0.0,False,False
7,456,41514303,3,forward_left,0.3813,193.6843,5.0421,0.547,0.0,False,False
7,457,2104946064,4,forward_right,0.4088,194.0931,5.0191,0.5508,0.0,False,False
7,458,41514303,3,forward_left,0.4192,194.5122,4.9957,0.5652,0.0,False,False
7,459,41514303,3,forward_left,0.3787,194.8909,4.9742,0.5403,0.0,False,False
7,460,2104946064,4,forward_right,0.3971,195.2881,4.9519,0.5456,0.0,False,False
7,461,2104946064,4,forward_right,0.3875,195.6756,4.93,0.551,0.0,False,False
7,462,41514303,3,forward_left,0.4085,196.0841,4.9071,0.5551,0.0,False,False
7,463,41514303,3,forward_left,0.3795,196.4636,4.8856,0.5399,0.0,False,False
7,464,2104946064,4,forward_right,0.3374,196.801,4.8662,0.5383,0.0,False,False
7,465,5722347,4,forward_right,0.3656,197.1666,4.8455,0.5504,0.0,False,False
7,466,41514303,3,forward_left,0.3977,197.5643,4.8231,0.545,0.0,False,False
7,467,2104946064,4,forward_right,0.419,197.9834,4.7996,0.5548,0.0,False,False
7,468,41514303,3,forward_left,0.3807,198.3641,4.7781,0.5561,0.0,False,False
7,469,41514303,3,forward_left,0.4,198.7641,4.7556,0.5623,0.0,False,False
7,470,41514303,3,forward_left,0.3688,199.1329,4.7346,0.5541,0.0,False,False
7,471,41514303,3,forward_left,0.3676,199.5005,4.7138,0.5529,0.0,False,False
7,472,41514303,3,forward_left,0.2831,199.7836,4.6971,0.544,0.0,False,False
7,473,2104946064,4,forward_right,0.4772,200.2608,4.6708,0.5249,0.0,False,False
7,474,1482521591,4,forward_right,0.3844,200.6452,4.649,0.5374,0.0,False,False
7,475,1482521591,4,forward_right,0.2849,200.9301,4.6323,0.5389,0.0,False,False
7,476,1482521591,4,forward_right,0.3653,201.2954,4.6115,0.5425,0.0,False,False
7,477,1482521591,4,forward_right,0.3685,201.6639,4.5906,0.553,0.0,False,False
7,478,867707199,0,forward,0.4093,202.0732,4.5676,0.5487,0.0,False,False
7,479,1482521591,4,forward_right,0.4321,202.5053,4.5435,0.5652,0.0,False,False
7,480,867707199,0,forward,0.4765,202.9818,4.5172,0.5687,0.0,False,False
7,481,867707199,0,forward,0.5501,203.5319,4.4872,0.5676,0.0,False,False
7,482,867707199,0,forward,0.5502,204.0821,4.4572,0.5744,0.0,False,False
7,483,867707199,0,forward,0.5506,204.6327,4.4272,0.5833,0.0,False,False
7,484,867707199,0,forward,0.4766,205.1093,4.4008,0.5742,0.0,False,False
7,485,1904866102,4,forward_right,0.4612,205.5705,4.3753,0.5988,0.0,False,False
7,486,867707199,0,forward,0.4759,206.0464,4.349,0.6046,0.0,False,False
7,487,867707199,0,forward,0.5497,206.5961,4.319,0.6125,0.0,False,False
7,488,867707199,0,forward,0.5412,207.1373,4.2894,0.7238,0.0,False,False
7,489,867707199,0,forward,0.5493,207.6866,4.2595,0.9317,0.0,False,False
7,490,867707199,0,forward,0.5499,208.2365,4.2295,1.1305,0.0,False,False
7,491,926291406,4,forward_right,0.4317,208.6682,4.2054,4.1946,0.0,False,False
7,492,926291406,4,forward_right,0.3696,209.0378,4.1844,2.3514,0.0,False,False
7,493,926291406,4,forward_right,0.3699,209.4077,4.1634,1.2158,0.0,False,False
7,494,926291406,4,forward_right,0.2273,209.635,4.1495,0.9816,0.0,False,False
7,495,1309443777,2,turn_right,0.309,209.9439,4.1291,2.2454,0.0,False,False
7,496,926291406,4,forward_right,0.3537,210.2976,4.1089,4.2179,0.0,False,False
7,497,926291406,4,forward_right,0.3223,210.6199,4.0903,4.1977,0.0,False,False
7,498,926291406,4,forward_right,0.3574,210.9773,4.0699,4.2281,0.0,False,False
7,499,926291406,4,forward_right,0.3538,211.3312,4.0497,4.2378,0.0,False,False
7,500,926291406,4,forward_right,0.3499,211.681,4.0297,4.2447,0.0,False,False
7,501,926291406,4,forward_right,0.3456,212.0266,4.01,4.2362,0.0,False,False
7,502,926291406,4,forward_right,0.3411,212.3677,3.9904,2.9003,0.0,False,False
7,503,926291406,4,forward_right,0.3365,212.7042,3.9711,1.8323,0.0,False,False
7,504,926291406,4,forward_right,0.3324,213.0366,3.952,1.1981,0.0,False,False
7,505,828879,1,turn_left,0.0668,213.1034,3.9436,0.9705,0.0,False,False
7,506,1406925816,4,forward_right,0.2903,213.3937,3.9266,2.4006,0.0,False,False
7,507,828879,1,turn_left,0.0538,213.4476,3.9189,4.4106,0.0,False,False
7,508,828879,1,turn_left,-0.1,213.3476,3.9189,4.325,0.0,False,False
7,509,926291406,4,forward_right,0.189,213.5366,3.907,4.3048,0.0,False,False
7,510,926291406,4,forward_right,0.3339,213.8704,3.8878,4.3549,0.0,False,False
7,511,828879,1,turn_left,0.0617,213.9321,3.8797,4.3609,0.0,False,False
7,512,926291406,4,forward_right,0.2284,214.1606,3.8658,1.9394,0.0,False,False
7,513,926291406,4,forward_right,0.3353,214.4959,3.8465,1.4591,0.0,False,False
7,514,828879,1,turn_left,0.0604,214.5564,3.8385,0.9235,0.0,False,False
7,515,1406925816,4,forward_right,0.1097,214.6661,3.8305,1.3877,0.0,False,False
7,516,926291406,4,forward_right,0.3319,214.9979,3.8114,4.3904,0.0,False,False
7,517,828879,1,turn_left,0.0533,215.0512,3.8038,4.407,0.0,False,False
7,518,926291406,4,forward_right,0.1402,215.1914,3.7943,3.0447,0.0,False,False
7,519,926291406,4,forward_right,0.3332,215.5247,3.7751,3.0014,0.0,False,False
7,520,828879,1,turn_left,0.0753,215.5999,3.7663,1.8181,0.0,False,False
7,521,926291406,4,forward_right,0.2213,215.8212,3.7528,1.0391,0.0,False,False
7,522,1166997565,3,forward_left,0.2184,216.0396,3.7393,1.2273,0.0,False,False
7,523,828879,1,turn_left,0.2106,216.2502,3.7238,2.2466,0.0,False,False
7,524,828879,1,turn_left,0.0111,216.2613,3.7183,2.8288,0.0,False,False
7,525,926291406,4,forward_right,0.1478,216.4091,3.7084,2.7715,0.0,False,False
7,526,926291406,4,forward_right,0.3385,216.7476,3.6889,4.3958,0.0,False,False
7,527,926291406,4,forward_right,0.3241,217.0716,3.6702,4.4462,0.0,False,False
7,528,828879,1,turn_left,0.0421,217.1137,3.6631,4.4486,0.0,False,False
7,529,926291406,4,forward_right,0.0621,217.1758,3.6575,1.7209,0.0,False,False
7,530,926291406,4,forward_right,0.4175,217.5934,3.6342,1.3514,0.0,False,False
7,531,926291406,4,forward_right,0.2836,217.877,3.6175,0.9601,0.0,False,False
7,532,1406925816,4,forward_right,0.2507,218.1276,3.6024,1.5599,0.0,False,False
7,533,828879,1,turn_left,0.0369,218.1645,3.5956,3.0002,0.0,False,False
7,534,828879,1,turn_left,-0.1,218.0645,3.5955,2.9809,0.0,False,False
7,535,926291406,4,forward_right,0.1415,218.206,3.5859,3.9863,0.0,False,False
7,536,926291406,4,forward_right,0.3207,218.5267,3.5674,4.4234,0.0,False,False
7,537,926291406,4,forward_right,0.3353,218.862,3.5481,4.4297,0.0,False,False
7,538,926291406,4,forward_right,0.3292,219.1912,3.5292,4.4158,0.0,False,False
7,539,828879,1,turn_left,0.037,219.2282,3.5223,2.9259,0.0,False,False
7,540,926291406,4,forward_right,0.2151,219.4433,3.5091,1.5987,0.0,False,False
7,541,926291406,4,forward_right,0.3328,219.7761,3.4899,1.1479,0.0,False,False
7,542,1508107506,3,forward_left,0.1387,219.9148,3.4805,1.0674,0.0,False,False
7,543,397735533,0,forward,0.3141,220.2289,3.4623,2.9194,0.0,False,False
7,544,1508107506,3,forward_left,0.2889,220.5178,3.4453,4.3537,0.0,False,False
7,545,2095099663,0,forward,0.4171,220.9349,3.422,4.3648,0.0,False,False
7,546,2095099663,0,forward,0.4985,221.4334,3.3946,4.3551,0.0,False,False
7,547,2095099663,0,forward,0.4974,221.9309,3.3672,4.3387,0.0,False,False
7,548,2095099663,0,forward,0.4965,222.4274,3.3399,4.3244,0.0,False,False
7,549,2095099663,0,forward,0.4956,222.923,3.3126,4.2986,0.0,False,False
7,550,2095099663,0,forward,0.4946,223.4176,3.2854,3.6931,0.0,False,False
7,551,2095099663,0,forward,0.4937,223.9113,3.2582,2.3179,0.0,False,False
7,552,1508107506,3,forward_left,0.3948,224.3061,3.2359,1.2193,0.0,False,False
7,553,2095099663,0,forward,0.2577,224.5637,3.2205,1.0393,0.0,False,False
7,554,1263078535,3,forward_left,0.396,224.9597,3.1982,3.513,0.0,False,False
7,555,2095099663,0,forward,0.2232,225.1829,3.1846,3.513,0.0,False,False
7,556,2095099663,0,forward,0.6236,225.8064,3.1509,4.2446,0.0,False,False
7,557,2095099663,0,forward,0.504,226.3104,3.1232,4.2324,0.0,False,False
7,558,2095099663,0,forward,0.503,226.8134,3.0956,4.2167,0.0,False,False
7,559,2095099663,0,forward,0.5021,227.3156,3.068,4.2129,0.0,False,False
7,560,2095099663,0,forward,0.5012,227.8168,3.0404,3.2781,0.0,False,False
7,561,2095099663,0,forward,0.5004,228.3172,3.0129,2.0182,0.0,False,False
7,562,2095099663,0,forward,0.3899,228.707,2.9909,1.2984,0.0,False,False
7,563,2095099663,0,forward,0.5107,229.2177,2.9628,0.9475,0.0,False,False
7,564,1341840061,1,turn_left,0.3085,229.5262,2.9424,1.7592,0.0,False,False
7,565,2095099663,0,forward,0.3431,229.8693,2.9228,1.7592,0.0,False,False
7,566,2095099663,0,forward,0.4029,230.2722,2.9001,4.1397,0.0,False,False
7,567,2095099663,0,forward,0.502,230.7742,2.8725,4.144,0.0,False,False
7,568,2095099663,0,forward,0.5014,231.2757,2.8449,4.1293,0.0,False,False
7,569,2095099663,0,forward,0.5004,231.7761,2.8174,4.1167,0.0,False,False
7,570,2095099663,0,forward,0.4994,232.2755,2.79,4.1097,0.0,False,False
7,571,2095099663,0,forward,0.4983,232.7738,2.7625,3.735,0.0,False,False
7,572,2095099663,0,forward,0.4973,233.271,2.7352,2.3353,0.0,False,False
7,573,2095099663,0,forward,0.4964,233.7675,2.7079,1.4922,0.0,False,False
7,574,2095099663,0,forward,0.4852,234.2527,2.6811,0.9505,0.0,False,False
7,575,1341840061,1,turn_left,0.2432,234.4958,2.6639,0.9505,0.0,False,False
7,576,1341840061,1,turn_left,0.2356,234.7314,2.6472,2.4176,0.0,False,False
7,577,2095099663,0,forward,0.2647,234.9961,2.6314,4.0476,0.0,False,False
7,578,2095099663,0,forward,0.3764,235.3725,2.6101,4.0525,0.0,False,False
7,579,2095099663,0,forward,0.4729,235.8454,2.584,4.0444,0.0,False,False
7,580,2095099663,0,forward,0.5022,236.3475,2.5564,4.0281,0.0,False,False
7,581,2095099663,0,forward,0.501,236.8486,2.5288,4.0312,0.0,False,False
7,582,2095099663,0,forward,0.4999,237.3484,2.5013,4.0209,0.0,False,False
7,583,2095099663,0,forward,0.4987,237.8471,2.4739,3.6478,0.0,False,False
7,584,2095099663,0,forward,0.4975,238.3447,2.4465,2.2892,0.0,False,False
7,585,2095099663,0,forward,0.4966,238.8413,2.4192,1.4518,0.0,False,False
7,586,2095099663,0,forward,0.4856,239.3269,2.3924,1.4518,0.0,False,False
7,587,2095099663,0,forward,0.3668,239.6936,2.3715,0.944,0.0,False,False
7,588,1840798605,5,stop,0.4073,240.1009,2.3487,3.9701,0.0,False,False
7,589,2095099663,0,forward,0.3397,240.4406,2.3292,3.98,0.0,False,False
7,590,2095099663,0,forward,0.486,240.9267,2.3024,3.9587,0.0,False,False
7,591,2095099663,0,forward,0.495,241.4216,2.2751,3.9587,0.0,False,False
7,592,2095099663,0,forward,0.4935,241.9152,2.248,3.94,0.0,False,False
7,593,1508107506,3,forward_left,0.3949,242.31,2.2257,3.8746,0.0,False,False
7,594,2095099663,0,forward,0.4394,242.7495,2.2013,2.3626,0.0,False,False
7,595,2095099663,0,forward,0.4975,243.247,2.1739,1.6271,0.0,False,False
7,596,2095099663,0,forward,0.4967,243.7437,2.1465,1.6271,0.0,False,False
7,597,1263078535,3,forward_left,0.281,244.0247,2.13,1.0682,0.0,False,False
7,598,2095099663,0,forward,0.5141,244.5388,2.1018,2.3543,0.0,False,False
7,599,2095099663,0,forward,0.4969,245.0357,2.0744,3.907,0.0,False,False
7,600,2095099663,0,forward,0.3533,245.389,2.0543,3.907,0.0,False,False
7,601,2095099663,0,forward,0.6031,245.9922,2.0216,3.8989,0.0,False,False
7,602,1508107506,3,forward_left,0.3953,246.3875,1.9994,3.8989,0.0,False,False
7,603,2095099663,0,forward,0.4397,246.8271,1.9749,3.9002,0.0,False,False
7,604,2095099663,0,forward,0.4974,247.3246,1.9475,2.1326,0.0,False,False
7,605,2095099663,0,forward,0.4961,247.8207,1.9202,1.4646,0.0,False,False
7,606,2095099663,0,forward,0.4953,248.316,1.8929,0.9489,0.0,False,False
7,607,1840798605,5,stop,0.2723,248.5883,1.8768,0.9489,0.0,False,False
7,608,1341840061,1,turn_left,0.3425,248.9308,1.8547,1.2557,0.0,False,False
7,609,2095099663,0,forward,0.2864,249.2171,1.8379,1.7053,0.0,False,False
7,610,2095099663,0,forward,0.4024,249.6195,1.8153,1.7053,0.0,False,False
7,611,2095099663,0,forward,0.5001,250.1196,1.7878,2.0117,0.0,False,False
7,612,2095099663,0,forward,0.4987,250.6183,1.7603,2.5893,0.0,False,False
7,613,2095099663,0,forward,0.4971,251.1154,1.733,2.8828,0.0,False,False
7,614,2095099663,0,forward,0.4953,251.6107,1.7057,2.8828,0.0,False,False
7,615,2095099663,0,forward,0.4936,252.1043,1.6785,1.8169,0.0,False,False
7,616,1508107506,3,forward_left,0.3939,252.4982,1.6563,1.8169,0.0,False,False
7,617,1263078535,3,forward_left,0.2104,252.7086,1.6433,1.0301,0.0,False,False
7,618,1263078535,3,forward_left,0.3382,253.0468,1.6239,1.2507,0.0,False,False
7,619,2095099663,0,forward,0.3567,253.4035,1.6036,3.7905,0.0,False,False
7,620,2095099663,0,forward,0.5094,253.9128,1.5756,3.875,0.0,False,False
7,621,2095099663,0,forward,0.5081,254.421,1.5477,3.8547,0.0,False,False
7,622,2095099663,0,forward,0.5065,254.9274,1.5199,3.8569,0.0,False,False
7,623,2095099663,0,forward,0.5048,255.4322,1.4921,3.8666,0.0,False,False
7,624,2095099663,0,forward,0.503,255.9352,1.4645,3.3135,0.0,False,False
7,625,2095099663,0,forward,0.5012,256.4363,1.4369,3.3135,0.0,False,False
7,626,2095099663,0,forward,0.4995,256.9359,1.4094,2.0964,0.0,False,False
7,627,2095099663,0,forward,0.468,257.4039,1.3835,1.3097,0.0,False,False
7,628,2095099663,0,forward,0.457,257.8609,1.3582,0.9524,0.0,False,False
7,629,2095099663,0,forward,0.4921,258.353,1.3311,1.692,0.0,False,False
7,630,1508107506,3,forward_left,0.3933,258.7463,1.3089,3.7372,0.0,False,False
7,631,2095099663,0,forward,0.4374,259.1837,1.2845,3.8536,0.0,False,False
7,632,2095099663,0,forward,0.4806,259.6644,1.258,3.8601,0.0,False,False
7,633,1508107506,3,forward_left,500.0,759.6644,1.2358,3.8559,0.0,True,False
8,1,964610217,0,forward,0.2158,0.2158,15.9867,0.9986,0.0,False,False
8,2,964610217,0,forward,0.6418,0.8575,15.9521,2.0352,0.0,False,False
8,3,1548021558,0,forward,0.3609,1.2184,15.9316,4.0152,0.0,False,False
8,4,1548021558,0,forward,0.546,1.7645,15.9018,4.0006,0.0,False,False
8,5,1548021558,0,forward,0.55,2.3145,15.8718,3.9568,0.0,False,False
8,6,1548021558,0,forward,0.55,2.8645,15.8418,3.9399,0.0,False,False
8,7,1548021558,0,forward,0.55,3.4145,15.8118,3.9025,0.0,False,False
8,8,1548021558,0,forward,0.55,3.9645,15.7818,3.8807,0.0,False,False
8,9,1548021558,0,forward,0.55,4.5145,15.7518,3.8591,0.0,False,False
8,10,1548021558,0,forward,0.55,5.0645,15.7218,2.8544,0.0,False,False
8,11,1548021558,0,forward,0.5503,5.6148,15.6918,1.8142,0.0,False,False
8,12,1548021558,0,forward,0.6465,6.2614,15.6569,1.1808,0.0,False,False
8,13,1548021558,0,forward,0.3716,6.633,15.6359,1.0611,0.0,False,False
8,14,1904234423,4,forward_right,0.4943,7.1273,15.6086,1.8663,0.0,False,False
8,15,1548021558,0,forward,0.4322,7.5595,15.5845,2.6228,0.0,False,False
8,16,1548021558,0,forward,0.55,8.1095,15.5545,3.6857,0.0,False,False
8,17,1548021558,0,forward,0.5445,8.654,15.5248,3.6778,0.0,False,False
8,18,1548021558,0,forward,0.5502,9.2041,15.4948,3.6563,0.0,False,False
8,19,1548021558,0,forward,0.5501,9.7542,15.4648,3.6035,0.0,False,False
8,20,1548021558,0,forward,0.5501,10.3043,15.4348,3.5874,0.0,False,False
8,21,1548021558,0,forward,0.55,10.8543,15.4048,3.5637,0.0,False,False
8,22,1548021558,0,forward,0.5501,11.4044,15.3748,3.4026,0.0,False,False
8,23,1548021558,0,forward,0.5502,11.9546,15.3448,2.0994,0.0,False,False
8,24,1548021558,0,forward,0.5509,12.5055,15.3147,1.3359,0.0,False,False
8,25,1548021558,0,forward,0.4762,12.9817,15.2884,0.9513,0.0,False,False
8,26,964610217,0,forward,0.5486,13.5303,15.2585,1.6514,0.0,False,False
8,27,1548021558,0,forward,0.5498,14.0801,15.2285,3.4303,0.0,False,False
8,28,1548021558,0,forward,0.6519,14.732,15.1934,3.4175,0.0,False,False
8,29,1548021558,0,forward,0.4301,15.1622,15.1694,3.3717,0.0,False,False
8,30,1548021558,0,forward,0.5501,15.7122,15.1394,3.3593,0.0,False,False
8,31,1548021558,0,forward,0.5501,16.2623,15.1094,3.3234,0.0,False,False
8,32,1548021558,0,forward,0.55,16.8123,15.0794,3.3148,0.0,False,False
8,33,1548021558,0,forward,0.55,17.3624,15.0494,3.2802,0.0,False,False
8,34,1548021558,0,forward,0.6702,18.0326,15.0134,2.3022,0.0,False,False
8,35,1548021558,0,forward,0.4306,18.4632,14.9893,1.4414,0.0,False,False
8,36,1548021558,0,forward,0.4779,18.9412,14.9629,0.9469,0.0,False,False
8,37,964610217,0,forward,0.5482,19.4894,14.933,1.4944,0.0,False,False
8,38,1548021558,0,forward,0.5496,20.039,14.9031,3.1861,0.0,False,False
8,39,1548021558,0,forward,0.526,20.565,14.8743,3.1676,0.0,False,False
8,40,1548021558,0,forward,0.5504,21.1154,14.8442,3.1407,0.0,False,False
8,41,1548021558,0,forward,0.5501,21.6655,14.8142,3.1158,0.0,False,False
8,42,1548021558,0,forward,0.5501,22.2155,14.7842,3.0788,0.0,False,False
8,43,1548021558,0,forward,0.55,22.7656,14.7542,3.0668,0.0,False,False
8,44,1548021558,0,forward,0.55,23.3156,14.7242,3.044,0.0,False,False
8,45,1548021558,0,forward,0.6702,23.9858,14.6882,2.3636,0.0,False,False
8,46,1548021558,0,forward,0.4305,24.4163,14.6642,1.5125,0.0,False,False
8,47,1548021558,0,forward,0.5089,24.9252,14.6362,0.9604,0.0,False,False
8,48,964610217,0,forward,0.5355,25.4607,14.607,1.2053,0.0,False,False
8,49,1548021558,0,forward,0.5493,26.01,14.577,1.6056,0.0,False,False
8,50,1548021558,0,forward,0.5497,26.5597,14.547,1.8702,0.0,False,False
8,51,1548021558,0,forward,0.5499,27.1096,14.517,1.9009,0.0,False,False
8,52,1548021558,0,forward,0.5501,27.6597,14.487,1.6553,0.0,False,False
8,53,1548021558,0,forward,0.5505,28.2102,14.457,1.2748,0.0,False,False
8,54,1548021558,0,forward,0.4967,28.7069,14.4297,0.9453,0.0,False,False
8,55,964610217,0,forward,0.5484,29.2553,14.3997,1.4699,0.0,False,False
8,56,1548021558,0,forward,0.5495,29.8048,14.3698,2.4416,0.0,False,False
8,57,1548021558,0,forward,0.5499,30.3546,14.3398,2.7673,0.0,False,False
8,58,1548021558,0,forward,0.5501,30.9047,14.3098,2.7589,0.0,False,False
8,59,1548021558,0,forward,0.6692,31.5739,14.2738,2.7541,0.0,False,False
8,60,1548021558,0,forward,0.4301,32.004,14.2498,2.7119,0.0,False,False
8,61,1548021558,0,forward,0.5501,32.554,14.2198,2.7082,0.0,False,False
8,62,1548021558,0,forward,0.55,33.1041,14.1898,2.6797,0.0,False,False
8,63,1548021558,0,forward,0.55,33.6541,14.1598,2.6606,0.0,False,False
8,64,1548021558,0,forward,0.5501,34.2042,14.1298,2.4956,0.0,False,False
8,65,1548021558,0,forward,0.5504,34.7546,14.0998,1.6225,0.0,False,False
8,66,1548021558,0,forward,0.5397,35.2944,14.0703,1.0331,0.0,False,False
8,67,1904234423,4,forward_right,0.4537,35.7481,14.0451,1.1436,0.0,False,False
8,68,1548021558,0,forward,0.432,36.18,14.021,1.1852,0.0,False,False
8,69,1548021558,0,forward,0.5493,36.7293,13.991,1.3084,0.0,False,False
8,70,1548021558,0,forward,0.5497,37.279,13.9611,1.237,0.0,False,False
8,71,1548021558,0,forward,0.5503,37.8293,13.931,1.0227,0.0,False,False
8,72,1904234423,4,forward_right,0.4626,38.2919,13.9054,1.1618,0.0,False,False
8,73,1548021558,0,forward,0.4669,38.7587,13.8796,1.3343,0.0,False,False
8,74,1548021558,0,forward,0.5487,39.3074,13.8496,1.6072,0.0,False,False
8,75,1548021558,0,forward,0.549,39.8564,13.8197,1.6985,0.0,False,False
8,76,1548021558,0,forward,0.5492,40.4055,13.7897,1.5327,0.0,False,False
8,77,1548021558,0,forward,0.5496,40.9552,13.7597,1.2231,0.0,False,False
8,78,1548021558,0,forward,0.5113,41.4665,13.7317,0.9666,0.0,False,False
8,79,964610217,0,forward,0.5478,42.0143,13.7018,1.3712,0.0,False,False
8,80,1548021558,0,forward,0.5486,42.5629,13.6719,1.8374,0.0,False,False
8,81,1548021558,0,forward,0.5489,43.1118,13.6419,2.1644,0.0,False,False
8,82,1548021558,0,forward,0.549,43.6608,13.612,2.2241,0.0,False,False
8,83,1548021558,0,forward,0.5492,44.21,13.582,1.9452,0.0,False,False
8,84,1548021558,0,forward,0.5494,44.7594,13.552,1.5435,0.0,False,False
8,85,1548021558,0,forward,0.5501,45.3095,13.522,1.0767,0.0,False,False
8,86,1904234423,4,forward_right,0.4461,45.7556,13.4972,1.1569,0.0,False,False
8,87,1548021558,0,forward,0.4661,46.2217,13.4714,1.4622,0.0,False,False
8,88,1548021558,0,forward,0.5479,46.7697,13.4415,2.2355,0.0,False,False
8,89,1548021558,0,forward,0.5482,47.3179,13.4116,2.2826,0.0,False,False
8,90,1548021558,0,forward,0.5483,47.8662,13.3817,2.278,0.0,False,False
8,91,1548021558,0,forward,0.5484,48.4146,13.3518,2.2584,0.0,False,False
8,92,1548021558,0,forward,0.5484,48.963,13.3219,2.2416,0.0,False,False
8,93,1548021558,0,forward,0.5484,49.5113,13.2919,2.2357,0.0,False,False
8,94,1548021558,0,forward,0.5484,50.0597,13.262,2.2206,0.0,False,False
8,95,1548021558,0,forward,0.6681,50.7279,13.2261,2.2179,0.0,False,False
8,96,1548021558,0,forward,0.429,51.1569,13.2022,1.6228,0.0,False,False
8,97,1548021558,0,forward,0.5497,51.7065,13.1722,1.0528,0.0,False,False
8,98,1904234423,4,forward_right,0.4253,52.1319,13.1484,1.1912,0.0,False,False
8,99,1548021558,0,forward,0.4656,52.5975,13.1226,1.8142,0.0,False,False
8,100,1548021558,0,forward,0.5471,53.1446,13.0928,2.1884,0.0,False,False
8,101,1548021558,0,forward,0.5474,53.692,13.0629,2.1862,0.0,False,False
8,102,1548021558,0,forward,0.5428,54.2347,13.0333,2.1626,0.0,False,False
8,103,1548021558,0,forward,0.5474,54.7822,13.0034,2.1614,0.0,False,False
8,104,1548021558,0,forward,0.5474,55.3296,12.9735,2.1708,0.0,False,False
8,105,1548021558,0,forward,0.5474,55.877,12.9437,2.1463,0.0,False,False
8,106,1548021558,0,forward,0.5474,56.4243,12.9138,2.1434,0.0,False,False
8,107,1548021558,0,forward,0.5474,56.9717,12.8839,2.1259,0.0,False,False
8,108,1548021558,0,forward,0.5477,57.5194,12.854,1.5839,0.0,False,False
8,109,1548021558,0,forward,0.5359,58.0553,12.8247,0.988,0.0,False,False
8,110,964610217,0,forward,0.4925,58.5477,12.7976,1.2312,0.0,False,False
8,111,1548021558,0,forward,0.5465,59.0942,12.7678,1.8525,0.0,False,False
8,112,1548021558,0,forward,0.5469,59.6411,12.7379,1.9589,0.0,False,False
8,113,1548021558,0,forward,0.5471,60.1882,12.7081,1.9444,0.0,False,False
8,114,1548021558,0,forward,0.5472,60.7354,12.6782,1.9249,0.0,False,False
8,115,1548021558,0,forward,0.5472,61.2826,12.6484,1.8782,0.0,False,False
8,116,1548021558,0,forward,0.5472,61.8297,12.6185,1.8477,0.0,False,False
8,117,1548021558,0,forward,0.6666,62.4963,12.5827,1.8188,0.0,False,False
8,118,1548021558,0,forward,0.4277,62.9241,12.5588,1.7918,0.0,False,False
8,119,1548021558,0,forward,0.6666,63.5907,12.523,1.7552,0.0,False,False
8,120,1548021558,0,forward,0.4279,64.0186,12.4991,1.7263,0.0,False,False
8,121,1548021558,0,forward,0.548,64.5665,12.4692,1.1859,0.0,False,False
8,122,1548021558,0,forward,0.4729,65.0394,12.443,1.0862,0.0,False,False
8,123,1904234423,4,forward_right,0.4969,65.5363,12.4157,1.6393,0.0,False,False
8,124,1548021558,0,forward,0.4649,66.0011,12.3899,1.6366,0.0,False,False
8,125,1548021558,0,forward,0.5458,66.547,12.3602,1.6157,0.0,False,False
8,126,1548021558,0,forward,0.5352,67.0822,12.3309,1.5771,0.0,False,False
8,127,1548021558,0,forward,0.4267,67.5089,12.3071,1.5352,0.0,False,False
8,128,1548021558,0,forward,0.665,68.1739,12.2713,1.5195,0.0,False,False
8,129,1548021558,0,forward,0.5458,68.7197,12.2415,1.4774,0.0,False,False
8,130,1548021558,0,forward,0.5457,69.2655,12.2117,1.4491,0.0,False,False
8,131,1548021558,0,forward,0.5458,69.8112,12.1819,1.4281,0.0,False,False
8,132,1548021558,0,forward,0.546,70.3572,12.1521,1.3723,0.0,False,False
8,133,1548021558,0,forward,0.5468,70.904,12.1223,1.0454,0.0,False,False
8,134,1904234423,4,forward_right,0.4269,71.3309,12.0985,1.1968,0.0,False,False
8,135,1548021558,0,forward,0.4922,71.8231,12.0713,1.3183,0.0,False,False
8,136,1548021558,0,forward,0.5443,72.3674,12.0416,1.2792,0.0,False,False
8,137,1548021558,0,forward,0.5386,72.9061,12.0122,1.2792,0.0,False,False
8,138,1548021558,0,forward,0.6551,73.5611,11.9769,1.2529,0.0,False,False
8,139,1548021558,0,forward,0.4257,73.9868,11.9532,1.2224,0.0,False,False
8,140,1548021558,0,forward,0.5446,74.5314,11.9234,1.1804,0.0,False,False
8,141,1548021558,0,forward,0.6634,75.1948,11.8878,1.1472,0.0,False,False
8,142,1548021558,0,forward,0.4256,75.6203,11.864,1.1279,0.0,False,False
8,143,1548021558,0,forward,0.6633,76.2837,11.8283,1.0819,0.0,False,False
8,144,1971047854,3,forward_left,0.4098,76.6934,11.8053,1.0453,0.0,False,False
8,145,1971047854,3,forward_left,0.3523,77.0458,11.7852,0.9272,0.0,False,False
8,146,964610217,0,forward,0.3729,77.4187,11.7641,1.038,0.0,False,False
8,147,1971047854,3,forward_left,0.4744,77.8931,11.7379,1.0151,0.0,False,False
8,148,1971047854,3,forward_left,0.3367,78.2297,11.7185,0.9908,0.0,False,False
8,149,1971047854,3,forward_left,0.3697,78.5994,11.6975,0.9908,0.0,False,False
8,150,1971047854,3,forward_left,0.37,78.9694,11.6765,0.9648,0.0,False,False
8,151,1971047854,3,forward_left,0.4539,79.4233,11.6513,0.9648,0.0,False,False
8,152,1971047854,3,forward_left,0.2017,79.625,11.6388,0.9319,0.0,False,False
8,153,1971047854,3,forward_left,0.5364,80.1614,11.6094,0.927,0.0,False,False
8,154,1971047854,3,forward_left,0.2844,80.4458,11.5927,0.8956,0.0,False,False
8,155,1971047854,3,forward_left,0.3679,80.8136,11.5718,0.8942,0.0,False,False
8,156,555146084,3,forward_left,0.2584,81.0721,11.5564,0.8865,0.0,False,False
8,157,851696946,3,forward_left,0.3636,81.4356,11.5357,0.889,0.0,False,False
8,158,851696946,3,forward_left,0.3212,81.7568,11.5172,0.8847,0.0,False,False
8,159,851696946,3,forward_left,0.354,82.1108,11.497,0.8901,0.0,False,False
8,160,851696946,3,forward_left,0.3499,82.4607,11.477,0.8901,0.0,False,False
8,161,851696946,3,forward_left,0.3456,82.8063,11.4572,0.8893,0.0,False,False
8,162,851696946,3,forward_left,0.341,83.1473,11.4376,0.8653,0.0,False,False
8,163,909969137,0,forward,0.4274,83.5747,11.4138,0.8809,0.0,False,False
8,164,909969137,0,forward,0.5002,84.0749,11.3863,0.8637,0.0,False,False
8,165,909969137,0,forward,0.5,84.5748,11.3588,0.863,0.0,False,False
8,166,909969137,0,forward,0.4997,85.0745,11.3313,0.8584,0.0,False,False
8,167,909969137,0,forward,0.4995,85.574,11.3038,0.8549,0.0,False,False
8,168,909969137,0,forward,0.4993,86.0733,11.2763,0.8346,0.0,False,False
8,169,909969137,0,forward,0.6094,86.6827,11.2434,0.852,0.0,False,False
8,170,909969137,0,forward,0.299,86.9817,11.2259,0.845,0.0,False,False
8,171,555146084,3,forward_left,0.3703,87.352,11.2049,0.848,0.0,False,False
8,172,909969137,0,forward,0.3078,87.6598,11.187,0.8492,0.0,False,False
8,173,909969137,0,forward,0.4821,88.142,11.1604,0.841,0.0,False,False
8,174,909969137,0,forward,0.4941,88.6361,11.1332,0.8507,0.0,False,False
8,175,269267653,0,forward,0.4935,89.1295,11.106,0.8507,0.0,False,False
8,176,269267653,0,forward,0.4932,89.6227,11.0789,0.8631,0.0,False,False
8,177,269267653,0,forward,0.4929,90.1157,11.0517,0.8701,0.0,False,False
8,178,269267653,0,forward,0.4929,90.6085,11.0246,0.8867,0.0,False,False
8,179,269267653,0,forward,0.5632,91.1717,10.9939,0.8958,0.0,False,False
8,180,137084343,1,turn_left,0.1559,91.3276,10.9811,0.8958,0.0,False,False
8,181,269267653,0,forward,0.4279,91.7555,10.9572,0.899,0.0,False,False
8,182,269267653,0,forward,0.505,92.2605,10.9295,0.9163,0.0,False,False
8,183,269267653,0,forward,0.3821,92.6426,10.9079,0.9159,0.0,False,False
8,184,269267653,0,forward,0.4898,93.1324,10.8809,0.9416,0.0,False,False
8,185,269267653,0,forward,0.4895,93.6219,10.8539,0.9633,0.0,False,False
8,186,269267653,0,forward,0.4891,94.111,10.827,0.9619,0.0,False,False
8,187,269267653,0,forward,0.4888,94.5999,10.8,0.9787,0.0,False,False
8,188,269267653,0,forward,0.4887,95.0885,10.7731,1.0062,0.0,False,False
8,189,269267653,0,forward,0.4889,95.5775,10.7461,1.026,0.0,False,False
8,190,1119390622,1,turn_left,0.2026,95.78,10.731,1.0204,0.0,False,False
8,191,269267653,0,forward,0.4006,96.1807,10.7085,1.0204,0.0,False,False
8,192,269267653,0,forward,0.3537,96.5344,10.6883,1.0316,0.0,False,False
8,193,269267653,0,forward,0.4864,97.0207,10.6615,1.0533,0.0,False,False
8,194,269267653,0,forward,0.5926,97.6134,10.6293,1.0612,0.0,False,False
8,195,269267653,0,forward,0.3781,97.9915,10.6079,1.0622,0.0,False,False
8,196,269267653,0,forward,0.4849,98.4764,10.5812,1.0988,0.0,False,False
8,197,269267653,0,forward,0.4847,98.961,10.5545,1.1107,0.0,False,False
8,198,909280383,2,turn_right,0.42,99.381,10.5285,1.0382,0.0,False,False
8,199,1873715732,4,forward_right,0.1886,99.5696,10.5165,1.1346,0.0,False,False
8,200,909280383,2,turn_right,0.3013,99.8709,10.4965,1.1035,0.0,False,False
8,201,909280383,2,turn_right,0.1569,100.0278,10.4836,1.1205,0.0,False,False
8,202,909280383,2,turn_right,0.0462,100.074,10.4763,1.1029,0.0,False,False
8,203,1548021558,0,forward,0.0894,100.1634,10.4693,1.1085,0.0,False,False
8,204,1548021558,0,forward,0.2974,100.4608,10.452,1.1176,0.0,False,False
8,205,1548021558,0,forward,0.416,100.8767,10.4287,1.1176,0.0,False,False
8,206,1548021558,0,forward,0.5137,101.3904,10.4005,1.1155,0.0,False,False
8,207,1548021558,0,forward,0.5074,101.8978,10.3726,0.9541,0.0,False,False
8,208,964610217,0,forward,0.4583,102.3561,10.3472,1.1382,0.0,False,False
8,209,1548021558,0,forward,0.5118,102.8679,10.3191,1.1471,0.0,False,False
8,210,1548021558,0,forward,0.5121,103.3801,10.291,1.1597,0.0,False,False
8,211,1548021558,0,forward,0.5121,103.8922,10.2629,1.1641,0.0,False,False
8,212,1548021558,0,forward,0.512,104.4042,10.2348,1.1641,0.0,False,False
8,213,1548021558,0,forward,0.5113,104.9155,10.2067,1.1744,0.0,False,False
8,214,1548021558,0,forward,0.5116,105.4271,10.1786,1.1773,0.0,False,False
8,215,1548021558,0,forward,0.5113,105.9385,10.1506,1.2028,0.0,False,False
8,216,1548021558,0,forward,0.5111,106.4495,10.1225,1.2064,0.0,False,False
8,217,1548021558,0,forward,0.5109,106.9604,10.0945,1.2064,0.0,False,False
8,218,1548021558,0,forward,0.5107,107.4711,10.0664,1.2178,0.0,False,False
8,219,1548021558,0,forward,0.5107,107.9818,10.0384,1.2385,0.0,False,False
8,220,1548021558,0,forward,0.5775,108.5593,10.007,1.2419,0.0,False,False
8,221,1548021558,0,forward,0.2964,108.8556,9.9897,1.2708,0.0,False,False
8,222,1548021558,0,forward,0.5089,109.3646,9.9618,1.2708,0.0,False,False
8,223,1548021558,0,forward,0.4671,109.8316,9.9359,1.2638,0.0,False,False
8,224,1548021558,0,forward,0.5092,110.3408,9.908,1.2786,0.0,False,False
8,225,1548021558,0,forward,0.5089,110.8498,9.88,1.304,0.0,False,False
8,226,1548021558,0,forward,0.5087,111.3584,9.8521,1.2966,0.0,False,False
8,227,1548021558,0,forward,0.5084,111.8669,9.8242,1.3062,0.0,False,False
8,228,1548021558,0,forward,0.5082,112.3751,9.7962,1.3062,0.0,False,False
8,229,1548021558,0,forward,0.5084,112.8835,9.7683,1.3176,0.0,False,False
8,230,1548021558,0,forward,0.4518,113.3353,9.7432,1.2894,0.0,False,False
8,231,964610217,0,forward,0.4263,113.7616,9.7194,0.9661,0.0,False,False
8,232,964610217,0,forward,0.5061,114.2677,9.6916,1.3587,0.0,False,False
8,233,1548021558,0,forward,0.4463,114.714,9.6668,1.3645,0.0,False,False
8,234,1548021558,0,forward,0.5062,115.2201,9.639,1.3472,0.0,False,False
8,235,1548021558,0,forward,0.5058,115.726,9.6112,1.3878,0.0,False,False
8,236,1548021558,0,forward,0.5056,116.2315,9.5834,1.3937,0.0,False,False
8,237,1548021558,0,forward,0.5053,116.7368,9.5557,1.4039,0.0,False,False
8,238,1548021558,0,forward,0.505,117.2418,9.5279,1.3996,0.0,False,False
8,239,1548021558,0,forward,0.5049,117.7467,9.5002,1.4349,0.0,False,False
8,240,1548021558,0,forward,0.5052,118.2519,9.4724,1.4321,0.0,False,False
8,241,1548021558,0,forward,0.3614,118.6134,9.4518,0.9983,0.0,False,False
8,242,964610217,0,forward,0.5021,119.1155,9.4242,1.3765,0.0,False,False
8,243,1548021558,0,forward,0.4509,119.5663,9.3992,1.4665,0.0,False,False
8,244,1548021558,0,forward,0.5016,120.0679,9.3716,1.4477,0.0,False,False
8,245,1548021558,0,forward,0.503,120.5709,9.344,1.4773,0.0,False,False
8,246,1548021558,0,forward,0.6132,121.1841,9.3108,1.4826,0.0,False,False
8,247,1548021558,0,forward,0.3919,121.576,9.2887,1.4876,0.0,False,False
8,248,1548021558,0,forward,0.5022,122.0782,9.2611,1.508,0.0,False,False
8,249,1548021558,0,forward,0.5021,122.5803,9.2335,1.5123,0.0,False,False
8,250,1548021558,0,forward,0.392,122.9723,9.2114,1.405,0.0,False,False
8,251,964610217,0,forward,0.2514,123.2237,9.1963,0.9407,0.0,False,False
8,252,964610217,0,forward,0.7183,123.942,9.1579,1.5402,0.0,False,False
8,253,1548021558,0,forward,0.4446,124.3866,9.1332,1.5447,0.0,False,False
8,254,1548021558,0,forward,0.5008,124.8874,9.1056,1.5407,0.0,False,False
8,255,1548021558,0,forward,0.4999,125.3872,9.0781,1.5517,0.0,False,False
8,256,1548021558,0,forward,0.4995,125.8868,9.0507,1.5771,0.0,False,False
8,257,1548021558,0,forward,0.4992,126.386,9.0232,1.5744,0.0,False,False
8,258,1548021558,0,forward,0.4989,126.8849,8.9958,1.5892,0.0,False,False
8,259,1548021558,0,forward,0.4988,127.3837,8.9683,1.6142,0.0,False,False
8,260,1548021558,0,forward,0.4993,127.883,8.9409,1.3734,0.0,False,False
8,261,1548021558,0,forward,0.3475,128.2304,8.921,0.9383,0.0,False,False
8,262,964610217,0,forward,0.4971,128.7276,8.8936,1.634,0.0,False,False
8,263,1548021558,0,forward,0.4567,129.1843,8.8683,1.6373,0.0,False,False
8,264,1548021558,0,forward,0.498,129.6823,8.8409,1.6359,0.0,False,False
8,265,1548021558,0,forward,0.4975,130.1798,8.8135,1.6542,0.0,False,False
8,266,1548021558,0,forward,0.4971,130.6769,8.7862,1.6491,0.0,False,False
8,267,1548021558,0,forward,0.4968,131.1736,8.7588,1.6753,0.0,False,False
8,268,1548021558,0,forward,0.4964,131.6701,8.7315,1.68,0.0,False,False
8,269,1548021558,0,forward,0.4963,132.1664,8.7042,1.7053,0.0,False,False
8,270,1548021558,0,forward,0.4966,132.663,8.6769,1.4451,0.0,False,False
8,271,1548021558,0,forward,0.3601,133.0231,8.6564,0.9373,0.0,False,False
8,272,964610217,0,forward,0.4934,133.5165,8.6292,1.6669,0.0,False,False
8,273,1548021558,0,forward,0.4713,133.9877,8.6031,1.9911,0.0,False,False
8,274,1548021558,0,forward,0.4952,134.4829,8.5759,1.9523,0.0,False,False
8,275,909280383,2,turn_right,0.4034,134.8863,8.5507,1.9361,0.0,False,False
8,276,1548021558,0,forward,0.4902,135.3764,8.5237,1.9075,0.0,False,False
8,277,1548021558,0,forward,0.3824,135.7588,8.5021,1.8717,0.0,False,False
8,278,1548021558,0,forward,0.4965,136.2553,8.4747,1.5893,0.0,False,False
8,279,1548021558,0,forward,0.39,136.6453,8.4527,1.0467,0.0,False,False
8,280,1904234423,4,forward_right,0.4121,137.0574,8.4296,1.1686,0.0,False,False
8,281,1548021558,0,forward,0.4143,137.4717,8.4064,1.765,0.0,False,False
8,282,1548021558,0,forward,0.4481,137.9199,8.3815,1.7555,0.0,False,False
8,283,1548021558,0,forward,0.5006,138.4205,8.354,1.7232,0.0,False,False
8,284,1548021558,0,forward,0.5002,138.9207,8.3265,1.6941,0.0,False,False
8,285,1548021558,0,forward,0.4998,139.4205,8.299,1.6498,0.0,False,False
8,286,1548021558,0,forward,0.4995,139.92,8.2715,1.6315,0.0,False,False
8,287,1548021558,0,forward,0.4993,140.4193,8.244,1.6067,0.0,False,False
8,288,1548021558,0,forward,0.4996,140.9189,8.2166,1.4715,0.0,False,False
8,289,1548021558,0,forward,0.37,141.2889,8.1956,0.9436,0.0,False,False
8,290,964610217,0,forward,0.4968,141.7856,8.1682,1.51,0.0,False,False
8,291,1548021558,0,forward,0.4537,142.2394,8.143,1.4953,0.0,False,False
8,292,1548021558,0,forward,0.4974,142.7368,8.1157,1.4768,0.0,False,False
8,293,1548021558,0,forward,0.4976,143.2344,8.0883,1.4413,0.0,False,False
8,294,1548021558,0,forward,0.4972,143.7317,8.0609,1.4129,0.0,False,False
8,295,1548021558,0,forward,0.4968,144.2285,8.0336,1.3764,0.0,False,False
8,296,1548021558,0,forward,0.4964,144.725,8.0063,1.3586,0.0,False,False
8,297,1548021558,0,forward,0.4961,145.2211,7.979,1.3258,0.0,False,False
8,298,926291406,4,forward_right,0.4536,145.6747,7.9538,1.2887,0.0,False,False
8,299,926291406,4,forward_right,0.2053,145.88,7.941,1.0389,0.0,False,False
8,300,1166997565,3,forward_left,0.3239,146.2039,7.9223,1.2507,0.0,False,False
8,301,926291406,4,forward_right,0.2697,146.4737,7.9063,1.2468,0.0,False,False
8,302,926291406,4,forward_right,0.3353,146.8089,7.8871,1.2266,0.0,False,False
8,303,926291406,4,forward_right,0.3425,147.1514,7.8674,1.1973,0.0,False,False
8,304,926291406,4,forward_right,0.3469,147.4983,7.8476,1.1919,0.0,False,False
8,305,926291406,4,forward_right,0.3508,147.8491,7.8275,1.1657,0.0,False,False
8,306,926291406,4,forward_right,0.3543,148.2035,7.8073,1.1357,0.0,False,False
8,307,926291406,4,forward_right,0.3575,148.5609,7.787,1.1166,0.0,False,False
8,308,926291406,4,forward_right,0.3603,148.9212,7.7664,1.081,0.0,False,False
8,309,1166997565,3,forward_left,0.3831,149.3043,7.7448,1.0512,0.0,False,False
8,310,1166997565,3,forward_left,0.3102,149.6144,7.7268,1.0289,0.0,False,False
8,311,1166997565,3,forward_left,0.3254,149.9399,7.708,1.0084,0.0,False,False
8,312,1166997565,3,forward_left,0.3562,150.2961,7.6877,1.0091,0.0,False,False
8,313,1166997565,3,forward_left,0.3962,150.6923,7.6654,1.0007,0.0,False,False
8,314,1889449069,4,forward_right,0.2049,150.8971,7.6526,0.9667,0.0,False,False
8,315,1889449069,4,forward_right,0.4261,151.3233,7.6288,0.9507,0.0,False,False
8,316,1889449069,4,forward_right,0.3527,151.676,7.6087,0.9344,0.0,False,False
8,317,1309443777,2,turn_right,0.3372,152.0132,7.5868,0.9122,0.0,False,False
8,318,1937774032,3,forward_left,0.3278,152.341,7.568,0.8808,0.0,False,False
8,319,1937774032,3,forward_left,0.3465,152.6875,7.5481,0.8561,0.0,False,False
8,320,1309443777,2,turn_right,0.2472,152.9347,7.5308,0.8292,0.0,False,False
8,321,1309443777,2,turn_right,-0.1,152.8347,7.531,0.8212,0.0,False,False
8,322,1309443777,2,turn_right,-0.1,152.7347,7.5313,0.8128,0.0,False,False
8,323,1937774032,3,forward_left,0.0743,152.809,7.5251,0.8262,0.0,False,False
8,324,1937774032,3,forward_left,0.3009,153.1099,7.5076,0.8229,0.0,False,False
8,325,1937774032,3,forward_left,0.3613,153.4712,7.487,0.8151,0.0,False,False
8,326,1937774032,3,forward_left,0.3583,153.8295,7.4666,0.7882,0.0,False,False
8,327,1309443777,2,turn_right,0.2458,154.0752,7.4493,0.7613,0.0,False,False
8,328,1309443777,2,turn_right,-0.1,153.9752,7.4493,0.7459,0.0,False,False
8,329,1309443777,2,turn_right,-0.1,153.8752,7.449,0.7304,0.0,False,False
8,330,1309443777,2,turn_right,-0.1,153.7752,7.4492,0.7186,0.0,False,False
8,331,1309443777,2,turn_right,-0.1,153.6752,7.4494,0.7297,0.0,False,False
8,332,1309443777,2,turn_right,-0.1,153.5752,7.4497,0.7211,0.0,False,False
8,333,1309443777,2,turn_right,-0.1,153.4752,7.4496,0.7339,0.0,False,False
8,334,1309443777,2,turn_right,-0.1,153.3752,7.4495,0.7391,0.0,False,False
8,335,1309443777,2,turn_right,-0.1,153.2752,7.4493,0.7436,0.0,False,False
8,336,1904866102,4,forward_right,0.2011,153.4764,7.4368,0.752,0.0,False,False
8,337,1904866102,4,forward_right,0.2442,153.7206,7.4221,0.7407,0.0,False,False
8,338,347496186,1,turn_left,0.1565,153.8771,7.4092,0.737,0.0,False,False
8,339,347496186,1,turn_left,-0.1,153.7771,7.4094,0.7191,0.0,False,False
8,340,347496186,1,turn_left,-0.1,153.6771,7.4093,0.6974,0.0,False,False
8,341,347496186,1,turn_left,-0.1,153.5771,7.4097,0.7061,0.0,False,False
8,342,1309443777,2,turn_right,0.0659,153.643,7.4014,0.6986,0.0,False,False
8,343,1309443777,2,turn_right,0.1246,153.7677,7.3901,0.6817,0.0,False,False
8,344,1937774032,3,forward_left,0.1379,153.9056,7.3808,0.681,0.0,False,False
8,345,1937774032,3,forward_left,0.3653,154.2708,7.36,0.6664,0.0,False,False
8,346,1937774032,3,forward_left,0.367,154.6378,7.3391,0.6472,0.0,False,False
8,347,1937774032,3,forward_left,0.3686,155.0064,7.3182,0.6215,0.0,False,False
8,348,1937774032,3,forward_left,0.3699,155.3763,7.2972,0.601,0.0,False,False
8,349,1937774032,3,forward_left,-1.1568,154.2195,7.2776,0.5759,0.0,False,False
8,350,1309443777,2,turn_right,-1.3749,152.8446,7.2663,0.5445,0.0,False,False
8,351,800498958,2,turn_right,-1.6,151.2446,7.2659,0.5496,0.0,False,False
8,352,101706613,1,turn_left,-1.5055,149.7391,7.2611,0.5553,0.0,False,False
8,353,1904866102,4,forward_right,-1.3469,148.3922,7.251,0.5538,0.0,False,False
8,354,347496186,1,turn_left,-1.3864,147.0058,7.2403,0.5322,0.0,False,False
8,355,2018924930,2,turn_right,-1.4973,145.5085,7.2352,0.5234,0.0,False,False
8,356,1220008555,0,forward,-1.3787,144.1297,7.2266,0.516,0.0,False,False
8,357,1220008555,0,forward,-1.1556,142.9742,7.2069,0.52,0.0,False,False
8,358,2018924930,2,turn_right,-1.1099,141.8642,7.1824,0.4862,0.0,False,False
8,359,2018924930,2,turn_right,-1.2039,140.6603,7.1626,0.4861,0.0,False,False
8,360,2018924930,2,turn_right,-1.3626,139.2977,7.1507,0.4782,0.0,False,False
8,361,2018924930,2,turn_right,-1.6,137.6977,7.1507,0.4705,0.0,False,False
8,362,2018924930,2,turn_right,-1.6,136.0977,7.1505,0.4541,0.0,False,False
8,363,2018924930,2,turn_right,-0.1,135.9977,7.1496,0.4633,0.0,False,False
8,364,326162201,4,forward_right,0.1071,136.1048,7.1417,0.461,0.0,False,False
8,365,765517299,5,stop,0.2598,136.3646,7.1262,0.4542,0.0,False,False
8,366,2046112992,2,turn_right,0.0559,136.4205,7.1184,0.4559,0.0,False,False
8,367,2046112992,2,turn_right,-0.1,136.3205,7.1182,0.4535,0.0,False,False
8,368,1212430525,4,forward_right,0.0729,136.3935,7.1121,0.4631,0.0,False,False
8,369,1212430525,4,forward_right,0.2535,136.6469,7.0969,0.4603,0.0,False,False
8,370,1212430525,4,forward_right,0.3065,136.9534,7.0791,0.444,0.0,False,False
8,371,1212430525,4,forward_right,0.2984,137.2518,7.0617,0.4292,0.0,False,False
8,372,1212430525,4,forward_right,0.2902,137.542,7.0447,0.4309,0.0,False,False
8,373,1212430525,4,forward_right,0.2819,137.8239,7.0281,0.4273,0.0,False,False
8,374,1212430525,4,forward_right,0.2737,138.0977,7.0119,0.417,0.0,False,False
8,375,1212430525,4,forward_right,0.2658,138.3635,6.9961,0.4076,0.0,False,False
8,376,124275310,2,turn_right,0.1136,138.4771,6.9854,0.4087,0.0,False,False
8,377,2085456378,3,forward_left,0.191,138.6682,6.9734,0.3975,0.0,False,False
8,378,1940035026,2,turn_right,0.0004,138.6685,6.9683,0.4048,0.0,False,False
8,379,124275310,2,turn_right,-0.1,138.5685,6.9681,0.4217,0.0,False,False
8,380,1940035026,2,turn_right,-0.1,138.4685,6.9678,0.4328,0.0,False,False
8,381,1940035026,2,turn_right,-0.1,138.3685,6.9674,0.4477,0.0,False,False
8,382,1940035026,2,turn_right,-0.1,138.2685,6.9668,0.4609,0.0,False,False
8,383,1940035026,2,turn_right,-0.1,138.1685,6.9661,0.4746,0.0,False,False
8,384,1940035026,2,turn_right,-0.1,138.0685,6.9644,0.497,0.0,False,False
8,385,1688873553,0,forward,0.0115,138.08,6.9613,0.5315,0.0,False,False
8,386,1688873553,0,forward,0.0671,138.1471,6.9555,0.5448,0.0,False,False
8,387,1940035026,2,turn_right,0.0299,138.177,6.949,0.5808,0.0,False,False
8,388,1440968876,0,forward,0.068,138.245,6.9431,0.6536,0.0,False,False
8,389,1440968876,0,forward,0.0885,138.3335,6.9361,0.6693,0.0,False,False
8,390,1440968876,0,forward,0.1028,138.4363,6.9285,0.7645,0.0,False,False
8,391,1440968876,0,forward,0.1002,138.5366,6.921,0.8403,0.0,False,False
8,392,1440968876,0,forward,0.0978,138.6344,6.9136,0.9196,0.0,False,False
8,393,1440968876,0,forward,0.0953,138.7297,6.9063,1.0183,0.0,False,False
8,394,1440968876,0,forward,0.0929,138.8226,6.8992,1.1183,0.0,False,False
8,395,828879,1,turn_left,0.0385,138.8611,6.8923,1.2068,0.0,False,False
8,396,828879,1,turn_left,-0.0423,138.8188,6.8894,1.1015,0.0,False,False
8,397,828879,1,turn_left,-0.1,138.7188,6.89,1.038,0.0,False,False
8,398,587486767,5,stop,-0.05,138.6688,6.8881,1.1293,0.0,False,False
8,399,828879,1,turn_left,-0.0369,138.6319,6.8849,1.1931,0.0,False,False
8,400,828879,1,turn_left,-0.1,138.5319,6.8839,1.1653,0.0,False,False
8,401,828879,1,turn_left,-0.1,138.4319,6.8842,1.0062,0.0,False,False
8,402,1440968876,0,forward,0.0098,138.4417,6.8812,0.9188,0.0,False,False
8,403,1440968876,0,forward,0.1048,138.5465,6.8735,0.8898,0.0,False,False
8,404,1440968876,0,forward,0.1499,138.6964,6.8635,0.886,0.0,False,False
8,405,1440968876,0,forward,0.2082,138.9046,6.8506,0.9369,0.0,False,False
8,406,1440968876,0,forward,0.2072,139.1117,6.8377,0.9836,0.0,False,False
8,407,1440968876,0,forward,0.2557,139.3675,6.8224,1.0289,0.0,False,False
8,408,1440968876,0,forward,0.1521,139.5195,6.8123,1.0763,0.0,False,False
8,409,1440968876,0,forward,0.2007,139.7202,6.7998,1.1345,0.0,False,False
8,410,828879,1,turn_left,0.1231,139.8433,6.7886,1.2217,0.0,False,False
8,411,828879,1,turn_left,0.0222,139.8655,6.7825,1.012,0.0,False,False
8,412,645740840,5,stop,0.0163,139.8818,6.7792,1.2002,0.0,False,False
8,413,828879,1,turn_left,-0.0393,139.8425,6.7762,1.1908,0.0,False,False
8,414,828879,1,turn_left,-0.1,139.7425,6.7764,1.0936,0.0,False,False
8,415,1440968876,0,forward,-0.05,139.6925,6.775,0.9922,0.0,False,False
8,416,1440968876,0,forward,0.1203,139.8128,6.7664,0.9555,0.0,False,False
8,417,1440968876,0,forward,0.2029,140.0157,6.7538,0.9787,0.0,False,False
8,418,1440968876,0,forward,0.3751,140.3907,6.7325,0.9858,0.0,False,False
8,419,1440968876,0,forward,0.2423,140.633,6.7179,1.0167,0.0,False,False
8,420,1440968876,0,forward,0.3138,140.9468,6.6997,1.0539,0.0,False,False
8,421,1440968876,0,forward,0.3121,141.2589,6.6816,1.092,0.0,False,False
8,422,1440968876,0,forward,0.3104,141.5693,6.6636,1.1174,0.0,False,False
8,423,828879,1,turn_left,0.2518,141.8211,6.646,1.1559,0.0,False,False
8,424,828879,1,turn_left,0.025,141.8461,6.6398,1.0776,0.0,False,False
8,425,587486767,5,stop,0.0188,141.8649,6.6363,1.1716,0.0,False,False
8,426,828879,1,turn_left,-0.036,141.8289,6.6331,1.1158,0.0,False,False
8,427,828879,1,turn_left,-0.1,141.7289,6.6332,1.0415,0.0,False,False
8,428,1440968876,0,forward,0.0196,141.7485,6.6298,0.999,0.0,False,False
8,429,1440968876,0,forward,0.1595,141.908,6.6193,0.9779,0.0,False,False
8,430,1440968876,0,forward,0.2642,142.1722,6.6036,0.9652,0.0,False,False
8,431,1440968876,0,forward,0.3279,142.5001,6.5847,0.9726,0.0,False,False
8,432,1440968876,0,forward,0.527,143.0271,6.5558,0.9901,0.0,False,False
8,433,1440968876,0,forward,0.4297,143.4569,6.5319,1.0194,0.0,False,False
8,434,1440968876,0,forward,0.4287,143.8856,6.5079,1.053,0.0,False,False
8,435,1440968876,0,forward,0.4277,144.3133,6.484,1.0558,0.0,False,False
8,436,1440968876,0,forward,0.4267,144.74,6.4602,1.0797,0.0,False,False
8,437,1440968876,0,forward,0.4259,145.1659,6.4364,1.117,0.0,False,False
8,438,828879,1,turn_left,0.2381,145.404,6.4195,1.079,0.0,False,False
8,439,587486767,5,stop,0.0583,145.4624,6.4141,1.0849,0.0,False,False
8,440,587486767,5,stop,0.0703,145.5327,6.4081,1.0919,0.0,False,False
8,441,1440968876,0,forward,0.0125,145.5452,6.4049,1.0707,0.0,False,False
8,442,1440968876,0,forward,0.2008,145.7461,6.3924,1.0622,0.0,False,False
8,443,1440968876,0,forward,0.3318,146.0778,6.3733,1.0639,0.0,False,False
8,444,1440968876,0,forward,0.4764,146.5543,6.347,1.0625,0.0,False,False
8,445,1440968876,0,forward,0.4752,147.0295,6.3207,1.1001,0.0,False,False
8,446,828879,1,turn_left,0.3677,147.3972,6.2973,1.099,0.0,False,False
8,447,1440968876,0,forward,0.2921,147.6892,6.2802,1.0985,0.0,False,False
8,448,1440968876,0,forward,0.4609,148.1501,6.2547,1.1009,0.0,False,False
8,449,828879,1,turn_left,0.3418,148.4919,6.2326,1.1215,0.0,False,False
8,450,926291406,4,forward_right,0.085,148.5769,6.2258,1.0801,0.0,False,False
8,451,1166997565,3,forward_left,0.2974,148.8743,6.2085,1.1094,0.0,False,False
8,452,926291406,4,forward_right,0.2184,149.0927,6.1951,1.1042,0.0,False,False
8,453,926291406,4,forward_right,0.4147,149.5075,6.1718,1.1285,0.0,False,False
8,454,926291406,4,forward_right,0.2554,149.7629,6.1565,1.1251,0.0,False,False
8,455,828879,1,turn_left,0.1305,149.8934,6.145,1.1568,0.0,False,False
8,456,828879,1,turn_left,-0.1,149.7934,6.1451,1.1373,0.0,False,False
8,457,926291406,4,forward_right,0.0255,149.8189,6.1413,0.9633,0.0,False,False
8,458,1309443777,2,turn_right,0.209,150.0279,6.1258,1.1299,0.0,False,False
8,459,926291406,4,forward_right,0.1924,150.2203,6.1137,1.1354,0.0,False,False
8,460,926291406,4,forward_right,0.2757,150.496,6.0974,1.143,0.0,False,False
8,461,926291406,4,forward_right,0.3355,150.8314,6.0782,1.1703,0.0,False,False
8,462,926291406,4,forward_right,0.3297,151.1612,6.0592,1.1865,0.0,False,False
8,463,828879,1,turn_left,0.1364,151.2976,6.0473,1.1871,0.0,False,False
8,464,828879,1,turn_left,-0.1,151.1976,6.0476,1.1846,0.0,False,False
8,465,926291406,4,forward_right,0.0925,151.2901,6.0405,1.0881,0.0,False,False
8,466,1166997565,3,forward_left,0.4306,151.7207,6.0164,1.1669,0.0,False,False
8,467,926291406,4,forward_right,0.1139,151.8345,6.0082,1.1658,0.0,False,False
8,468,926291406,4,forward_right,0.3058,152.1403,5.9905,1.1721,0.0,False,False
8,469,926291406,4,forward_right,0.3358,152.4761,5.9712,1.1977,0.0,False,False
8,470,926291406,4,forward_right,0.33,152.8061,5.9522,1.2231,0.0,False,False
8,471,828879,1,turn_left,0.1428,152.9489,5.94,1.2432,0.0,False,False
8,472,828879,1,turn_left,-0.1,152.8489,5.9403,1.2285,0.0,False,False
8,473,926291406,4,forward_right,0.0962,152.9451,5.933,1.13,0.0,False,False
8,474,926291406,4,forward_right,0.3367,153.2818,5.9137,1.236,0.0,False,False
8,475,926291406,4,forward_right,0.244,153.5258,5.899,1.2488,0.0,False,False
8,476,828879,1,turn_left,0.1519,153.6777,5.8864,1.2578,0.0,False,False
8,477,828879,1,turn_left,-0.1,153.5777,5.8861,1.2377,0.0,False,False
8,478,926291406,4,forward_right,0.149,153.7267,5.8762,1.0281,0.0,False,False
8,479,1166997565,3,forward_left,0.2877,154.0144,5.8593,1.1269,0.0,False,False
8,480,926291406,4,forward_right,0.3223,154.3366,5.8407,1.2473,0.0,False,False
8,481,926291406,4,forward_right,0.3328,154.6694,5.8215,1.2602,0.0,False,False
8,482,926291406,4,forward_right,0.3348,155.0042,5.8023,1.2794,0.0,False,False
8,483,828879,1,turn_left,0.1573,155.1615,5.7894,1.2993,0.0,False,False
8,484,828879,1,turn_left,-0.1,155.0615,5.7875,0.998,0.0,False,False
8,485,1309443777,2,turn_right,0.0834,155.1449,5.7783,1.2813,0.0,False,False
8,486,926291406,4,forward_right,0.2364,155.3813,5.764,1.2812,0.0,False,False
8,487,926291406,4,forward_right,0.2509,155.6322,5.7489,1.3005,0.0,False,False
8,488,828879,1,turn_left,0.1519,155.7841,5.7363,1.3089,0.0,False,False
8,489,828879,1,turn_left,-0.1,155.6841,5.7363,1.2927,0.0,False,False
8,490,926291406,4,forward_right,0.0704,155.7545,5.7302,0.9594,0.0,False,False
8,491,1309443777,2,turn_right,0.2298,155.9843,5.7138,1.3016,0.0,False,False
8,492,926291406,4,forward_right,0.213,156.1973,5.7006,1.3157,0.0,False,False
8,493,926291406,4,forward_right,0.3082,156.5055,5.6827,1.3249,0.0,False,False
8,494,828879,1,turn_left,0.0714,156.5769,5.6741,1.3335,0.0,False,False
8,495,926291406,4,forward_right,0.1461,156.723,5.6643,1.3148,0.0,False,False
8,496,926291406,4,forward_right,0.3357,157.0588,5.645,1.3352,0.0,False,False
8,497,926291406,4,forward_right,0.3299,157.3887,5.626,1.3506,0.0,False,False
8,498,828879,1,turn_left,0.1512,157.5399,5.6135,1.3572,0.0,False,False
8,499,828879,1,turn_left,-0.1,157.4399,5.6137,0.9713,0.0,False,False
8,500,1309443777,2,turn_right,0.0592,157.4991,5.6057,1.3395,0.0,False,False
8,501,926291406,4,forward_right,0.2056,157.7047,5.593,1.3668,0.0,False,False
8,502,828879,1,turn_left,0.1272,157.8319,5.5816,1.3707,0.0,False,False
8,503,828879,1,turn_left,-0.1,157.7319,5.5815,1.3535,0.0,False,False
8,504,926291406,4,forward_right,-0.05,157.6819,5.5796,1.3314,0.0,False,False
8,505,926291406,4,forward_right,0.3486,158.0305,5.5597,1.2453,0.0,False,False
8,506,926291406,4,forward_right,0.337,158.3675,5.5403,0.9993,0.0,False,False
8,507,1309443777,2,turn_right,0.1909,158.5584,5.5258,1.3685,0.0,False,False
8,508,926291406,4,forward_right,0.2317,158.7901,5.5117,1.3894,0.0,False,False
8,509,926291406,4,forward_right,0.3204,159.1105,5.4931,1.3905,0.0,False,False
8,510,828879,1,turn_left,0.1232,159.2338,5.482,1.4015,0.0,False,False
8,511,828879,1,turn_left,-0.1,159.1338,5.4821,1.3823,0.0,False,False
8,512,926291406,4,forward_right,0.1465,159.2803,5.4723,1.2799,0.0,False,False
8,513,926291406,4,forward_right,0.3428,159.623,5.4526,1.0852,0.0,False,False
8,514,1166997565,3,forward_left,0.2293,159.8524,5.4387,1.1097,0.0,False,False
8,515,926291406,4,forward_right,0.2892,160.1416,5.4217,1.3899,0.0,False,False
8,516,926291406,4,forward_right,0.2923,160.4339,5.4046,1.43,0.0,False,False
8,517,828879,1,turn_left,0.2675,160.7014,5.3862,1.4322,0.0,False,False
8,518,828879,1,turn_left,-0.0105,160.6909,5.3817,1.4358,0.0,False,False
8,519,828879,1,turn_left,-0.1,160.5909,5.3819,1.1636,0.0,False,False
8,520,926291406,4,forward_right,0.1464,160.7374,5.372,1.2598,0.0,False,False
8,521,926291406,4,forward_right,0.3376,161.075,5.3527,1.416,0.0,False,False
8,522,926291406,4,forward_right,0.2691,161.344,5.3367,1.4424,0.0,False,False
8,523,828879,1,turn_left,0.1509,161.495,5.3242,1.4436,0.0,False,False
8,524,828879,1,turn_left,-0.1,161.395,5.3241,1.4308,0.0,False,False
8,525,926291406,4,forward_right,0.149,161.5439,5.3141,1.0258,0.0,False,False
8,526,1166997565,3,forward_left,0.2765,161.8204,5.2978,1.126,0.0,False,False
8,527,926291406,4,forward_right,0.321,162.1414,5.2792,1.4392,0.0,False,False
8,528,926291406,4,forward_right,0.3377,162.4791,5.2599,1.4536,0.0,False,False
8,529,926291406,4,forward_right,0.3317,162.8108,5.2408,1.4697,0.0,False,False
8,530,828879,1,turn_left,0.1513,162.9621,5.2282,1.4813,0.0,False,False
8,531,828879,1,turn_left,-0.1,162.8621,5.2281,1.4738,0.0,False,False
8,532,926291406,4,forward_right,0.1479,163.01,5.2183,0.9807,0.0,False,False
8,533,1309443777,2,turn_right,0.22,163.23,5.2022,1.1887,0.0,False,False
8,534,926291406,4,forward_right,0.2363,163.4663,5.1879,1.3478,0.0,False,False
8,535,926291406,4,forward_right,0.3216,163.7879,5.1694,1.4937,0.0,False,False
8,536,828879,1,turn_left,0.1524,163.9403,5.1567,1.5213,0.0,False,False
8,537,926291406,4,forward_right,0.014,163.9542,5.1535,0.9934,0.0,False,False
8,538,1309443777,2,turn_right,0.2249,164.1792,5.1373,1.5033,0.0,False,False
8,539,926291406,4,forward_right,0.2072,164.3864,5.1244,1.5112,0.0,False,False
8,540,828879,1,turn_left,0.0662,164.4526,5.1161,1.5103,0.0,False,False
8,541,926291406,4,forward_right,0.1448,164.5974,5.1064,1.4975,0.0,False,False
8,542,926291406,4,forward_right,0.3087,164.9062,5.0884,1.5181,0.0,False,False
8,543,828879,1,turn_left,0.0737,164.9799,5.0798,1.519,0.0,False,False
8,544,926291406,4,forward_right,0.0678,165.0477,5.0739,1.5163,0.0,False,False
8,545,926291406,4,forward_right,0.3405,165.3881,5.0543,1.2064,0.0,False,False
8,546,926291406,4,forward_right,0.2311,165.6193,5.0403,0.9434,0.0,False,False
8,547,1406925816,4,forward_right,0.3219,165.9411,5.0217,1.5667,0.0,False,False
8,548,828879,1,turn_left,0.1448,166.0859,5.0095,1.5601,0.0,False,False
8,549,828879,1,turn_left,-0.1,165.9859,5.0092,1.5377,0.0,False,False
8,550,926291406,4,forward_right,0.0699,166.0558,5.0032,1.5238,0.0,False,False
8,551,926291406,4,forward_right,0.326,166.3818,4.9844,1.5309,0.0,False,False
8,552,926291406,4,forward_right,0.3356,166.7174,4.9651,1.5402,0.0,False,False
8,553,926291406,4,forward_right,0.3293,167.0467,4.9461,1.5674,0.0,False,False
8,554,828879,1,turn_left,0.1502,167.1969,4.9336,1.5861,0.0,False,False
8,555,828879,1,turn_left,-0.1,167.0969,4.9339,1.3232,0.0,False,False
8,556,926291406,4,forward_right,0.0739,167.1709,4.9277,1.133,0.0,False,False
8,557,926291406,4,forward_right,0.3369,167.5078,4.9084,1.5618,0.0,False,False
8,558,926291406,4,forward_right,0.2741,167.7819,4.8922,1.5772,0.0,False,False
8,559,828879,1,turn_left,0.1517,167.9336,4.8796,1.5904,0.0,False,False
8,560,828879,1,turn_left,-0.1,167.8336,4.8797,1.575,0.0,False,False
8,561,926291406,4,forward_right,0.135,167.9686,4.8704,0.9697,0.0,False,False
8,562,1309443777,2,turn_right,0.2231,168.1917,4.8543,1.3133,0.0,False,False
8,563,926291406,4,forward_right,0.2369,168.4286,4.8399,1.5819,0.0,False,False
8,564,926291406,4,forward_right,0.3224,168.7509,4.8213,1.6064,0.0,False,False
8,565,828879,1,turn_left,0.1539,168.9048,4.8086,1.6111,0.0,False,False
8,566,828879,1,turn_left,-0.1,168.8048,4.8088,1.3473,0.0,False,False
8,567,926291406,4,forward_right,0.1004,168.9052,4.8013,1.1149,0.0,False,False
8,568,926291406,4,forward_right,0.3449,169.2501,4.7816,1.5889,0.0,False,False
8,569,926291406,4,forward_right,0.3395,169.5895,4.7621,1.6135,0.0,False,False
8,570,926291406,4,forward_right,0.3308,169.9203,4.7431,1.6086,0.0,False,False
8,571,828879,1,turn_left,0.1472,170.0676,4.7307,1.6238,0.0,False,False
8,572,828879,1,turn_left,-0.1,169.9676,4.7308,1.6041,0.0,False,False
8,573,926291406,4,forward_right,0.1482,170.1158,4.7209,0.9874,0.0,False,False
8,574,1309443777,2,turn_right,0.2665,170.3823,4.7026,1.2414,0.0,False,False
8,575,926291406,4,forward_right,0.1811,170.5634,4.691,1.5789,0.0,False,False
8,576,926291406,4,forward_right,0.3226,170.8861,4.6724,1.6357,0.0,False,False
8,577,828879,1,turn_left,0.1542,171.0402,4.6597,1.6383,0.0,False,False
8,578,828879,1,turn_left,-0.1,170.9402,4.6599,1.2199,0.0,False,False
8,579,926291406,4,forward_right,0.0991,171.0393,4.6524,1.1345,0.0,False,False
8,580,926291406,4,forward_right,0.3429,171.3823,4.6328,1.6374,0.0,False,False
8,581,926291406,4,forward_right,0.3213,171.7036,4.6142,1.6468,0.0,False,False
8,582,926291406,4,forward_right,0.311,172.0145,4.5962,1.673,0.0,False,False
8,583,828879,1,turn_left,0.1532,172.1677,4.5835,1.6802,0.0,False,False
8,584,828879,1,turn_left,-0.1,172.0677,4.5836,1.4702,0.0,False,False
8,585,926291406,4,forward_right,0.027,172.0947,4.5798,1.0557,0.0,False,False
8,586,1166997565,3,forward_left,0.3313,172.426,4.5607,1.6608,0.0,False,False
8,587,926291406,4,forward_right,0.3227,172.7488,4.5421,1.6462,0.0,False,False
8,588,926291406,4,forward_right,0.3126,173.0613,4.5239,1.6637,0.0,False,False
8,589,926291406,4,forward_right,0.3345,173.3958,4.5047,1.6797,0.0,False,False
8,590,926291406,4,forward_right,0.3286,173.7244,4.4858,3.9025,0.0,False,False
8,591,828879,1,turn_left,0.153,173.8773,4.4731,3.8849,0.0,False,False
8,592,828879,1,turn_left,-0.1,173.7773,4.4734,1.184,0.0,False,False
8,593,926291406,4,forward_right,0.0829,173.8602,4.4668,1.2416,0.0,False,False
8,594,926291406,4,forward_right,0.3393,174.1996,4.4473,1.6978,0.0,False,False
8,595,926291406,4,forward_right,0.2711,174.4707,4.4313,3.8726,0.0,False,False
8,596,926291406,4,forward_right,0.3279,174.7986,4.4124,3.8481,0.0,False,False
8,597,828879,1,turn_left,0.1528,174.9514,4.3997,3.8455,0.0,False,False
8,598,828879,1,turn_left,-0.1,174.8514,4.3999,1.4856,0.0,False,False
8,599,926291406,4,forward_right,0.0357,174.8871,4.3956,1.1013,0.0,False,False
8,600,926291406,4,forward_right,0.3438,175.2309,4.3759,2.198,0.0,False,False
8,601,926291406,4,forward_right,0.4145,175.6453,4.3527,3.8466,0.0,False,False
8,602,926291406,4,forward_right,0.2227,175.868,4.339,3.8177,0.0,False,False
8,603,828879,1,turn_left,0.1531,176.0211,4.3264,3.7851,0.0,False,False
8,604,828879,1,turn_left,-0.1,175.9211,4.3262,1.5283,0.0,False,False
8,605,926291406,4,forward_right,0.1311,176.0522,4.3171,0.9628,0.0,False,False
8,606,1309443777,2,turn_right,0.2491,176.3013,4.2997,1.241,0.0,False,False
8,607,926291406,4,forward_right,0.2366,176.5379,4.2853,1.2767,0.0,False,False
8,608,926291406,4,forward_right,0.3221,176.86,4.2667,1.3007,0.0,False,False
8,609,828879,1,turn_left,0.1554,177.0154,4.254,0.9565,0.0,False,False
8,610,1406925816,4,forward_right,0.2236,177.239,4.2403,1.5551,0.0,False,False
8,611,828879,1,turn_left,0.1601,177.3991,4.2273,3.7466,0.0,False,False
8,612,828879,1,turn_left,-0.1,177.2991,4.2273,3.7502,0.0,False,False
8,613,926291406,4,forward_right,0.1656,177.4647,4.2165,3.7493,0.0,False,False
8,614,926291406,4,forward_right,0.2608,177.7255,4.201,3.7403,0.0,False,False
8,615,926291406,4,forward_right,0.4092,178.1347,4.178,3.725,0.0,False,False
8,616,828879,1,turn_left,0.0816,178.2163,4.1689,3.7219,0.0,False,False
8,617,828879,1,turn_left,-0.1,178.1163,4.1692,1.1951,0.0,False,False
8,618,926291406,4,forward_right,0.1333,178.2496,4.16,1.1703,0.0,False,False
8,619,926291406,4,forward_right,0.2631,178.5128,4.1443,3.7194,0.0,False,False
8,620,926291406,4,forward_right,0.2783,178.791,4.1279,3.7066,0.0,False,False
8,621,926291406,4,forward_right,0.4032,179.1942,4.1053,3.693,0.0,False,False
8,622,828879,1,turn_left,0.0779,179.2721,4.0964,3.664,0.0,False,False
8,623,828879,1,turn_left,-0.1,179.1721,4.0965,1.496,0.0,False,False
8,624,926291406,4,forward_right,0.0086,179.1807,4.0936,1.0313,0.0,False,False
8,625,1166997565,3,forward_left,0.3291,179.5098,4.0747,2.2974,0.0,False,False
8,626,926291406,4,forward_right,0.3235,179.8333,4.056,3.6784,0.0,False,False
8,627,926291406,4,forward_right,0.3113,180.1447,4.0379,3.6625,0.0,False,False
8,628,926291406,4,forward_right,0.3368,180.4815,4.0186,3.6395,0.0,False,False
8,629,926291406,4,forward_right,0.331,180.8124,3.9995,3.6333,0.0,False,False
8,630,828879,1,turn_left,0.2126,181.025,3.9839,3.6466,0.0,False,False
8,631,828879,1,turn_left,-0.1,180.925,3.9838,1.2984,0.0,False,False
8,632,926291406,4,forward_right,0.0357,180.9608,3.9795,1.1302,0.0,False,False
8,633,926291406,4,forward_right,0.3337,181.2944,3.9603,3.2134,0.0,False,False
8,634,926291406,4,forward_right,0.2838,181.5782,3.9436,3.6079,0.0,False,False
8,635,828879,1,turn_left,0.2602,181.8384,3.9256,3.6164,0.0,False,False
8,636,828879,1,turn_left,-0.1,181.7384,3.9241,2.0639,0.0,False,False
8,637,926291406,4,forward_right,0.0499,181.7883,3.9191,2.0639,0.0,False,False
8,638,926291406,4,forward_right,0.3763,182.1645,3.8978,1.0279,0.0,False,False
8,639,1166997565,3,forward_left,0.3223,182.4869,3.8792,1.4793,0.0,False,False
8,640,926291406,4,forward_right,0.3126,182.7995,3.8611,1.9391,0.0,False,False
8,641,828879,1,turn_left,0.1511,182.9506,3.8485,1.9391,0.0,False,False
8,642,926291406,4,forward_right,0.1487,183.0993,3.8386,1.2329,0.0,False,False
8,643,926291406,4,forward_right,0.2582,183.3575,3.8232,1.2329,0.0,False,False
8,644,828879,1,turn_left,0.242,183.5995,3.8061,1.0217,0.0,False,False
8,645,587486767,5,stop,0.2047,183.8042,3.7933,1.4087,0.0,False,False
8,646,828879,1,turn_left,0.1259,183.9301,3.782,1.675,0.0,False,False
8,647,828879,1,turn_left,-0.0018,183.9283,3.7771,1.3234,0.0,False,False
8,648,828879,1,turn_left,-0.1,183.8283,3.7771,0.9726,0.0,False,False
8,649,1309443777,2,turn_right,-0.0089,183.8195,3.7726,1.0638,0.0,False,False
8,650,1166997565,3,forward_left,0.2072,184.0267,3.7597,1.1204,0.0,False,False
8,651,926291406,4,forward_right,0.1946,184.2213,3.7475,1.2995,0.0,False,False
8,652,926291406,4,forward_right,0.323,184.5443,3.7288,1.4235,0.0,False,False
8,653,926291406,4,forward_right,0.3316,184.8759,3.7098,1.3555,0.0,False,False
8,654,828879,1,turn_left,0.1388,185.0147,3.6978,0.9524,0.0,False,False
8,655,1406925816,4,forward_right,0.2144,185.229,3.6846,1.5611,0.0,False,False
8,656,828879,1,turn_left,0.1356,185.3646,3.6728,3.5041,0.0,False,False
8,657,828879,1,turn_left,-0.1,185.2646,3.6729,3.5117,0.0,False,False
8,658,926291406,4,forward_right,0.1391,185.4037,3.6635,3.5236,0.0,False,False
8,659,926291406,4,forward_right,0.2754,185.6792,3.6472,3.5168,0.0,False,False
8,660,926291406,4,forward_right,0.3295,186.0087,3.6282,3.4943,0.0,False,False
8,661,828879,1,turn_left,0.1422,186.1509,3.6161,3.4943,0.0,False,False
8,662,828879,1,turn_left,-0.1,186.0509,3.6159,1.2781,0.0,False,False
8,663,926291406,4,forward_right,0.1024,186.1533,3.6083,1.2781,0.0,False,False
8,664,926291406,4,forward_right,0.2625,186.4158,3.5926,3.4955,0.0,False,False
8,665,926291406,4,forward_right,0.2803,186.6961,3.5761,3.4955,0.0,False,False
8,666,926291406,4,forward_right,0.3252,187.0213,3.5574,3.4759,0.0,False,False
8,667,828879,1,turn_left,0.1491,187.1705,3.5449,3.4759,0.0,False,False
8,668,828879,1,turn_left,-0.1,187.0705,3.5449,1.316,0.0,False,False
8,669,926291406,4,forward_right,0.0952,187.1656,3.5376,1.0859,0.0,False,False
8,670,1166997565,3,forward_left,0.305,187.4706,3.5199,1.623,0.0,False,False
8,671,926291406,4,forward_right,0.2975,187.7681,3.5025,2.4141,0.0,False,False
8,672,926291406,4,forward_right,0.3161,188.0842,3.4842,3.465,0.0,False,False
8,673,2095099663,0,forward,0.3396,188.4238,3.4647,3.4666,0.0,False,False
8,674,2095099663,0,forward,0.4372,188.861,3.4404,3.4593,0.0,False,False
8,675,2095099663,0,forward,0.4896,189.3506,3.4134,3.4369,0.0,False,False
8,676,2095099663,0,forward,0.4954,189.846,3.3861,3.4405,0.0,False,False
8,677,2095099663,0,forward,0.4944,190.3404,3.3589,3.4275,0.0,False,False
8,678,2095099663,0,forward,0.4935,190.8339,3.3317,3.436,0.0,False,False
8,679,1508107506,3,forward_left,0.4373,191.2712,3.3074,2.6613,0.0,False,False
8,680,1508107506,3,forward_left,0.3559,191.6272,3.2871,1.3808,0.0,False,False
8,681,2095099663,0,forward,0.2985,191.9257,3.2696,1.3808,0.0,False,False
8,682,2095099663,0,forward,0.4874,192.413,3.2428,2.2136,0.0,False,False
8,683,2095099663,0,forward,0.4983,192.9113,3.2154,3.4176,0.0,False,False
8,684,2095099663,0,forward,0.4726,193.3839,3.1892,3.4013,0.0,False,False
8,685,2095099663,0,forward,0.4967,193.8805,3.1619,3.4074,0.0,False,False
8,686,2095099663,0,forward,0.4956,194.3762,3.1346,3.4089,0.0,False,False
8,687,2095099663,0,forward,0.4946,194.8708,3.1074,3.4015,0.0,False,False
8,688,2095099663,0,forward,0.4936,195.3643,3.0802,3.3941,0.0,False,False
8,689,1508107506,3,forward_left,0.4082,195.7725,3.0573,3.3941,0.0,False,False
8,690,2095099663,0,forward,0.4163,196.1889,3.034,1.1333,0.0,False,False
8,691,2095099663,0,forward,0.4499,196.6388,3.009,1.1333,0.0,False,False
8,692,2095099663,0,forward,0.4966,197.1354,2.9817,1.7937,0.0,False,False
8,693,2095099663,0,forward,0.6055,197.7409,2.9489,3.2153,0.0,False,False
8,694,2095099663,0,forward,0.3864,198.1274,2.9271,3.3931,0.0,False,False
8,695,2095099663,0,forward,0.4947,198.6221,2.8998,3.3931,0.0,False,False
8,696,2095099663,0,forward,0.4919,199.114,2.8727,3.3866,0.0,False,False
8,697,1508107506,3,forward_left,0.4381,199.5521,2.8483,3.3689,0.0,False,False
8,698,2095099663,0,forward,0.4922,200.0443,2.8212,3.3853,0.0,False,False
8,699,2095099663,0,forward,0.3887,200.433,2.7993,3.3853,0.0,False,False
8,700,2095099663,0,forward,0.4975,200.9305,2.7719,1.6767,0.0,False,False
8,701,2095099663,0,forward,0.4969,201.4273,2.7446,1.13,0.0,False,False
8,702,2095099663,0,forward,0.4308,201.8582,2.7205,1.13,0.0,False,False
8,703,2095099663,0,forward,0.4925,202.3507,2.6934,2.2006,0.0,False,False
8,704,1508107506,3,forward_left,0.4379,202.7886,2.669,2.2006,0.0,False,False
8,705,2095099663,0,forward,0.4151,203.2036,2.6457,3.3787,0.0,False,False
8,706,2095099663,0,forward,0.4831,203.6868,2.6191,3.3923,0.0,False,False
8,707,2095099663,0,forward,0.496,204.1828,2.5918,3.3739,0.0,False,False
8,708,2095099663,0,forward,0.4947,204.6775,2.5646,3.3819,0.0,False,False
8,709,2095099663,0,forward,0.4935,205.1709,2.5374,3.3726,0.0,False,False
8,710,1508107506,3,forward_left,0.4376,205.6085,2.513,3.3688,0.0,False,False
8,711,1508107506,3,forward_left,0.4084,206.0169,2.4901,1.6159,0.0,False,False
8,712,2095099663,0,forward,0.3434,206.3603,2.4704,1.0354,0.0,False,False
8,713,1055658224,3,forward_left,0.4043,206.7646,2.4477,1.1251,0.0,False,False
8,714,2095099663,0,forward,0.4243,207.1888,2.424,1.1251,0.0,False,False
8,715,2095099663,0,forward,0.5063,207.6951,2.3962,2.2787,0.0,False,False
8,716,2095099663,0,forward,0.5056,208.2007,2.3684,3.3277,0.0,False,False
8,717,2095099663,0,forward,0.5047,208.7054,2.3407,3.4005,0.0,False,False
8,718,2095099663,0,forward,0.5036,209.209,2.313,3.38,0.0,False,False
8,719,2095099663,0,forward,0.5024,209.7114,2.2854,3.3927,0.0,False,False
8,720,2095099663,0,forward,0.5012,210.2126,2.2578,3.3876,0.0,False,False
8,721,2095099663,0,forward,0.6098,210.8224,2.2248,3.377,0.0,False,False
8,722,2095099663,0,forward,0.4984,211.3209,2.1974,3.377,0.0,False,False
8,723,2095099663,0,forward,0.4973,211.8182,2.17,1.5926,0.0,False,False
8,724,2095099663,0,forward,0.3873,212.2055,2.1482,1.035,0.0,False,False
8,725,1263078535,3,forward_left,0.3838,212.5893,2.1265,1.1502,0.0,False,False
8,726,2095099663,0,forward,0.4127,213.002,2.1033,1.1502,0.0,False,False
8,727,2095099663,0,forward,0.4974,213.4994,2.076,3.4101,0.0,False,False
8,728,2095099663,0,forward,0.4963,213.9957,2.0486,3.4104,0.0,False,False
8,729,2095099663,0,forward,0.4885,214.4842,2.0217,3.4104,0.0,False,False
8,730,2095099663,0,forward,0.4934,214.9776,1.9945,3.4171,0.0,False,False
8,731,1508107506,3,forward_left,0.4372,215.4148,1.9702,3.4171,0.0,False,False
8,732,1508107506,3,forward_left,0.3314,215.7462,1.9511,2.4056,0.0,False,False
8,733,2095099663,0,forward,0.4182,216.1645,1.9277,1.4704,0.0,False,False
8,734,2095099663,0,forward,0.5026,216.6671,1.9001,1.0413,0.0,False,False
8,735,1263078535,3,forward_left,0.3349,217.002,1.8808,1.1443,0.0,False,False
8,736,2095099663,0,forward,0.4179,217.4199,1.8574,2.1347,0.0,False,False
8,737,2095099663,0,forward,0.5054,217.9253,1.8297,3.4484,0.0,False,False
8,738,2095099663,0,forward,0.4763,218.4017,1.8033,3.4577,0.0,False,False
8,739,2095099663,0,forward,0.5035,218.9052,1.7757,3.4725,0.0,False,False
8,740,2095099663,0,forward,0.5015,219.4066,1.7481,3.4607,0.0,False,False
8,741,2095099663,0,forward,0.4998,219.9064,1.7206,3.479,0.0,False,False
8,742,2095099663,0,forward,0.4981,220.4045,1.6932,3.478,0.0,False,False
8,743,2095099663,0,forward,0.4963,220.9008,1.6659,2.4834,0.0,False,False
8,744,2095099663,0,forward,0.4946,221.3955,1.6387,2.4834,0.0,False,False
8,745,1508107506,3,forward_left,0.4381,221.8335,1.6143,0.9313,0.0,False,False
8,746,1840798605,5,stop,0.1508,221.9844,1.6042,1.6218,0.0,False,False
8,747,2095099663,0,forward,0.3441,222.3284,1.5845,3.5093,0.0,False,False
8,748,2095099663,0,forward,0.4289,222.7574,1.5606,3.5032,0.0,False,False
8,749,2095099663,0,forward,0.3861,223.1435,1.5388,3.5157,0.0,False,False
8,750,2095099663,0,forward,0.4935,223.637,1.5116,3.5309,0.0,False,False
8,751,1508107506,3,forward_left,0.4367,224.0737,1.4872,3.539,0.0,False,False
8,752,1508107506,3,forward_left,0.3308,224.4046,1.4682,2.2064,0.0,False,False
8,753,2095099663,0,forward,0.5277,224.9322,1.4393,1.4115,0.0,False,False
8,754,2095099663,0,forward,0.391,225.3233,1.4173,0.9962,0.0,False,False
8,755,1341840061,1,turn_left,0.2998,225.623,1.3973,1.2822,0.0,False,False
8,756,2095099663,0,forward,0.3671,225.9901,1.3764,2.0651,0.0,False,False
8,757,2095099663,0,forward,0.4687,226.4588,1.3505,3.5877,0.0,False,False
8,758,2095099663,0,forward,0.4771,226.9359,1.3241,3.5801,0.0,False,False
8,759,2095099663,0,forward,0.4944,227.4303,1.2969,3.587,0.0,False,False
8,760,1508107506,3,forward_left,0.4368,227.8671,1.2726,3.6046,0.0,False,False
8,761,1508107506,3,forward_left,500.0,727.8671,1.2497,2.226,0.0,True,False
9,1,964610217,0,forward,0.3041,0.3041,15.9823,1.1269,0.0,False,False
9,2,1548021558,0,forward,0.3978,0.7019,15.9599,2.6912,0.0,False,False
9,3,1548021558,0,forward,0.6274,1.3293,15.926,4.0042,0.0,False,False
9,4,1548021558,0,forward,0.4303,1.7596,15.902,3.9741,0.0,False,False
9,5,1548021558,0,forward,0.6701,2.4297,15.866,3.9616,0.0,False,False
9,6,1548021558,0,forward,0.43,2.8597,15.842,3.914,0.0,False,False
9,7,1548021558,0,forward,0.55,3.4098,15.812,3.9015,0.0,False,False
9,8,1548021558,0,forward,0.55,3.9598,15.782,3.7421,0.0,False,False
9,9,1548021558,0,forward,0.5501,4.5099,15.752,2.4074,0.0,False,False
9,10,1548021558,0,forward,0.6708,5.1807,15.716,1.536,0.0,False,False
9,11,1548021558,0,forward,0.3746,5.5553,15.6947,0.9498,0.0,False,False
9,12,964610217,0,forward,0.5301,6.0855,15.6657,1.3857,0.0,False,False
9,13,1548021558,0,forward,0.5495,6.635,15.6357,2.9996,0.0,False,False
9,14,1548021558,0,forward,0.5343,7.1693,15.6065,3.723,0.0,False,False
9,15,1548021558,0,forward,0.5482,7.7175,15.5766,3.7077,0.0,False,False
9,16,1548021558,0,forward,0.5501,8.2676,15.5466,3.6794,0.0,False,False
9,17,1548021558,0,forward,0.5501,8.8177,15.5166,3.6536,0.0,False,False
9,18,1548021558,0,forward,0.55,9.3678,15.4866,3.616,0.0,False,False
9,19,1548021558,0,forward,0.55,9.9178,15.4566,3.6088,0.0,False,False
9,20,1548021558,0,forward,0.5501,10.4679,15.4266,2.5566,0.0,False,False
9,21,1548021558,0,forward,0.5504,11.0183,15.3966,1.5833,0.0,False,False
9,22,1548021558,0,forward,0.5397,11.558,15.3671,1.0354,0.0,False,False
9,23,1904234423,4,forward_right,0.4165,11.9746,15.3438,1.0909,0.0,False,False
9,24,1904234423,4,forward_right,0.3699,12.3444,15.3228,1.0941,0.0,False,False
9,25,1904234423,4,forward_right,0.3512,12.6956,15.3027,0.9835,0.0,False,False
9,26,964610217,0,forward,0.4656,13.1612,15.2769,1.2269,0.0,False,False
9,27,1548021558,0,forward,0.5474,13.7085,15.2471,1.7542,0.0,False,False
9,28,1548021558,0,forward,0.5478,14.2563,15.2172,2.3651,0.0,False,False
9,29,1548021558,0,forward,0.5479,14.8042,15.1873,2.8076,0.0,False,False
9,30,1548021558,0,forward,0.548,15.3522,15.1574,2.865,0.0,False,False
9,31,1548021558,0,forward,0.548,15.9002,15.1275,2.4869,0.0,False,False
9,32,1548021558,0,forward,0.5481,16.4484,15.0976,1.9363,0.0,False,False
9,33,1548021558,0,forward,0.5485,16.9969,15.0676,1.3536,0.0,False,False
9,34,1548021558,0,forward,0.4938,17.4907,15.0405,0.9415,0.0,False,False
9,35,964610217,0,forward,0.5453,18.036,15.0107,1.4305,0.0,False,False
9,36,1548021558,0,forward,0.5474,18.5834,14.9808,2.3953,0.0,False,False
9,37,1548021558,0,forward,0.5478,19.1313,14.9509,3.2398,0.0,False,False
9,38,1548021558,0,forward,0.6676,19.7989,14.915,3.2178,0.0,False,False
9,39,1548021558,0,forward,0.4276,20.2265,14.8912,3.2039,0.0,False,False
9,40,1548021558,0,forward,0.5481,20.7746,14.8613,3.1692,0.0,False,False
9,41,1548021558,0,forward,0.548,21.3226,14.8314,3.152,0.0,False,False
9,42,1548021558,0,forward,0.548,21.8706,14.8015,3.1406,0.0,False,False
9,43,1548021558,0,forward,0.548,22.4186,14.7716,3.0989,0.0,False,False
9,44,1548021558,0,forward,0.548,22.9666,14.7417,2.9845,0.0,False,False
9,45,1548021558,0,forward,0.5482,23.5148,14.7118,1.8441,0.0,False,False
9,46,1548021558,0,forward,0.549,24.0637,14.6818,1.2027,0.0,False,False
9,47,1548021558,0,forward,0.4735,24.5372,14.6556,1.0768,0.0,False,False
9,48,1904234423,4,forward_right,0.4983,25.0355,14.6282,1.9729,0.0,False,False
9,49,1548021558,0,forward,0.4667,25.5023,14.6024,2.9785,0.0,False,False
9,50,1548021558,0,forward,0.5468,26.0491,14.5725,2.9736,0.0,False,False
9,51,1548021558,0,forward,0.5387,26.5878,14.5431,2.9715,0.0,False,False
9,52,1548021558,0,forward,0.5469,27.1347,14.5133,2.9536,0.0,False,False
9,53,1548021558,0,forward,0.5468,27.6816,14.4834,2.9262,0.0,False,False
9,54,1548021558,0,forward,0.5468,28.2284,14.4536,2.914,0.0,False,False
9,55,1548021558,0,forward,0.5468,28.7752,14.4237,2.8883,0.0,False,False
9,56,1548021558,0,forward,0.5468,29.322,14.3939,2.617,0.0,False,False
9,57,1548021558,0,forward,0.5471,29.8691,14.364,1.661,0.0,False,False
9,58,1548021558,0,forward,0.5481,30.4172,14.3341,1.0638,0.0,False,False
9,59,1904234423,4,forward_right,0.4008,30.818,14.3116,1.1724,0.0,False,False
9,60,1548021558,0,forward,0.4585,31.2765,14.2862,2.094,0.0,False,False
9,61,1548021558,0,forward,0.5452,31.8217,14.2564,2.7933,0.0,False,False
9,62,1548021558,0,forward,0.6419,32.4635,14.2218,2.7915,0.0,False,False
9,63,1548021558,0,forward,0.4262,32.8897,14.198,2.7793,0.0,False,False
9,64,1548021558,0,forward,0.5452,33.4349,14.1682,2.758,0.0,False,False
9,65,1548021558,0,forward,0.5451,33.98,14.1385,2.7354,0.0,False,False
9,66,1548021558,0,forward,0.5451,34.5251,14.1087,2.717,0.0,False,False
9,67,1548021558,0,forward,0.5451,35.0702,14.079,2.7057,0.0,False,False
9,68,1548021558,0,forward,0.5453,35.6155,14.0492,1.7282,0.0,False,False
9,69,1548021558,0,forward,0.5462,36.1617,14.0194,1.1412,0.0,False,False
9,70,1548021558,0,forward,0.5884,36.7502,13.9875,1.1496,0.0,False,False
9,71,1548021558,0,forward,0.4253,37.1755,13.9637,2.3303,0.0,False,False
9,72,1548021558,0,forward,0.5449,37.7203,13.934,2.6283,0.0,False,False
9,73,1548021558,0,forward,0.532,38.2523,13.9049,2.6234,0.0,False,False
9,74,1548021558,0,forward,0.545,38.7973,13.8751,2.6173,0.0,False,False
9,75,1548021558,0,forward,0.5449,39.3423,13.8454,2.5953,0.0,False,False
9,76,1548021558,0,forward,0.5449,39.8871,13.8156,2.5824,0.0,False,False
9,77,1548021558,0,forward,0.5449,40.432,13.7859,2.5717,0.0,False,False
9,78,1548021558,0,forward,0.5449,40.9769,13.7561,2.5433,0.0,False,False
9,79,1548021558,0,forward,0.545,41.5219,13.7264,1.8457,0.0,False,False
9,80,1548021558,0,forward,0.5458,42.0677,13.6966,1.1741,0.0,False,False
9,81,1548021558,0,forward,0.4725,42.5402,13.6705,1.0864,0.0,False,False
9,82,1904234423,4,forward_right,0.5272,43.0674,13.6416,1.9778,0.0,False,False
9,83,1548021558,0,forward,0.4621,43.5295,13.616,2.4837,0.0,False,False
9,84,1548021558,0,forward,0.5318,44.0613,13.5869,2.4941,0.0,False,False
9,85,1548021558,0,forward,0.5401,44.6015,13.5574,2.4818,0.0,False,False
9,86,1548021558,0,forward,0.5435,45.145,13.5277,2.472,0.0,False,False
9,87,1548021558,0,forward,0.5434,45.6884,13.4981,2.4674,0.0,False,False
9,88,1548021558,0,forward,0.5434,46.2319,13.4684,2.4525,0.0,False,False
9,89,1548021558,0,forward,0.5435,46.7754,13.4387,2.3041,0.0,False,False
9,90,1548021558,0,forward,0.5439,47.3193,13.409,1.4615,0.0,False,False
9,91,1548021558,0,forward,0.5037,47.8229,13.3813,0.9554,0.0,False,False
9,92,964610217,0,forward,0.542,48.365,13.3517,1.2882,0.0,False,False
9,93,1548021558,0,forward,0.5427,48.9077,13.3221,1.6697,0.0,False,False
9,94,1548021558,0,forward,0.543,49.4507,13.2925,1.8806,0.0,False,False
9,95,1548021558,0,forward,0.6618,50.1125,13.2569,1.843,0.0,False,False
9,96,1548021558,0,forward,0.4247,50.5373,13.2331,1.5583,0.0,False,False
9,97,1548021558,0,forward,0.5439,51.0812,13.2034,1.1746,0.0,False,False
9,98,1548021558,0,forward,0.4851,51.5663,13.1767,1.017,0.0,False,False
9,99,964610217,0,forward,0.542,52.1083,13.1471,1.7162,0.0,False,False
9,100,1548021558,0,forward,0.5428,52.6511,13.1174,2.305,0.0,False,False
9,101,1548021558,0,forward,0.5431,53.1942,13.0878,2.2612,0.0,False,False
9,102,1548021558,0,forward,0.54,53.7342,13.0583,2.2432,0.0,False,False
9,103,1548021558,0,forward,0.5432,54.2774,13.0286,2.2102,0.0,False,False
9,104,1548021558,0,forward,0.5431,54.8204,12.999,2.1785,0.0,False,False
9,105,1548021558,0,forward,0.5431,55.3635,12.9693,2.1378,0.0,False,False
9,106,1548021558,0,forward,0.543,55.9065,12.9397,2.1094,0.0,False,False
9,107,1548021558,0,forward,0.5431,56.4497,12.91,2.0778,0.0,False,False
9,108,1548021558,0,forward,0.5437,56.9934,12.8803,1.3289,0.0,False,False
9,109,1548021558,0,forward,0.5027,57.496,12.8527,0.9764,0.0,False,False
9,110,964610217,0,forward,0.5419,58.0379,12.8231,1.3626,0.0,False,False
9,111,1548021558,0,forward,0.5424,58.5803,12.7935,1.7321,0.0,False,False
9,112,1548021558,0,forward,0.5426,59.123,12.7638,1.905,0.0,False,False
9,113,1548021558,0,forward,0.5428,59.6657,12.7342,1.784,0.0,False,False
9,114,1548021558,0,forward,0.543,60.2088,12.7046,1.4584,0.0,False,False
9,115,1548021558,0,forward,0.5437,60.7525,12.6749,1.0937,0.0,False,False
9,116,1904234423,4,forward_right,0.4352,61.1876,12.6506,1.1186,0.0,False,False
9,117,1548021558,0,forward,0.4636,61.6512,12.6249,1.5228,0.0,False,False
9,118,1548021558,0,forward,0.5402,62.1914,12.5954,1.7694,0.0,False,False
9,119,1548021558,0,forward,0.5405,62.7319,12.5659,1.7329,0.0,False,False
9,120,1548021558,0,forward,0.5406,63.2725,12.5364,1.7209,0.0,False,False
9,121,1548021558,0,forward,0.5406,63.8131,12.5068,1.673,0.0,False,False
9,122,1548021558,0,forward,0.657,64.4701,12.4715,1.6431,0.0,False,False
9,123,1548021558,0,forward,0.4225,64.8926,12.4479,1.6096,0.0,False,False
9,124,1548021558,0,forward,0.5405,65.4331,12.4183,1.5987,0.0,False,False
9,125,1548021558,0,forward,0.5404,65.9735,12.3888,1.5652,0.0,False,False
9,126,1548021558,0,forward,0.5404,66.5139,12.3593,1.5268,0.0,False,False
9,127,1548021558,0,forward,0.5405,67.0544,12.3298,1.5008,0.0,False,False
9,128,1548021558,0,forward,0.541,67.5954,12.3002,1.3128,0.0,False,False
9,129,1548021558,0,forward,0.4636,68.059,12.2745,0.9513,0.0,False,False
9,130,964610217,0,forward,0.5387,68.5976,12.2451,1.3889,0.0,False,False
9,131,1548021558,0,forward,0.5399,69.1375,12.2156,1.3625,0.0,False,False
9,132,1548021558,0,forward,0.5262,69.6637,12.1868,1.3551,0.0,False,False
9,133,1548021558,0,forward,0.5411,70.2048,12.1573,1.3205,0.0,False,False
9,134,1548021558,0,forward,0.5402,70.745,12.1277,1.2951,0.0,False,False
9,135,1548021558,0,forward,0.5401,71.2852,12.0982,1.2704,0.0,False,False
9,136,1548021558,0,forward,0.5401,71.8252,12.0687,1.2265,0.0,False,False
9,137,1548021558,0,forward,0.54,72.3652,12.0392,1.2072,0.0,False,False
9,138,1548021558,0,forward,0.5401,72.9053,12.0097,1.1716,0.0,False,False
9,139,1548021558,0,forward,0.5405,73.4459,11.9802,1.1182,0.0,False,False
9,140,1548021558,0,forward,0.443,73.8888,11.9556,0.9399,0.0,False,False
9,141,964610217,0,forward,0.5415,74.4303,11.926,1.0715,0.0,False,False
9,142,1904234423,4,forward_right,0.523,74.9534,11.8973,1.0651,0.0,False,False
9,143,1904234423,4,forward_right,0.3528,75.3062,11.8772,1.0471,0.0,False,False
9,144,1904234423,4,forward_right,0.3587,75.6649,11.8567,1.0238,0.0,False,False
9,145,1904234423,4,forward_right,0.3554,76.0202,11.8365,1.0042,0.0,False,False
9,146,1904234423,4,forward_right,0.3517,76.372,11.8164,0.9777,0.0,False,False
9,147,1904234423,4,forward_right,0.3478,76.7198,11.7965,0.9551,0.0,False,False
9,148,1904234423,4,forward_right,0.3437,77.0635,11.7768,0.9218,0.0,False,False
9,149,1904234423,4,forward_right,0.3398,77.4033,11.7573,0.8895,0.0,False,False
9,150,1904234423,4,forward_right,0.3364,77.7397,11.738,0.8751,0.0,False,False
9,151,1328149006,0,forward,0.2346,77.9743,11.7238,0.8646,0.0,False,False
9,152,1328149006,0,forward,0.4619,78.4363,11.6982,0.8527,0.0,False,False
9,153,1328149006,0,forward,0.4138,78.8501,11.675,0.8278,0.0,False,False
9,154,1328149006,0,forward,0.4864,79.3365,11.6482,0.7922,0.0,False,False
9,155,1328149006,0,forward,0.486,79.8225,11.6214,0.7648,0.0,False,False
9,156,1132205236,1,turn_left,0.4207,80.2432,11.5953,0.7296,0.0,False,False
9,157,1132205236,1,turn_left,0.3216,80.5648,11.5743,0.6982,0.0,False,False
9,158,1132205236,1,turn_left,0.2007,80.7655,11.5592,0.6679,0.0,False,False
9,159,1132205236,1,turn_left,-0.1,80.6655,11.5594,0.6665,0.0,False,False
9,160,224357922,1,turn_left,-0.1,80.5655,11.5595,0.6651,0.0,False,False
9,161,224357922,1,turn_left,-0.1,80.4655,11.5598,0.6679,0.0,False,False
9,162,224357922,1,turn_left,-0.1,80.3655,11.56,0.6728,0.0,False,False
9,163,224357922,1,turn_left,-0.1,80.2655,11.5601,0.6797,0.0,False,False
9,164,224357922,1,turn_left,-0.1,80.1655,11.5602,0.6711,0.0,False,False
9,165,224357922,1,turn_left,-0.1,80.0655,11.5593,0.6709,0.0,False,False
9,166,964610217,0,forward,0.1183,80.1837,11.5509,0.6585,0.0,False,False
9,167,224357922,1,turn_left,0.2605,80.4443,11.5329,0.6559,0.0,False,False
9,168,224357922,1,turn_left,0.0295,80.4737,11.5264,0.6396,0.0,False,False
9,169,394836670,1,turn_left,-0.1,80.3737,11.5262,0.661,0.0,False,False
9,170,394836670,1,turn_left,-0.1,80.2737,11.525,0.6469,0.0,False,False
9,171,555146084,3,forward_left,0.1545,80.4283,11.5148,0.663,0.0,False,False
9,172,851696946,3,forward_left,0.4366,80.8649,11.4905,0.6666,0.0,False,False
9,173,851696946,3,forward_left,0.2369,81.1018,11.4761,0.6714,0.0,False,False
9,174,851696946,3,forward_left,0.3479,81.4497,11.4562,0.6539,0.0,False,False
9,175,851696946,3,forward_left,0.3429,81.7926,11.4366,0.6448,0.0,False,False
9,176,851696946,3,forward_left,0.338,82.1305,11.4172,0.6357,0.0,False,False
9,177,851696946,3,forward_left,0.3327,82.4633,11.398,0.6329,0.0,False,False
9,178,2005065858,4,forward_right,0.2893,82.7526,11.3811,0.6271,0.0,False,False
9,179,2005065858,4,forward_right,0.3286,83.0812,11.3621,0.6036,0.0,False,False
9,180,851696946,3,forward_left,0.2998,83.381,11.3446,0.5908,0.0,False,False
9,181,851696946,3,forward_left,0.1955,83.5765,11.3324,0.5684,0.0,False,False
9,182,137084343,1,turn_left,0.1953,83.7718,11.3176,0.5802,0.0,False,False
9,183,2005065858,4,forward_right,0.0621,83.8339,11.312,0.593,0.0,False,False
9,184,2005065858,4,forward_right,0.2656,84.0995,11.2962,0.5988,0.0,False,False
9,185,2005065858,4,forward_right,0.327,84.4265,11.2774,0.5673,0.0,False,False
9,186,851696946,3,forward_left,0.2685,84.695,11.2614,0.5622,0.0,False,False
9,187,851696946,3,forward_left,0.3172,85.0122,11.2431,0.5652,0.0,False,False
9,188,2005065858,4,forward_right,0.2868,85.299,11.2262,0.5519,0.0,False,False
9,189,2005065858,4,forward_right,0.3117,85.6107,11.2082,0.5513,0.0,False,False
9,190,2005065858,4,forward_right,0.4065,86.0172,11.1853,0.5535,0.0,False,False
9,191,851696946,3,forward_left,0.1695,86.1868,11.1744,0.5369,0.0,False,False
9,192,935048204,4,forward_right,0.1905,86.3772,11.1623,0.5316,0.0,False,False
9,193,435714005,3,forward_left,0.2833,86.6605,11.1457,0.5374,0.0,False,False
9,194,435714005,3,forward_left,0.268,86.9285,11.1298,0.5364,0.0,False,False
9,195,435714005,3,forward_left,0.3335,87.2619,11.1106,0.535,0.0,False,False
9,196,704603121,3,forward_left,0.3249,87.5868,11.0919,0.553,0.0,False,False
9,197,2005065858,4,forward_right,0.2814,87.8682,11.0753,0.5626,0.0,False,False
9,198,2005065858,4,forward_right,0.3064,88.1746,11.0575,0.5658,0.0,False,False
9,199,2005065858,4,forward_right,0.3247,88.4993,11.0387,0.5669,0.0,False,False
9,200,851696946,3,forward_left,0.2922,88.7915,11.0216,0.5559,0.0,False,False
9,201,851696946,3,forward_left,0.1561,88.9476,11.0113,0.5618,0.0,False,False
9,202,2005065858,4,forward_right,0.2948,89.2424,10.9941,0.5664,0.0,False,False
9,203,2005065858,4,forward_right,0.2648,89.5072,10.9783,0.5475,0.0,False,False
9,204,435714005,3,forward_left,0.2899,89.7971,10.9613,0.558,0.0,False,False
9,205,851696946,3,forward_left,0.306,90.103,10.9435,0.5538,0.0,False,False
9,206,2005065858,4,forward_right,0.3019,90.4049,10.9259,0.5917,0.0,False,False
9,207,2005065858,4,forward_right,0.3015,90.7064,10.9084,0.6086,0.0,False,False
9,208,2005065858,4,forward_right,0.3319,91.0383,10.8893,0.6002,0.0,False,False
9,209,851696946,3,forward_left,0.3108,91.3491,10.8712,0.6002,0.0,False,False
9,210,851696946,3,forward_left,0.3113,91.6604,10.8532,0.6137,0.0,False,False
9,211,851696946,3,forward_left,0.3338,91.9942,10.834,0.6336,0.0,False,False
9,212,269267653,0,forward,0.3303,92.3245,10.815,0.663,0.0,False,False
9,213,269267653,0,forward,0.2716,92.5961,10.7989,0.6898,0.0,False,False
9,214,137084343,1,turn_left,0.3296,92.9258,10.7774,0.6983,0.0,False,False
9,215,269267653,0,forward,0.316,93.2418,10.7591,0.6892,0.0,False,False
9,216,269267653,0,forward,0.3807,93.6225,10.7376,0.6925,0.0,False,False
9,217,269267653,0,forward,0.4642,94.0868,10.7119,0.7273,0.0,False,False
9,218,269267653,0,forward,0.4638,94.5505,10.6862,0.7465,0.0,False,False
9,219,269267653,0,forward,0.4633,95.0138,10.6605,0.7764,0.0,False,False
9,220,269267653,0,forward,0.4629,95.4767,10.6349,0.7975,0.0,False,False
9,221,269267653,0,forward,0.4627,95.9395,10.6092,0.8098,0.0,False,False
9,222,269267653,0,forward,0.4359,96.3753,10.5849,0.8473,0.0,False,False
9,223,137084343,1,turn_left,0.1354,96.5107,10.5732,0.8452,0.0,False,False
9,224,269267653,0,forward,0.3064,96.8171,10.5553,0.8435,0.0,False,False
9,225,269267653,0,forward,0.3281,97.1452,10.5364,0.8607,0.0,False,False
9,226,269267653,0,forward,0.4482,97.5934,10.5115,0.8871,0.0,False,False
9,227,269267653,0,forward,0.447,98.0404,10.4867,0.9058,0.0,False,False
9,228,269267653,0,forward,0.4465,98.4869,10.4619,0.9161,0.0,False,False
9,229,269267653,0,forward,0.4459,98.9328,10.4371,0.9525,0.0,False,False
9,230,269267653,0,forward,0.4454,99.3781,10.4123,0.9563,0.0,False,False
9,231,269267653,0,forward,0.4449,99.823,10.3875,0.9935,0.0,False,False
9,232,269267653,0,forward,0.4446,100.2676,10.3628,1.0141,0.0,False,False
9,233,269267653,0,forward,0.3714,100.639,10.3417,0.9299,0.0,False,False
9,234,137084343,1,turn_left,0.1305,100.7695,10.3302,1.0425,0.0,False,False
9,235,269267653,0,forward,0.2496,101.0192,10.3152,1.0412,0.0,False,False
9,236,269267653,0,forward,0.3669,101.386,10.2944,1.0638,0.0,False,False
9,237,269267653,0,forward,0.4296,101.8156,10.2704,1.0726,0.0,False,False
9,238,269267653,0,forward,0.4285,102.2441,10.2465,1.0991,0.0,False,False
9,239,269267653,0,forward,0.4278,102.6719,10.2226,1.1168,0.0,False,False
9,240,909280383,2,turn_right,0.317,102.9889,10.2018,1.1609,0.0,False,False
9,241,909280383,2,turn_right,0.1696,103.1585,10.1883,1.0625,0.0,False,False
9,242,1873715732,4,forward_right,0.0625,103.2211,10.1826,1.1972,0.0,False,False
9,243,909280383,2,turn_right,0.1701,103.3912,10.1691,1.1708,0.0,False,False
9,244,909280383,2,turn_right,0.0045,103.3957,10.1639,1.1563,0.0,False,False
9,245,909280383,2,turn_right,-0.1,103.2957,10.1641,1.1183,0.0,False,False
9,246,909280383,2,turn_right,-0.1,103.1957,10.1644,1.0955,0.0,False,False
9,247,269267653,0,forward,0.0828,103.2785,10.1577,1.001,0.0,False,False
9,248,137084343,1,turn_left,0.0581,103.3366,10.1498,1.0608,0.0,False,False
9,249,1873715732,4,forward_right,0.2036,103.5402,10.1371,1.1057,0.0,False,False
9,250,909280383,2,turn_right,0.2084,103.7486,10.1217,1.0916,0.0,False,False
9,251,269267653,0,forward,0.1833,103.9318,10.1101,1.0858,0.0,False,False
9,252,909969137,0,forward,0.2891,104.2209,10.0931,1.1046,0.0,False,False
9,253,1548021558,0,forward,0.4053,104.6262,10.0704,1.0256,0.0,False,False
9,254,964610217,0,forward,0.4725,105.0987,10.0442,1.0075,0.0,False,False
9,255,224357922,1,turn_left,0.3945,105.4932,10.0195,1.1264,0.0,False,False
9,256,1548021558,0,forward,0.3725,105.8657,9.9984,1.075,0.0,False,False
9,257,1904234423,4,forward_right,0.38,106.2457,9.9769,0.9609,0.0,False,False
9,258,964610217,0,forward,0.5251,106.7708,9.9481,1.1326,0.0,False,False
9,259,1548021558,0,forward,0.3988,107.1696,9.9257,1.1428,0.0,False,False
9,260,1548021558,0,forward,0.5112,107.6808,9.8976,1.1331,0.0,False,False
9,261,1548021558,0,forward,0.5112,108.192,9.8696,1.1512,0.0,False,False
9,262,1548021558,0,forward,0.5094,108.7014,9.8416,1.1567,0.0,False,False
9,263,1548021558,0,forward,0.5108,109.2122,9.8135,1.1732,0.0,False,False
9,264,1548021558,0,forward,0.5105,109.7227,9.7855,1.1705,0.0,False,False
9,265,1548021558,0,forward,0.5103,110.233,9.7575,1.1887,0.0,False,False
9,266,1548021558,0,forward,0.51,110.743,9.7295,1.197,0.0,False,False
9,267,1548021558,0,forward,0.5098,111.2528,9.7015,1.2182,0.0,False,False
9,268,1548021558,0,forward,0.5098,111.7626,9.6735,1.2207,0.0,False,False
9,269,1548021558,0,forward,0.5103,112.2728,9.6455,1.0459,0.0,False,False
9,270,1904234423,4,forward_right,0.3186,112.5914,9.6271,1.1665,0.0,False,False
9,271,1548021558,0,forward,0.451,113.0424,9.602,1.2351,0.0,False,False
9,272,1548021558,0,forward,0.46,113.5023,9.5765,1.2443,0.0,False,False
9,273,1548021558,0,forward,0.5021,114.0044,9.5489,1.2581,0.0,False,False
9,274,1548021558,0,forward,0.5134,114.5178,9.5208,1.2613,0.0,False,False
9,275,1548021558,0,forward,0.5132,115.031,9.4926,1.2688,0.0,False,False
9,276,1548021558,0,forward,0.5129,115.5439,9.4645,1.2763,0.0,False,False
9,277,1548021558,0,forward,0.5127,116.0566,9.4363,1.2871,0.0,False,False
9,278,1548021558,0,forward,0.5124,116.569,9.4082,1.3091,0.0,False,False
9,279,1548021558,0,forward,0.5122,117.0812,9.3801,1.2917,0.0,False,False
9,280,1548021558,0,forward,0.5122,117.5935,9.352,1.3289,0.0,False,False
9,281,1548021558,0,forward,0.5129,118.1063,9.3238,1.0021,0.0,False,False
9,282,964610217,0,forward,0.3945,118.5008,9.3016,1.3286,0.0,False,False
9,283,1548021558,0,forward,0.5105,119.0113,9.2736,1.3374,0.0,False,False
9,284,1548021558,0,forward,0.4673,119.4786,9.2477,1.3467,0.0,False,False
9,285,1548021558,0,forward,0.511,119.9896,9.2197,1.3439,0.0,False,False
9,286,1548021558,0,forward,0.5105,120.5001,9.1917,1.3746,0.0,False,False
9,287,1548021558,0,forward,0.6223,121.1224,9.158,1.3723,0.0,False,False
9,288,1548021558,0,forward,0.398,121.5203,9.1356,1.3727,0.0,False,False
9,289,1548021558,0,forward,0.5097,122.0301,9.1077,1.3918,0.0,False,False
9,290,1548021558,0,forward,0.5096,122.5397,9.0797,1.4113,0.0,False,False
9,291,1548021558,0,forward,0.5099,123.0496,9.0517,1.1895,0.0,False,False
9,292,1548021558,0,forward,0.3702,123.4199,9.0307,0.9677,0.0,False,False
9,293,964610217,0,forward,0.5063,123.9262,9.0029,1.4268,0.0,False,False
9,294,1548021558,0,forward,0.4734,124.3996,8.9767,1.4301,0.0,False,False
9,295,1548021558,0,forward,0.4893,124.8889,8.9497,1.4467,0.0,False,False
9,296,1548021558,0,forward,0.5079,125.3968,8.9218,1.4562,0.0,False,False
9,297,1548021558,0,forward,0.5075,125.9043,8.8939,1.4576,0.0,False,False
9,298,1548021558,0,forward,0.5072,126.4115,8.8661,1.4615,0.0,False,False
9,299,1548021558,0,forward,0.507,126.9185,8.8382,1.488,0.0,False,False
9,300,1548021558,0,forward,0.5068,127.4252,8.8104,1.5014,0.0,False,False
9,301,1548021558,0,forward,0.5068,127.9321,8.7826,1.3874,0.0,False,False
9,302,1548021558,0,forward,0.4377,128.3697,8.7582,0.922,0.0,False,False
9,303,964610217,0,forward,0.4592,128.829,8.7327,1.5149,0.0,False,False
9,304,1548021558,0,forward,0.5052,129.3342,8.7049,1.528,0.0,False,False
9,305,1548021558,0,forward,0.4629,129.7971,8.6793,1.5377,0.0,False,False
9,306,1548021558,0,forward,0.5051,130.3021,8.6516,1.5402,0.0,False,False
9,307,1548021558,0,forward,0.5048,130.8069,8.6238,1.5559,0.0,False,False
9,308,1548021558,0,forward,0.5045,131.3114,8.5961,1.5694,0.0,False,False
9,309,1548021558,0,forward,0.6151,131.9265,8.5628,1.9499,0.0,False,False
9,310,1548021558,0,forward,0.3935,132.32,8.5407,1.2849,0.0,False,False
9,311,1548021558,0,forward,0.3971,132.7171,8.5183,0.9363,0.0,False,False
9,312,964610217,0,forward,0.4737,133.1908,8.4921,1.8781,0.0,False,False
9,313,1548021558,0,forward,0.5026,133.6934,8.4645,1.8411,0.0,False,False
9,314,1548021558,0,forward,0.4462,134.1396,8.4397,1.8262,0.0,False,False
9,315,1548021558,0,forward,0.5022,134.6417,8.4121,1.7984,0.0,False,False
9,316,1548021558,0,forward,0.502,135.1437,8.3845,1.7526,0.0,False,False
9,317,1548021558,0,forward,0.5016,135.6453,8.3569,1.7378,0.0,False,False
9,318,1548021558,0,forward,0.5013,136.1466,8.3293,1.705,0.0,False,False
9,319,1548021558,0,forward,0.501,136.6476,8.3018,1.668,0.0,False,False
9,320,1548021558,0,forward,0.5008,137.1484,8.2742,1.6076,0.0,False,False
9,321,1548021558,0,forward,0.501,137.6494,8.2467,1.1037,0.0,False,False
9,322,1548021558,0,forward,0.3637,138.0131,8.226,1.1031,0.0,False,False
9,323,1548021558,0,forward,0.4982,138.5112,8.1986,1.5655,0.0,False,False
9,324,1548021558,0,forward,0.4477,138.9589,8.1737,1.5441,0.0,False,False
9,325,1548021558,0,forward,0.496,139.455,8.1464,1.5068,0.0,False,False
9,326,1548021558,0,forward,0.4989,139.9538,8.119,1.4865,0.0,False,False
9,327,1548021558,0,forward,0.4985,140.4524,8.0915,1.4407,0.0,False,False
9,328,1548021558,0,forward,0.4981,140.9505,8.0641,1.4259,0.0,False,False
9,329,1548021558,0,forward,0.4977,141.4482,8.0367,1.3952,0.0,False,False
9,330,1548021558,0,forward,0.6069,142.0551,8.0039,1.3514,0.0,False,False
9,331,1548021558,0,forward,0.3878,142.4429,7.982,1.3207,0.0,False,False
9,332,926291406,4,forward_right,0.4397,142.8825,7.9575,0.9453,0.0,False,False
9,333,1309443777,2,turn_right,0.1637,143.0463,7.9443,1.2877,0.0,False,False
9,334,926291406,4,forward_right,0.3446,143.3909,7.9246,1.2757,0.0,False,False
9,335,926291406,4,forward_right,0.26,143.6508,7.9091,1.2623,0.0,False,False
9,336,926291406,4,forward_right,0.3419,143.9928,7.8895,1.2463,0.0,False,False
9,337,926291406,4,forward_right,0.3462,144.339,7.8697,1.2083,0.0,False,False
9,338,926291406,4,forward_right,0.3502,144.6892,7.8497,1.194,0.0,False,False
9,339,926291406,4,forward_right,0.3537,145.0429,7.8295,1.1628,0.0,False,False
9,340,926291406,4,forward_right,0.3569,145.3998,7.8092,1.1373,0.0,False,False
9,341,926291406,4,forward_right,0.3598,145.7596,7.7887,1.1146,0.0,False,False
9,342,926291406,4,forward_right,0.363,146.1226,7.768,0.9868,0.0,False,False
9,343,1309443777,2,turn_right,0.2281,146.3507,7.7516,1.0678,0.0,False,False
9,344,1166997565,3,forward_left,0.2517,146.6024,7.7365,1.0499,0.0,False,False
9,345,1166997565,3,forward_left,0.3413,146.9437,7.717,1.0307,0.0,False,False
9,346,1166997565,3,forward_left,0.3661,147.3098,7.6962,1.0044,0.0,False,False
9,347,1166997565,3,forward_left,0.3424,147.6522,7.6765,0.9931,0.0,False,False
9,348,1309443777,2,turn_right,0.1216,147.7737,7.6655,0.9738,0.0,False,False
9,349,1309443777,2,turn_right,-0.1,147.6737,7.6655,0.9698,0.0,False,False
9,350,1309443777,2,turn_right,-0.1,147.5737,7.6654,0.9725,0.0,False,False
9,351,1309443777,2,turn_right,-0.1,147.4737,7.6658,0.9578,0.0,False,False
9,352,1309443777,2,turn_right,-0.1,147.3737,7.6658,0.9677,0.0,False,False
9,353,1309443777,2,turn_right,-0.1,147.2737,7.6658,0.9644,0.0,False,False
9,354,1309443777,2,turn_right,-0.1,147.1737,7.6656,0.9612,0.0,False,False
9,355,1309443777,2,turn_right,-0.1,147.0737,7.6654,0.9656,0.0,False,False
9,356,1309443777,2,turn_right,-0.1,146.9737,7.6651,0.9643,0.0,False,False
9,357,1309443777,2,turn_right,-0.1,146.8737,7.6647,0.9629,0.0,False,False
9,358,1406925816,4,forward_right,0.1352,147.0089,7.6554,1.0213,0.0,False,False
9,359,477319172,1,turn_left,0.027,147.0359,7.6491,1.0056,0.0,False,False
9,360,477319172,1,turn_left,-0.1,146.9359,7.6495,0.9598,0.0,False,False
9,361,1309443777,2,turn_right,0.0029,146.9388,7.6443,0.9803,0.0,False,False
9,362,1309443777,2,turn_right,-0.1,146.8388,7.6433,0.9642,0.0,False,False
9,363,1406925816,4,forward_right,0.0948,146.9336,7.6361,1.0097,0.0,False,False
9,364,852361810,0,forward,0.2917,147.2253,7.619,0.9888,0.0,False,False
9,365,852361810,0,forward,0.3809,147.6063,7.5975,0.9779,0.0,False,False
9,366,852361810,0,forward,0.4332,148.0395,7.5733,0.9745,0.0,False,False
9,367,852361810,0,forward,0.466,148.5055,7.5475,0.9462,0.0,False,False
9,368,852361810,0,forward,0.4649,148.9705,7.5218,0.9347,0.0,False,False
9,369,852361810,0,forward,0.4643,149.4348,7.496,0.9097,0.0,False,False
9,370,852361810,0,forward,0.4636,149.8984,7.4704,0.9054,0.0,False,False
9,371,852361810,0,forward,0.463,150.3614,7.4447,0.868,0.0,False,False
9,372,852361810,0,forward,0.5649,150.9262,7.414,0.8449,0.0,False,False
9,373,852361810,0,forward,0.3597,151.2859,7.3935,0.8298,0.0,False,False
9,374,852361810,0,forward,0.3329,151.6188,7.3743,0.8224,0.0,False,False
9,375,57431672,0,forward,0.2897,151.9085,7.3574,0.8187,0.0,False,False
9,376,852361810,0,forward,0.2931,152.2016,7.3402,0.8108,0.0,False,False
9,377,852361810,0,forward,0.4576,152.6592,7.3148,0.8117,0.0,False,False
9,378,852361810,0,forward,0.4579,153.1171,7.2894,0.7804,0.0,False,False
9,379,852361810,0,forward,0.4572,153.5743,7.2641,0.7697,0.0,False,False
9,380,852361810,0,forward,0.4565,154.0308,7.2387,0.7539,0.0,False,False
9,381,852361810,0,forward,0.4557,154.4865,7.2135,0.7519,0.0,False,False
9,382,852361810,0,forward,0.4551,154.9416,7.1882,0.7236,0.0,False,False
9,383,1440968876,0,forward,0.4548,155.3964,7.163,0.7146,0.0,False,False
9,384,1440968876,0,forward,0.2788,155.6753,7.1465,0.7233,0.0,False,False
9,385,57431672,0,forward,0.3322,156.0075,7.1274,0.7157,0.0,False,False
9,386,1440968876,0,forward,0.2871,156.2946,7.1106,0.7235,0.0,False,False
9,387,1440968876,0,forward,0.4508,156.7454,7.0855,0.7146,0.0,False,False
9,388,1440968876,0,forward,0.4505,157.1959,7.0605,0.714,0.0,False,False
9,389,1440968876,0,forward,0.4497,157.6456,7.0355,0.7143,0.0,False,False
9,390,1440968876,0,forward,0.4489,158.0945,7.0106,0.7062,0.0,False,False
9,391,1440968876,0,forward,0.4481,158.5426,6.9857,0.7028,0.0,False,False
9,392,1440968876,0,forward,0.4476,158.9902,6.9608,0.7051,0.0,False,False
9,393,1440968876,0,forward,0.4098,159.4,6.9378,0.7136,0.0,False,False
9,394,57431672,0,forward,0.1799,159.5799,6.9263,0.7166,0.0,False,False
9,395,1440968876,0,forward,0.3112,159.8911,6.9082,0.7171,0.0,False,False
9,396,1440968876,0,forward,0.4187,160.3098,6.8848,0.7121,0.0,False,False
9,397,1440968876,0,forward,0.4429,160.7527,6.8601,0.7268,0.0,False,False
9,398,1440968876,0,forward,0.4423,161.195,6.8355,0.7444,0.0,False,False
9,399,1440968876,0,forward,0.4414,161.6364,6.811,0.7552,0.0,False,False
9,400,1440968876,0,forward,0.4406,162.077,6.7864,0.7969,0.0,False,False
9,401,1440968876,0,forward,0.44,162.517,6.7619,0.8167,0.0,False,False
9,402,1440968876,0,forward,0.3393,162.8563,6.7425,0.8326,0.0,False,False
9,403,57431672,0,forward,0.2527,163.1091,6.7273,0.8414,0.0,False,False
9,404,1440968876,0,forward,0.2789,163.388,6.7109,0.8426,0.0,False,False
9,405,1440968876,0,forward,0.4308,163.8188,6.6868,0.8594,0.0,False,False
9,406,1440968876,0,forward,0.435,164.2538,6.6626,0.8857,0.0,False,False
9,407,1440968876,0,forward,0.434,164.6878,6.6384,0.9114,0.0,False,False
9,408,1440968876,0,forward,0.4331,165.1208,6.6142,0.9352,0.0,False,False
9,409,1440968876,0,forward,0.4322,165.553,6.5901,0.96,0.0,False,False
9,410,1440968876,0,forward,0.4315,165.9845,6.5661,0.9806,0.0,False,False
9,411,1440968876,0,forward,0.3076,166.2922,6.5482,0.9152,0.0,False,False
9,412,57431672,0,forward,0.2646,166.5568,6.5324,0.9152,0.0,False,False
9,413,57431672,0,forward,0.2604,166.8172,6.5169,0.9854,0.0,False,False
9,414,1440968876,0,forward,0.4217,167.2388,6.4933,1.0115,0.0,False,False
9,415,1440968876,0,forward,0.4278,167.6666,6.4695,1.0304,0.0,False,False
9,416,1440968876,0,forward,0.4268,168.0934,6.4456,1.0754,0.0,False,False
9,417,1440968876,0,forward,0.4257,168.5191,6.4218,1.0874,0.0,False,False
9,418,1440968876,0,forward,0.4247,168.9438,6.3981,1.0874,0.0,False,False
9,419,1440968876,0,forward,0.4236,169.3674,6.3744,1.1144,0.0,False,False
9,420,828879,1,turn_left,0.3606,169.728,6.3514,1.1749,0.0,False,False
9,421,828879,1,turn_left,0.2729,170.0009,6.3327,0.9383,0.0,False,False
9,422,1406925816,4,forward_right,0.0698,170.0706,6.3268,0.9383,0.0,False,False
9,423,1406925816,4,forward_right,0.2681,170.3388,6.3108,1.2051,0.0,False,False
9,424,828879,1,turn_left,0.0202,170.3589,6.3048,1.2253,0.0,False,False
9,425,828879,1,turn_left,-0.1,170.2589,6.3056,1.2253,0.0,False,False
9,426,828879,1,turn_left,-0.1,170.1589,6.3062,0.9483,0.0,False,False
9,427,1406925816,4,forward_right,0.1335,170.2924,6.297,1.1486,0.0,False,False
9,428,828879,1,turn_left,0.0561,170.3485,6.2892,1.1486,0.0,False,False
9,429,828879,1,turn_left,-0.1,170.2485,6.2894,1.0883,0.0,False,False
9,430,1440968876,0,forward,0.2173,170.4658,6.2761,1.0883,0.0,False,False
9,431,1440968876,0,forward,0.3619,170.8277,6.2555,1.0938,0.0,False,False
9,432,1440968876,0,forward,0.4838,171.3116,6.2288,1.104,0.0,False,False
9,433,828879,1,turn_left,0.3652,171.6768,6.2055,1.1367,0.0,False,False
9,434,828879,1,turn_left,0.2017,171.8785,6.1904,1.1367,0.0,False,False
9,435,828879,1,turn_left,-0.1,171.7785,6.1904,1.166,0.0,False,False
9,436,828879,1,turn_left,-0.1,171.6785,6.1904,1.1241,0.0,False,False
9,437,926291406,4,forward_right,0.2209,171.8995,6.1769,1.1288,0.0,False,False
9,438,926291406,4,forward_right,0.3373,172.2368,6.1575,1.1288,0.0,False,False
9,439,926291406,4,forward_right,0.2754,172.5122,6.1412,1.1222,0.0,False,False
9,440,828879,1,turn_left,0.0684,172.5806,6.1328,1.1458,0.0,False,False
9,441,926291406,4,forward_right,0.143,172.7235,6.1232,1.1458,0.0,False,False
9,442,926291406,4,forward_right,0.3335,173.0571,6.104,1.1647,0.0,False,False
9,443,828879,1,turn_left,0.1462,173.2032,6.0917,1.1853,0.0,False,False
9,444,828879,1,turn_left,-0.1,173.1032,6.0922,0.9318,0.0,False,False
9,445,1309443777,2,turn_right,0.0473,173.1506,6.0849,1.1717,0.0,False,False
9,446,926291406,4,forward_right,0.2116,173.3622,6.0718,1.1664,0.0,False,False
9,447,926291406,4,forward_right,0.2615,173.6236,6.0562,1.1742,0.0,False,False
9,448,828879,1,turn_left,0.1552,173.7789,6.0435,1.188,0.0,False,False
9,449,926291406,4,forward_right,0.1479,173.9267,6.0336,1.188,0.0,False,False
9,450,926291406,4,forward_right,0.333,174.2598,6.0144,1.2226,0.0,False,False
9,451,828879,1,turn_left,0.1538,174.4136,6.0017,1.2226,0.0,False,False
9,452,828879,1,turn_left,-0.1,174.3136,6.0021,0.9266,0.0,False,False
9,453,1309443777,2,turn_right,0.0697,174.3832,5.9937,1.1149,0.0,False,False
9,454,926291406,4,forward_right,0.2339,174.6171,5.9795,1.2065,0.0,False,False
9,455,828879,1,turn_left,0.0852,174.7024,5.9702,1.2293,0.0,False,False
9,456,926291406,4,forward_right,0.1193,174.8217,5.9617,1.2035,0.0,False,False
9,457,926291406,4,forward_right,0.3307,175.1524,5.9427,1.2035,0.0,False,False
9,458,926291406,4,forward_right,0.2539,175.4063,5.9275,1.2323,0.0,False,False
9,459,828879,1,turn_left,0.2384,175.6447,5.9106,1.2595,0.0,False,False
9,460,828879,1,turn_left,-0.1,175.5447,5.9106,1.1571,0.0,False,False
9,461,926291406,4,forward_right,0.0367,175.5814,5.9063,1.2416,0.0,False,False
9,462,926291406,4,forward_right,0.3387,175.9201,5.8869,1.2416,0.0,False,False
9,463,926291406,4,forward_right,0.2764,176.1965,5.8705,1.2505,0.0,False,False
9,464,926291406,4,forward_right,0.328,176.5245,5.8516,1.2595,0.0,False,False
9,465,828879,1,turn_left,0.0848,176.6093,5.8424,1.2839,0.0,False,False
9,466,828879,1,turn_left,-0.1,176.5093,5.8426,1.2828,0.0,False,False
9,467,926291406,4,forward_right,0.0964,176.6057,5.8353,0.9776,0.0,False,False
9,468,926291406,4,forward_right,0.3363,176.942,5.816,1.2698,0.0,False,False
9,469,926291406,4,forward_right,0.2879,177.2299,5.7991,1.2869,0.0,False,False
9,470,828879,1,turn_left,0.166,177.3959,5.7858,1.3063,0.0,False,False
9,471,828879,1,turn_left,-0.1,177.2959,5.7857,1.2903,0.0,False,False
9,472,926291406,4,forward_right,0.1488,177.4448,5.7757,1.2797,0.0,False,False
9,473,926291406,4,forward_right,0.2816,177.7264,5.7592,0.9387,0.0,False,False
9,474,1309443777,2,turn_right,0.2626,177.989,5.741,1.3075,0.0,False,False
9,475,926291406,4,forward_right,0.2536,178.2426,5.7259,1.3075,0.0,False,False
9,476,828879,1,turn_left,0.2152,178.4579,5.7101,1.3367,0.0,False,False
9,477,828879,1,turn_left,-0.1,178.3579,5.71,1.3464,0.0,False,False
9,478,926291406,4,forward_right,0.1456,178.5034,5.7003,1.2157,0.0,False,False
9,479,926291406,4,forward_right,0.2947,178.7982,5.683,0.9793,0.0,False,False
9,480,1309443777,2,turn_right,0.2443,179.0425,5.6658,1.2358,0.0,False,False
9,481,828879,1,turn_left,0.1378,179.1803,5.6539,1.3535,0.0,False,False
9,482,828879,1,turn_left,-0.1,179.0803,5.6539,1.321,0.0,False,False
9,483,926291406,4,forward_right,0.1349,179.2152,5.6446,0.9754,0.0,False,False
9,484,1309443777,2,turn_right,0.2105,179.4257,5.6291,1.3407,0.0,False,False
9,485,926291406,4,forward_right,0.1838,179.6094,5.6174,1.3424,0.0,False,False
9,486,926291406,4,forward_right,0.3317,179.9412,5.5983,1.3616,0.0,False,False
9,487,828879,1,turn_left,0.1279,180.069,5.5869,1.3722,0.0,False,False
9,488,828879,1,turn_left,-0.1,179.969,5.5871,1.3487,0.0,False,False
9,489,926291406,4,forward_right,0.1467,180.1158,5.5773,1.3487,0.0,False,False
9,490,926291406,4,forward_right,0.3438,180.4595,5.5576,1.3555,0.0,False,False
9,491,926291406,4,forward_right,0.3394,180.7989,5.5382,1.3392,0.0,False,False
9,492,926291406,4,forward_right,0.2456,181.0445,5.5234,1.0578,0.0,False,False
9,493,587486767,5,stop,0.2438,181.2883,5.5087,1.2412,0.0,False,False
9,494,828879,1,turn_left,0.0807,181.3691,5.4996,1.4045,0.0,False,False
9,495,828879,1,turn_left,-0.0499,181.3191,5.4971,1.4057,0.0,False,False
9,496,926291406,4,forward_right,0.1365,181.4556,5.4878,1.3857,0.0,False,False
9,497,926291406,4,forward_right,0.3364,181.792,5.4685,1.3843,0.0,False,False
9,498,926291406,4,forward_right,0.3235,182.1156,5.4498,1.4023,0.0,False,False
9,499,828879,1,turn_left,0.1058,182.2213,5.4395,1.417,0.0,False,False
9,500,926291406,4,forward_right,0.0571,182.2785,5.4342,1.4204,0.0,False,False
9,501,926291406,4,forward_right,0.3369,182.6153,5.4148,1.4228,0.0,False,False
9,502,828879,1,turn_left,0.029,182.6443,5.4084,1.1649,0.0,False,False
9,503,926291406,4,forward_right,0.1226,182.7669,5.3998,1.0365,0.0,False,False
9,504,1166997565,3,forward_left,0.2525,183.0194,5.3846,1.4392,0.0,False,False
9,505,926291406,4,forward_right,0.2444,183.2639,5.3699,1.4243,0.0,False,False
9,506,926291406,4,forward_right,0.2834,183.5472,5.3532,1.427,0.0,False,False
9,507,926291406,4,forward_right,0.3339,183.8811,5.334,1.4322,0.0,False,False
9,508,926291406,4,forward_right,0.3279,184.209,5.3151,1.4675,0.0,False,False
9,509,828879,1,turn_left,0.1258,184.3348,5.3039,1.4881,0.0,False,False
9,510,828879,1,turn_left,-0.1,184.2348,5.3041,1.4649,0.0,False,False
9,511,926291406,4,forward_right,0.0914,184.3262,5.297,0.9529,0.0,False,False
9,512,1309443777,2,turn_right,0.1892,184.5154,5.2826,1.4686,0.0,False,False
9,513,926291406,4,forward_right,0.2012,184.7166,5.27,1.4526,0.0,False,False
9,514,926291406,4,forward_right,0.2661,184.9827,5.2542,1.4626,0.0,False,False
9,515,828879,1,turn_left,0.2008,185.1835,5.2392,1.4955,0.0,False,False
9,516,828879,1,turn_left,-0.1,185.0835,5.2394,1.4754,0.0,False,False
9,517,926291406,4,forward_right,0.1044,185.1879,5.2317,1.184,0.0,False,False
9,518,926291406,4,forward_right,0.3331,185.521,5.2125,1.1172,0.0,False,False
9,519,926291406,4,forward_right,0.3367,185.8576,5.1932,1.4944,0.0,False,False
9,520,926291406,4,forward_right,0.33,186.1877,5.1742,1.5079,0.0,False,False
9,521,828879,1,turn_left,0.0599,186.2475,5.1662,1.5218,0.0,False,False
9,522,828879,1,turn_left,-0.1,186.1475,5.1664,1.4995,0.0,False,False
9,523,926291406,4,forward_right,0.148,186.2956,5.1565,1.4715,0.0,False,False
9,524,926291406,4,forward_right,0.3451,186.6406,5.1367,1.4944,0.0,False,False
9,525,926291406,4,forward_right,0.3405,186.9811,5.1172,1.4977,0.0,False,False
9,526,926291406,4,forward_right,0.3363,187.3175,5.0979,1.2189,0.0,False,False
9,527,828879,1,turn_left,-0.0163,187.3011,5.0937,0.9353,0.0,False,False
9,528,1309443777,2,turn_right,0.045,187.3462,5.0864,1.1513,0.0,False,False
9,529,926291406,4,forward_right,0.1876,187.5337,5.0746,1.5223,0.0,False,False
9,530,926291406,4,forward_right,0.2924,187.8261,5.0574,1.5246,0.0,False,False
9,531,828879,1,turn_left,0.109,187.9351,5.047,1.5449,0.0,False,False
9,532,828879,1,turn_left,-0.1,187.8351,5.0472,1.5375,0.0,False,False
9,533,926291406,4,forward_right,0.1176,187.9527,5.0388,1.1846,0.0,False,False
9,534,926291406,4,forward_right,0.3262,188.2789,5.02,1.0929,0.0,False,False
9,535,1166997565,3,forward_left,0.3119,188.5908,5.0019,1.5275,0.0,False,False
9,536,926291406,4,forward_right,0.2932,188.884,4.9847,1.5506,0.0,False,False
9,537,926291406,4,forward_right,0.3176,189.2016,4.9663,1.5387,0.0,False,False
9,538,926291406,4,forward_right,0.322,189.5235,4.9478,1.5706,0.0,False,False
9,539,828879,1,turn_left,0.1408,189.6643,4.9357,1.5842,0.0,False,False
9,540,828879,1,turn_left,-0.1,189.5643,4.9359,1.5655,0.0,False,False
9,541,926291406,4,forward_right,0.0586,189.6229,4.9305,1.0346,0.0,False,False
9,542,1166997565,3,forward_left,0.3144,189.9374,4.9123,1.5156,0.0,False,False
9,543,926291406,4,forward_right,0.2901,190.2275,4.8953,1.5552,0.0,False,False
9,544,926291406,4,forward_right,0.3012,190.5287,4.8777,1.5766,0.0,False,False
9,545,926291406,4,forward_right,0.3317,190.8604,4.8586,1.5862,0.0,False,False
9,546,828879,1,turn_left,0.1995,191.0599,4.8436,1.5984,0.0,False,False
9,547,828879,1,turn_left,-0.1,190.9599,4.8439,1.6135,0.0,False,False
9,548,926291406,4,forward_right,0.0239,190.9839,4.8402,1.1123,0.0,False,False
9,549,926291406,4,forward_right,0.3414,191.3252,4.8206,1.458,0.0,False,False
9,550,926291406,4,forward_right,0.2868,191.612,4.8038,1.6,0.0,False,False
9,551,926291406,4,forward_right,0.3291,191.9411,4.7848,1.6168,0.0,False,False
9,552,828879,1,turn_left,0.0599,192.001,4.7768,1.6377,0.0,False,False
9,553,828879,1,turn_left,-0.1,191.901,4.777,1.6339,0.0,False,False
9,554,926291406,4,forward_right,0.0814,191.9824,4.7705,0.9476,0.0,False,False
9,555,1309443777,2,turn_right,0.2254,192.2078,4.7542,1.6098,0.0,False,False
9,556,926291406,4,forward_right,0.2143,192.4221,4.741,1.6189,0.0,False,False
9,557,926291406,4,forward_right,0.2409,192.663,4.7264,1.6215,0.0,False,False
9,558,926291406,4,forward_right,0.331,192.994,4.7074,1.6375,0.0,False,False
9,559,828879,1,turn_left,0.1368,193.1308,4.6955,1.6514,0.0,False,False
9,560,828879,1,turn_left,-0.1,193.0308,4.6957,1.6491,0.0,False,False
9,561,926291406,4,forward_right,0.0232,193.054,4.6921,1.0488,0.0,False,False
9,562,1166997565,3,forward_left,0.3022,193.3562,4.6745,1.3526,0.0,False,False
9,563,926291406,4,forward_right,0.2903,193.6465,4.6575,1.6371,0.0,False,False
9,564,926291406,4,forward_right,0.2997,193.9463,4.64,1.6291,0.0,False,False
9,565,926291406,4,forward_right,0.3376,194.2839,4.6206,1.652,0.0,False,False
9,566,926291406,4,forward_right,0.3321,194.616,4.6015,1.6634,0.0,False,False
9,567,828879,1,turn_left,0.137,194.753,4.5896,1.6717,0.0,False,False
9,568,828879,1,turn_left,-0.1,194.653,4.5899,1.6749,0.0,False,False
9,569,926291406,4,forward_right,0.1024,194.7554,4.5822,0.9353,0.0,False,False
9,570,1309443777,2,turn_right,0.2434,194.9988,4.5651,1.6721,0.0,False,False
9,571,926291406,4,forward_right,0.1775,195.1763,4.5537,1.6773,0.0,False,False
9,572,926291406,4,forward_right,0.306,195.4823,4.5359,1.6852,0.0,False,False
9,573,828879,1,turn_left,0.1453,195.6277,4.5236,1.6895,0.0,False,False
9,574,926291406,4,forward_right,0.0659,195.6935,4.5178,1.7016,0.0,False,False
9,575,926291406,4,forward_right,0.2594,195.953,4.5024,1.5751,0.0,False,False
9,576,926291406,4,forward_right,0.3717,196.3247,4.4813,1.1738,0.0,False,False
9,577,828879,1,turn_left,0.1608,196.4855,4.4682,1.0143,0.0,False,False
9,578,587486767,5,stop,0.0998,196.5852,4.4607,1.5453,0.0,False,False
9,579,828879,1,turn_left,0.1265,196.7117,4.4494,2.3268,0.0,False,False
9,580,828879,1,turn_left,0.0077,196.7193,4.444,3.3619,0.0,False,False
9,581,828879,1,turn_left,-0.1,196.6193,4.4443,2.329,0.0,False,False
9,582,926291406,4,forward_right,0.1447,196.764,4.4345,1.4748,0.0,False,False
9,583,926291406,4,forward_right,0.344,197.1081,4.4148,1.4543,0.0,False,False
9,584,926291406,4,forward_right,0.3392,197.4473,4.3954,1.4501,0.0,False,False
9,585,926291406,4,forward_right,0.3346,197.7819,4.3761,1.2436,0.0,False,False
9,586,828879,1,turn_left,0.073,197.8549,4.3675,0.9605,0.0,False,False
9,587,1406925816,4,forward_right,0.1321,197.9871,4.3584,0.9831,0.0,False,False
9,588,1309443777,2,turn_right,0.1294,198.1165,4.3469,1.4045,0.0,False,False
9,589,828879,1,turn_left,-0.0114,198.1051,4.3425,1.2618,0.0,False,False
9,590,828879,1,turn_left,-0.1,198.0051,4.3424,0.9509,0.0,False,False
9,591,1309443777,2,turn_right,-0.0042,198.001,4.3376,1.0032,0.0,False,False
9,592,1889449069,4,forward_right,0.1082,198.1092,4.3297,0.9728,0.0,False,False
9,593,1406925816,4,forward_right,0.327,198.4362,4.3108,1.2929,0.0,False,False
9,594,828879,1,turn_left,0.1274,198.5636,4.2994,1.9943,0.0,False,False
9,595,828879,1,turn_left,-0.1,198.4636,4.2997,1.5013,0.0,False,False
9,596,926291406,4,forward_right,0.1918,198.6554,4.2876,0.9612,0.0,False,False
9,597,1309443777,2,turn_right,0.206,198.8614,4.2723,1.7447,0.0,False,False
9,598,926291406,4,forward_right,0.1028,198.9642,4.2647,2.0652,0.0,False,False
9,599,828879,1,turn_left,0.1315,199.0957,4.2531,2.7854,0.0,False,False
9,600,828879,1,turn_left,-0.1,198.9957,4.2534,2.1139,0.0,False,False
9,601,926291406,4,forward_right,0.1484,199.1441,4.2435,1.1731,0.0,False,False
9,602,926291406,4,forward_right,0.3433,199.4874,4.2238,1.0793,0.0,False,False
9,603,1166997565,3,forward_left,0.2746,199.7621,4.2076,0.9558,0.0,False,False
9,604,1309443777,2,turn_right,0.0504,199.8125,4.2001,1.2224,0.0,False,False
9,605,828879,1,turn_left,0.0634,199.8758,4.1919,0.9613,0.0,False,False
9,606,1406925816,4,forward_right,0.2551,200.1309,4.1767,1.3749,0.0,False,False
9,607,828879,1,turn_left,0.1145,200.2453,4.1659,2.7657,0.0,False,False
9,608,828879,1,turn_left,-0.1,200.1453,4.166,2.5714,0.0,False,False
9,609,926291406,4,forward_right,0.138,200.2834,4.1566,1.6969,0.0,False,False
9,610,926291406,4,forward_right,0.3401,200.6235,4.1371,1.9453,0.0,False,False
9,611,926291406,4,forward_right,0.3344,200.9579,4.1179,2.2998,0.0,False,False
9,612,828879,1,turn_left,0.1179,201.0757,4.107,2.3637,0.0,False,False
9,613,926291406,4,forward_right,0.1207,201.1964,4.0985,1.1523,0.0,False,False
9,614,926291406,4,forward_right,0.3204,201.5168,4.08,1.0424,0.0,False,False
9,615,587486767,5,stop,0.2192,201.736,4.0665,1.4687,0.0,False,False
9,616,828879,1,turn_left,0.0129,201.7489,4.0608,1.2931,0.0,False,False
9,617,926291406,4,forward_right,0.1119,201.8609,4.0527,0.9599,0.0,False,False
9,618,1309443777,2,turn_right,0.1413,202.0021,4.0407,1.7733,0.0,False,False
9,619,926291406,4,forward_right,0.0879,202.0901,4.0338,2.8326,0.0,False,False
9,620,926291406,4,forward_right,0.2633,202.3534,4.0181,3.6598,0.0,False,False
9,621,926291406,4,forward_right,0.2963,202.6498,4.0008,3.6336,0.0,False,False
9,622,828879,1,turn_left,0.1067,202.7565,3.9905,3.6436,0.0,False,False
9,623,828879,1,turn_left,-0.1,202.6565,3.9907,2.6214,0.0,False,False
9,624,926291406,4,forward_right,0.0394,202.6959,3.9862,1.0373,0.0,False,False
9,625,1166997565,3,forward_left,0.2996,202.9955,3.9688,1.4205,0.0,False,False
9,626,926291406,4,forward_right,0.2509,203.2464,3.9537,3.0148,0.0,False,False
9,627,926291406,4,forward_right,0.2932,203.5396,3.9366,3.6364,0.0,False,False
9,628,926291406,4,forward_right,0.3442,203.8838,3.9168,3.6376,0.0,False,False
9,629,926291406,4,forward_right,0.3387,204.2225,3.8974,3.6034,0.0,False,False
9,630,926291406,4,forward_right,0.3332,204.5557,3.8782,3.5844,0.0,False,False
9,631,828879,1,turn_left,0.135,204.6907,3.8665,3.5565,0.0,False,False
9,632,926291406,4,forward_right,0.2221,204.9128,3.8529,2.0035,0.0,False,False
9,633,926291406,4,forward_right,0.3316,205.2444,3.8338,1.4652,0.0,False,False
9,634,828879,1,turn_left,0.0951,205.3395,3.8241,0.9837,0.0,False,False
9,635,1406925816,4,forward_right,0.1451,205.4846,3.8143,1.1541,0.0,False,False
9,636,828879,1,turn_left,0.1336,205.6182,3.8026,3.5498,0.0,False,False
9,637,828879,1,turn_left,-0.1,205.5182,3.8026,3.5513,0.0,False,False
9,638,926291406,4,forward_right,0.1042,205.6223,3.7949,3.5551,0.0,False,False
9,639,926291406,4,forward_right,0.3419,205.9642,3.7753,3.5665,0.0,False,False
9,640,926291406,4,forward_right,0.3361,206.3003,3.756,3.5515,0.0,False,False
9,641,926291406,4,forward_right,0.3304,206.6307,3.737,3.5288,0.0,False,False
9,642,828879,1,turn_left,0.0567,206.6874,3.7292,3.5254,0.0,False,False
9,643,926291406,4,forward_right,0.2991,206.9865,3.7117,1.5407,0.0,False,False
9,644,828879,1,turn_left,0.0546,207.0411,3.704,1.1465,0.0,False,False
9,645,828879,1,turn_left,-0.1,206.9411,3.7041,1.044,0.0,False,False
9,646,1166997565,3,forward_left,0.1856,207.1267,3.6923,1.2105,0.0,False,False
9,647,926291406,4,forward_right,0.3085,207.4352,3.6744,2.2512,0.0,False,False
9,648,926291406,4,forward_right,0.343,207.7782,3.6547,3.525,0.0,False,False
9,649,926291406,4,forward_right,0.316,208.0942,3.6364,3.5029,0.0,False,False
9,650,926291406,4,forward_right,0.3312,208.4254,3.6174,3.51,0.0,False,False
9,651,828879,1,turn_left,0.1347,208.5601,3.6056,3.4947,0.0,False,False
9,652,828879,1,turn_left,-0.1,208.4601,3.6058,2.2969,0.0,False,False
9,653,926291406,4,forward_right,0.0752,208.5353,3.5995,0.9455,0.0,False,False
9,654,1309443777,2,turn_right,0.2119,208.7472,3.5839,1.6804,0.0,False,False
9,655,926291406,4,forward_right,0.1844,208.9317,3.5722,2.5908,0.0,False,False
9,656,926291406,4,forward_right,0.2326,209.1643,3.558,3.4664,0.0,False,False
9,657,828879,1,turn_left,0.1365,209.3008,3.5462,3.467,0.0,False,False
9,658,926291406,4,forward_right,0.1444,209.4452,3.5365,2.8028,0.0,False,False
9,659,926291406,4,forward_right,0.3337,209.7789,3.5173,2.0186,0.0,False,False
9,660,828879,1,turn_left,0.1323,209.9113,3.5057,1.5283,0.0,False,False
9,661,828879,1,turn_left,-0.1,209.8113,3.5061,0.9354,0.0,False,False
9,662,1309443777,2,turn_right,0.0311,209.8424,3.4995,1.3393,0.0,False,False
9,663,2095099663,0,forward,0.1368,209.9792,3.4902,2.9676,0.0,False,False
9,664,2095099663,0,forward,0.2468,210.226,3.4753,3.467,0.0,False,False
9,665,2095099663,0,forward,0.4036,210.6296,3.4527,3.4513,0.0,False,False
9,666,2095099663,0,forward,0.4942,211.1239,3.4254,3.4501,0.0,False,False
9,667,2095099663,0,forward,0.4937,211.6175,3.3983,3.4383,0.0,False,False
9,668,1508107506,3,forward_left,0.4507,212.0682,3.3732,3.4291,0.0,False,False
9,669,1508107506,3,forward_left,0.336,212.4042,3.3539,3.4275,0.0,False,False
9,670,2095099663,0,forward,0.4169,212.821,3.3306,1.9152,0.0,False,False
9,671,2095099663,0,forward,0.5013,213.3224,3.303,1.3836,0.0,False,False
9,672,2095099663,0,forward,0.435,213.7574,3.2788,0.9518,0.0,False,False
9,673,1341840061,1,turn_left,0.4195,214.1768,3.2528,1.4505,0.0,False,False
9,674,2095099663,0,forward,0.4498,214.6266,3.2278,2.7298,0.0,False,False
9,675,2095099663,0,forward,0.488,215.1146,3.2009,3.4277,0.0,False,False
9,676,2095099663,0,forward,0.494,215.6086,3.1737,3.4218,0.0,False,False
9,677,2095099663,0,forward,0.4954,216.104,3.1464,3.4074,0.0,False,False
9,678,2095099663,0,forward,0.4943,216.5983,3.1192,3.3947,0.0,False,False
9,679,1508107506,3,forward_left,0.4516,217.05,3.0941,3.3881,0.0,False,False
9,680,2095099663,0,forward,0.4226,217.4726,3.0705,2.3049,0.0,False,False
9,681,2095099663,0,forward,0.4968,217.9694,3.0432,1.5399,0.0,False,False
9,682,2095099663,0,forward,0.4308,218.4003,3.0191,1.0137,0.0,False,False
9,683,1086056247,1,turn_left,0.3965,218.7967,2.9943,1.3198,0.0,False,False
9,684,2095099663,0,forward,0.3866,219.1834,2.9725,2.0046,0.0,False,False
9,685,1508107506,3,forward_left,0.4081,219.5915,2.9496,3.3901,0.0,False,False
9,686,2095099663,0,forward,0.4214,220.0129,2.926,3.3894,0.0,False,False
9,687,2095099663,0,forward,0.4959,220.5088,2.8987,3.3744,0.0,False,False
9,688,2095099663,0,forward,0.4969,221.0058,2.8714,3.3796,0.0,False,False
9,689,2095099663,0,forward,0.4957,221.5014,2.8441,3.3782,0.0,False,False
9,690,2095099663,0,forward,0.4946,221.996,2.8168,3.3863,0.0,False,False
9,691,1508107506,3,forward_left,0.4487,222.4447,2.7919,3.3811,0.0,False,False
9,692,2095099663,0,forward,0.4224,222.8672,2.7683,2.6199,0.0,False,False
9,693,2095099663,0,forward,0.4966,223.3638,2.741,1.784,0.0,False,False
9,694,2095099663,0,forward,0.4902,223.854,2.7139,1.212,0.0,False,False
9,695,2095099663,0,forward,0.4359,224.2899,2.6896,1.0618,0.0,False,False
9,696,397735533,0,forward,0.4925,224.7824,2.6625,1.9904,0.0,False,False
9,697,1508107506,3,forward_left,0.4472,225.2296,2.6377,3.3674,0.0,False,False
9,698,1508107506,3,forward_left,0.332,225.5616,2.6186,3.3715,0.0,False,False
9,699,2095099663,0,forward,0.4194,225.981,2.5951,3.3781,0.0,False,False
9,700,2095099663,0,forward,0.5018,226.4828,2.5675,3.3795,0.0,False,False
9,701,2095099663,0,forward,0.5007,226.9835,2.54,3.3759,0.0,False,False
9,702,2095099663,0,forward,0.4995,227.483,2.5125,3.3817,0.0,False,False
9,703,2095099663,0,forward,0.4983,227.9813,2.4851,3.3838,0.0,False,False
9,704,2095099663,0,forward,0.4971,228.4784,2.4577,3.3776,0.0,False,False
9,705,2095099663,0,forward,0.496,228.9744,2.4304,2.5098,0.0,False,False
9,706,2095099663,0,forward,0.4952,229.4696,2.4032,1.5508,0.0,False,False
9,707,1508107506,3,forward_left,0.3845,229.8541,2.3814,1.0029,0.0,False,False
9,708,1840798605,5,stop,0.3682,230.2223,2.3605,1.1873,0.0,False,False
9,709,2095099663,0,forward,0.3652,230.5875,2.3398,2.4546,0.0,False,False
9,710,2095099663,0,forward,0.4587,231.0461,2.3143,3.3872,0.0,False,False
9,711,1508107506,3,forward_left,0.4318,231.4779,2.2902,3.3785,0.0,False,False
9,712,1508107506,3,forward_left,0.3321,231.81,2.2711,3.383,0.0,False,False
9,713,2095099663,0,forward,0.4257,232.2357,2.2474,2.587,0.0,False,False
9,714,2095099663,0,forward,0.5023,232.738,2.2197,1.952,0.0,False,False
9,715,2095099663,0,forward,0.5018,233.2398,2.1922,1.3816,0.0,False,False
9,716,2095099663,0,forward,0.4468,233.6866,2.1673,0.9455,0.0,False,False
9,717,1341840061,1,turn_left,0.4187,234.1053,2.1414,1.426,0.0,False,False
9,718,2095099663,0,forward,0.4125,234.5178,2.1183,1.9751,0.0,False,False
9,719,2095099663,0,forward,0.4901,235.0079,2.0912,2.7354,0.0,False,False
9,720,2095099663,0,forward,0.4943,235.5021,2.064,3.4079,0.0,False,False
9,721,1508107506,3,forward_left,0.4479,235.9501,2.0391,3.4157,0.0,False,False
9,722,1508107506,3,forward_left,0.3315,236.2816,2.0201,3.4083,0.0,False,False
9,723,2095099663,0,forward,0.425,236.7067,1.9963,2.1924,0.0,False,False
9,724,2095099663,0,forward,0.5021,237.2088,1.9687,1.864,0.0,False,False
9,725,2095099663,0,forward,0.5011,237.7099,1.9411,1.4046,0.0,False,False
9,726,2095099663,0,forward,0.4243,238.1342,1.9174,0.9844,0.0,False,False
9,727,1341840061,1,turn_left,0.418,238.5522,1.8915,1.3235,0.0,False,False
9,728,2095099663,0,forward,0.4115,238.9636,1.8685,2.2963,0.0,False,False
9,729,2095099663,0,forward,0.4889,239.4526,1.8415,3.4422,0.0,False,False
9,730,1508107506,3,forward_left,0.4397,239.8923,1.817,3.4419,0.0,False,False
9,731,1508107506,3,forward_left,0.3321,240.2244,1.7979,3.4586,0.0,False,False
9,732,2095099663,0,forward,0.4577,240.6821,1.7725,3.1041,0.0,False,False
9,733,2095099663,0,forward,0.5001,241.1823,1.745,2.3309,0.0,False,False
9,734,2095099663,0,forward,0.4988,241.681,1.7176,1.6882,0.0,False,False
9,735,2095099663,0,forward,0.4602,242.1412,1.6921,1.1311,0.0,False,False
9,736,2095099663,0,forward,0.4528,242.594,1.6669,1.1289,0.0,False,False
9,737,1508107506,3,forward_left,0.448,243.0419,1.642,2.2765,0.0,False,False
9,738,1508107506,3,forward_left,0.3314,243.3733,1.623,3.4906,0.0,False,False
9,739,2095099663,0,forward,0.4263,243.7996,1.5992,3.4964,0.0,False,False
9,740,2095099663,0,forward,0.4911,244.2908,1.5721,3.5062,0.0,False,False
9,741,2095099663,0,forward,0.4995,244.7903,1.5446,3.514,0.0,False,False
9,742,2095099663,0,forward,0.4976,245.2879,1.5172,3.5068,0.0,False,False
9,743,2095099663,0,forward,0.4955,245.7835,1.49,3.5281,0.0,False,False
9,744,2095099663,0,forward,0.4934,246.2769,1.4628,3.536,0.0,False,False
9,745,1508107506,3,forward_left,0.4469,246.7237,1.438,3.1294,0.0,False,False
9,746,1508107506,3,forward_left,0.3294,247.0531,1.419,1.5568,0.0,False,False
9,747,2095099663,0,forward,0.2027,247.2558,1.4064,0.9215,0.0,False,False
9,748,1341840061,1,turn_left,0.4092,247.665,1.3809,2.8039,0.0,False,False
9,749,2095099663,0,forward,0.3302,247.9952,1.3619,3.5773,0.0,False,False
9,750,2095099663,0,forward,0.4907,248.4859,1.3348,3.5734,0.0,False,False
9,751,2095099663,0,forward,0.493,248.9788,1.3077,3.5938,0.0,False,False
9,752,1508107506,3,forward_left,0.4458,249.4247,1.2829,3.594,0.0,False,False
9,753,1508107506,3,forward_left,0.3296,249.7543,1.2639,3.6097,0.0,False,False
9,754,2095099663,0,forward,500.0,749.7543,1.2403,2.2004,0.0,True,False
10,1,964610217,0,forward,-0.05,-0.05,15.9549,0.965,0.0,False,False
10,2,964610217,0,forward,0.0991,0.0491,15.9474,0.9918,0.0,False,False
10,3,964610217,0,forward,0.2241,0.2731,15.9337,1.016,0.0,False,False
10,4,964610217,0,forward,0.3491,0.6222,15.9138,1.0439,0.0,False,False
10,5,1904234423,4,forward_right,0.4131,1.0353,15.8906,1.0152,0.0,False,False
10,6,668304872,1,turn_left,0.328,1.3633,15.8692,1.0218,0.0,False,False
10,7,1904234423,4,forward_right,0.3281,1.6915,15.8503,0.9813,0.0,False,False
10,8,964610217,0,forward,0.372,2.0635,15.8292,1.0773,0.0,False,False
10,9,1904234423,4,forward_right,0.407,2.4705,15.8063,1.0975,0.0,False,False
10,10,1904234423,4,forward_right,0.3392,2.8097,15.7869,0.9761,0.0,False,False
10,11,964610217,0,forward,0.4337,3.2434,15.7627,1.4568,0.0,False,False
10,12,1548021558,0,forward,0.5428,3.7862,15.7331,2.7082,0.0,False,False
10,13,1548021558,0,forward,0.5433,4.3295,15.7034,3.8367,0.0,False,False
10,14,1548021558,0,forward,0.535,4.8645,15.6741,3.8195,0.0,False,False
10,15,1548021558,0,forward,0.5434,5.4079,15.6445,3.7806,0.0,False,False
10,16,1548021558,0,forward,0.5433,5.9513,15.6148,3.7542,0.0,False,False
10,17,1548021558,0,forward,0.5433,6.4945,15.5851,3.7396,0.0,False,False
10,18,1548021558,0,forward,0.5432,7.0377,15.5555,3.7237,0.0,False,False
10,19,1548021558,0,forward,0.5432,7.581,15.5258,2.8463,0.0,False,False
10,20,1548021558,0,forward,0.5434,8.1244,15.4961,1.8053,0.0,False,False
10,21,1548021558,0,forward,0.544,8.6684,15.4664,1.1687,0.0,False,False
10,22,1548021558,0,forward,0.4636,9.132,15.4408,1.1173,0.0,False,False
10,23,1548021558,0,forward,0.5417,9.6737,15.4112,2.0785,0.0,False,False
10,24,1548021558,0,forward,0.5428,10.2165,15.3815,3.6015,0.0,False,False
10,25,1548021558,0,forward,0.5172,10.7336,15.3532,3.5877,0.0,False,False
10,26,1548021558,0,forward,0.5432,11.2768,15.3235,3.5661,0.0,False,False
10,27,1548021558,0,forward,0.543,11.8198,15.2939,3.5432,0.0,False,False
10,28,1548021558,0,forward,0.5429,12.3628,15.2642,3.5275,0.0,False,False
10,29,1548021558,0,forward,0.5429,12.9057,15.2346,3.4964,0.0,False,False
10,30,1548021558,0,forward,0.5429,13.4485,15.2049,3.4141,0.0,False,False
10,31,1548021558,0,forward,0.5429,13.9915,15.1753,2.1619,0.0,False,False
10,32,1548021558,0,forward,0.5433,14.5348,15.1456,1.4095,0.0,False,False
10,33,1548021558,0,forward,0.4838,15.0186,15.1189,0.9447,0.0,False,False
10,34,964610217,0,forward,0.5219,15.5404,15.0903,1.6281,0.0,False,False
10,35,1548021558,0,forward,0.5421,16.0826,15.0607,3.3927,0.0,False,False
10,36,1548021558,0,forward,0.5352,16.6178,15.0315,3.3563,0.0,False,False
10,37,1548021558,0,forward,0.5241,17.1419,15.0028,3.3492,0.0,False,False
10,38,1548021558,0,forward,0.5427,17.6845,14.9731,3.3273,0.0,False,False
10,39,1548021558,0,forward,0.5426,18.2272,14.9435,3.3136,0.0,False,False
10,40,1548021558,0,forward,0.5426,18.7697,14.9139,3.2942,0.0,False,False
10,41,1548021558,0,forward,0.5425,19.3122,14.8843,3.2685,0.0,False,False
10,42,1548021558,0,forward,0.5425,19.8547,14.8546,3.0183,0.0,False,False
10,43,1548021558,0,forward,0.5426,20.3973,14.825,1.875,0.0,False,False
10,44,1548021558,0,forward,0.5432,20.9405,14.7953,1.2134,0.0,False,False
10,45,1548021558,0,forward,0.4438,21.3843,14.7706,1.072,0.0,False,False
10,46,1904234423,4,forward_right,0.459,21.8433,14.7452,2.0991,0.0,False,False
10,47,1548021558,0,forward,0.4337,22.2771,14.721,3.1827,0.0,False,False
10,48,1548021558,0,forward,0.5008,22.7779,14.6935,3.1663,0.0,False,False
10,49,1548021558,0,forward,0.5386,23.3165,14.664,3.1524,0.0,False,False
10,50,1548021558,0,forward,0.5383,23.8548,14.6346,3.1337,0.0,False,False
10,51,1548021558,0,forward,0.5383,24.3931,14.6052,3.1189,0.0,False,False
10,52,1548021558,0,forward,0.5382,24.9313,14.5758,3.0819,0.0,False,False
10,53,1548021558,0,forward,0.5382,25.4694,14.5464,3.0723,0.0,False,False
10,54,1548021558,0,forward,0.5382,26.0076,14.517,2.1592,0.0,False,False
10,55,1548021558,0,forward,0.5386,26.5462,14.4876,1.3797,0.0,False,False
10,56,1548021558,0,forward,0.475,27.0211,14.4613,0.9443,0.0,False,False
10,57,964610217,0,forward,0.497,27.5181,14.434,1.8225,0.0,False,False
10,58,1548021558,0,forward,0.5376,28.0557,14.4046,3.0069,0.0,False,False
10,59,1548021558,0,forward,0.4804,28.5361,14.3781,2.9997,0.0,False,False
10,60,1548021558,0,forward,0.5372,29.0733,14.3487,2.99,0.0,False,False
10,61,1548021558,0,forward,0.5369,29.6102,14.3194,2.963,0.0,False,False
10,62,1548021558,0,forward,0.5369,30.1471,14.29,2.9441,0.0,False,False
10,63,1548021558,0,forward,0.5368,30.6839,14.2607,2.9364,0.0,False,False
10,64,1548021558,0,forward,0.5367,31.2206,14.2313,2.9211,0.0,False,False
10,65,1548021558,0,forward,0.5367,31.7573,14.202,2.623,0.0,False,False
10,66,1548021558,0,forward,0.5369,32.2941,14.1727,1.6758,0.0,False,False
10,67,1548021558,0,forward,0.5376,32.8318,14.1433,1.0341,0.0,False,False
10,68,1904234423,4,forward_right,0.3613,33.193,14.1227,1.1793,0.0,False,False
10,69,1548021558,0,forward,0.4506,33.6436,14.0977,2.1898,0.0,False,False
10,70,1548021558,0,forward,0.5323,34.1759,14.0686,2.864,0.0,False,False
10,71,1548021558,0,forward,0.4977,34.6736,14.0412,2.8581,0.0,False,False
10,72,1548021558,0,forward,0.5322,35.2058,14.0121,2.8243,0.0,False,False
10,73,1548021558,0,forward,0.5321,35.7379,13.983,2.8342,0.0,False,False
10,74,1548021558,0,forward,0.532,36.2698,13.9539,2.8124,0.0,False,False
10,75,1548021558,0,forward,0.5319,36.8017,13.9248,2.8018,0.0,False,False
10,76,1548021558,0,forward,0.5318,37.3335,13.8957,2.7979,0.0,False,False
10,77,1548021558,0,forward,0.5319,37.8654,13.8666,1.7847,0.0,False,False
10,78,1548021558,0,forward,0.5324,38.3979,13.8375,1.141,0.0,False,False
10,79,1548021558,0,forward,0.5308,38.9287,13.8084,1.0701,0.0,False,False
10,80,1904234423,4,forward_right,0.3902,39.3189,13.7864,2.6116,0.0,False,False
10,81,1548021558,0,forward,0.4423,39.7613,13.7618,2.7609,0.0,False,False
10,82,1548021558,0,forward,0.49,40.2513,13.7348,2.7426,0.0,False,False
10,83,1548021558,0,forward,0.5274,40.7787,13.7059,2.7462,0.0,False,False
10,84,1548021558,0,forward,0.5272,41.3059,13.6771,2.7197,0.0,False,False
10,85,1548021558,0,forward,0.5271,41.833,13.6482,2.7247,0.0,False,False
10,86,1548021558,0,forward,0.527,42.36,13.6194,2.7329,0.0,False,False
10,87,1548021558,0,forward,0.6423,43.0024,13.5847,2.7016,0.0,False,False
10,88,1548021558,0,forward,0.4116,43.414,13.5617,1.7413,0.0,False,False
10,89,1548021558,0,forward,0.5276,43.9416,13.5328,1.1234,0.0,False,False
10,90,1548021558,0,forward,0.4185,44.3601,13.5094,1.1697,0.0,False,False
10,91,1548021558,0,forward,0.5253,44.8854,13.4806,2.6043,0.0,False,False
10,92,1548021558,0,forward,0.4712,45.3566,13.4545,2.6042,0.0,False,False
10,93,1548021558,0,forward,0.5266,45.8832,13.4257,2.5693,0.0,False,False
10,94,1548021558,0,forward,0.5261,46.4093,13.3969,2.5093,0.0,False,False
10,95,1548021558,0,forward,0.5259,46.9352,13.3681,2.4898,0.0,False,False
10,96,1548021558,0,forward,0.5258,47.461,13.3393,2.4566,0.0,False,False
10,97,1548021558,0,forward,0.5257,47.9867,13.3105,2.425,0.0,False,False
10,98,1548021558,0,forward,0.5257,48.5124,13.2817,2.1951,0.0,False,False
10,99,1548021558,0,forward,0.5259,49.0383,13.2529,1.3943,0.0,False,False
10,100,1548021558,0,forward,0.4858,49.5241,13.2262,0.9451,0.0,False,False
10,101,964610217,0,forward,0.4527,49.9769,13.201,1.7665,0.0,False,False
10,102,1548021558,0,forward,0.5243,50.5012,13.1723,2.3012,0.0,False,False
10,103,1548021558,0,forward,0.468,50.9692,13.1464,2.2714,0.0,False,False
10,104,1548021558,0,forward,0.5247,51.494,13.1177,2.2307,0.0,False,False
10,105,1548021558,0,forward,0.5245,52.0184,13.0889,2.1973,0.0,False,False
10,106,1548021558,0,forward,0.5243,52.5427,13.0602,2.1787,0.0,False,False
10,107,1548021558,0,forward,0.5242,53.067,13.0315,2.1401,0.0,False,False
10,108,1548021558,0,forward,0.5244,53.5913,13.0028,1.6222,0.0,False,False
10,109,1548021558,0,forward,0.5251,54.1164,12.974,1.0446,0.0,False,False
10,110,1904234423,4,forward_right,0.3616,54.478,12.9535,1.2345,0.0,False,False
10,111,1548021558,0,forward,0.4319,54.9099,12.9294,2.042,0.0,False,False
10,112,1548021558,0,forward,0.4972,55.4071,12.902,2.0183,0.0,False,False
10,113,1548021558,0,forward,0.4873,55.8944,12.8751,1.9939,0.0,False,False
10,114,1548021558,0,forward,0.5185,56.4129,12.8467,1.9573,0.0,False,False
10,115,1548021558,0,forward,0.5183,56.9312,12.8183,1.9176,0.0,False,False
10,116,1548021558,0,forward,0.5181,57.4493,12.7899,1.8984,0.0,False,False
10,117,1548021558,0,forward,0.518,57.9673,12.7615,1.8576,0.0,False,False
10,118,1548021558,0,forward,0.518,58.4854,12.7331,1.7977,0.0,False,False
10,119,1548021558,0,forward,0.5185,59.0039,12.7047,1.1409,0.0,False,False
10,120,1548021558,0,forward,0.3768,59.3808,12.6833,1.0871,0.0,False,False
10,121,1904234423,4,forward_right,0.4347,59.8154,12.6591,1.7475,0.0,False,False
10,122,1548021558,0,forward,0.3605,60.176,12.6386,1.7283,0.0,False,False
10,123,1548021558,0,forward,0.5003,60.6763,12.611,1.7053,0.0,False,False
10,124,1548021558,0,forward,0.5101,61.1863,12.583,1.6792,0.0,False,False
10,125,1548021558,0,forward,0.5098,61.6961,12.5551,1.6609,0.0,False,False
10,126,1548021558,0,forward,0.5096,62.2058,12.5271,1.6048,0.0,False,False
10,127,1548021558,0,forward,0.5094,62.7152,12.4991,1.591,0.0,False,False
10,128,1548021558,0,forward,0.5094,63.2246,12.4711,1.5523,0.0,False,False
10,129,1548021558,0,forward,0.5098,63.7344,12.4431,1.1609,0.0,False,False
10,130,1548021558,0,forward,0.3644,64.0988,12.4224,0.9877,0.0,False,False
10,131,964610217,0,forward,0.5057,64.6045,12.3946,1.4783,0.0,False,False
10,132,1548021558,0,forward,0.4568,65.0613,12.3693,1.4747,0.0,False,False
10,133,1548021558,0,forward,0.5009,65.5622,12.3418,1.4268,0.0,False,False
10,134,1548021558,0,forward,0.5074,66.0696,12.3139,1.3961,0.0,False,False
10,135,1548021558,0,forward,0.5072,66.5769,12.286,1.3737,0.0,False,False
10,136,1548021558,0,forward,0.507,67.0839,12.2582,1.3395,0.0,False,False
10,137,1548021558,0,forward,0.5068,67.5907,12.2303,1.2972,0.0,False,False
10,138,1548021558,0,forward,0.6179,68.2086,12.1969,1.2813,0.0,False,False
10,139,1548021558,0,forward,0.3952,68.6038,12.1747,1.2381,0.0,False,False
10,140,1548021558,0,forward,0.6183,69.2221,12.1413,1.2033,0.0,False,False
10,141,1548021558,0,forward,0.2558,69.478,12.126,0.9571,0.0,False,False
10,142,964610217,0,forward,0.5045,69.9824,12.0982,1.1752,0.0,False,False
10,143,1548021558,0,forward,0.4714,70.4538,12.0722,1.1705,0.0,False,False
10,144,1548021558,0,forward,0.4835,70.9373,12.0455,1.1383,0.0,False,False
10,145,1548021558,0,forward,0.5045,71.4419,12.0178,1.0994,0.0,False,False
10,146,1904234423,4,forward_right,0.4599,71.9017,11.9923,1.0637,0.0,False,False
10,147,668304872,1,turn_left,0.3277,72.2294,11.9709,1.0377,0.0,False,False
10,148,668304872,1,turn_left,0.2694,72.4988,11.9524,1.0192,0.0,False,False
10,149,668304872,1,turn_left,-0.1,72.3988,11.9504,1.0149,0.0,False,False
10,150,668304872,1,turn_left,-0.1,72.2988,11.9505,1.0107,0.0,False,False
10,151,668304872,1,turn_left,-0.1,72.1988,11.9507,1.0148,0.0,False,False
10,152,1904234423,4,forward_right,0.2367,72.4355,11.9364,1.0088,0.0,False,False
10,153,1904234423,4,forward_right,0.2648,72.7002,11.9207,0.9877,0.0,False,False
10,154,1904234423,4,forward_right,0.3536,73.0539,11.9005,0.989,0.0,False,False
10,155,668304872,1,turn_left,0.1492,73.2031,11.888,0.9463,0.0,False,False
10,156,668304872,1,turn_left,-0.1,73.1031,11.8881,0.9328,0.0,False,False
10,157,224357922,1,turn_left,-0.0508,73.0523,11.8856,0.9313,0.0,False,False
10,158,224357922,1,turn_left,-0.0268,73.0255,11.882,0.9304,0.0,False,False
10,159,224357922,1,turn_left,-0.1,72.9255,11.8821,0.9293,0.0,False,False
10,160,224357922,1,turn_left,-0.1,72.8255,11.8821,0.9192,0.0,False,False
10,161,224357922,1,turn_left,-0.1,72.7255,11.882,0.932,0.0,False,False
10,162,224357922,1,turn_left,-0.1,72.6255,11.881,0.9354,0.0,False,False
10,163,964610217,0,forward,0.1204,72.7459,11.8725,0.9253,0.0,False,False
10,164,224357922,1,turn_left,0.2592,73.0051,11.8546,0.9104,0.0,False,False
10,165,224357922,1,turn_left,0.0278,73.0329,11.8482,0.9034,0.0,False,False
10,166,224357922,1,turn_left,-0.1,72.9329,11.8468,0.8907,0.0,False,False
10,167,964610217,0,forward,0.1161,73.0491,11.8385,0.9091,0.0,False,False
10,168,224357922,1,turn_left,0.2464,73.2955,11.8212,0.8829,0.0,False,False
10,169,1971047854,3,forward_left,0.3236,73.619,11.8025,0.8864,0.0,False,False
10,170,1971047854,3,forward_left,0.3424,73.9614,11.7829,0.8725,0.0,False,False
10,171,851696946,3,forward_left,0.3368,74.2983,11.7635,0.8662,0.0,False,False
10,172,851696946,3,forward_left,0.3301,74.6283,11.7445,0.843,0.0,False,False
10,173,2005065858,4,forward_right,0.3072,74.9355,11.7267,0.825,0.0,False,False
10,174,2005065858,4,forward_right,0.3282,75.2637,11.7078,0.8125,0.0,False,False
10,175,851696946,3,forward_left,0.3901,75.6538,11.6858,0.7842,0.0,False,False
10,176,851696946,3,forward_left,0.2546,75.9084,11.6705,0.7691,0.0,False,False
10,177,2005065858,4,forward_right,0.3046,76.2131,11.6528,0.7488,0.0,False,False
10,178,2005065858,4,forward_right,0.3259,76.5389,11.634,0.7273,0.0,False,False
10,179,851696946,3,forward_left,0.3145,76.8534,11.6158,0.6965,0.0,False,False
10,180,555146084,3,forward_left,0.1711,77.0245,11.6047,0.69,0.0,False,False
10,181,2005065858,4,forward_right,0.3084,77.333,11.5868,0.696,0.0,False,False
10,182,2005065858,4,forward_right,0.2749,77.6079,11.5705,0.6856,0.0,False,False
10,183,851696946,3,forward_left,0.3147,77.9226,11.5523,0.6655,0.0,False,False
10,184,851696946,3,forward_left,0.3321,78.2546,11.5332,0.6475,0.0,False,False
10,185,2005065858,4,forward_right,0.3081,78.5627,11.5153,0.6429,0.0,False,False
10,186,2005065858,4,forward_right,0.3283,78.891,11.4964,0.6111,0.0,False,False
10,187,851696946,3,forward_left,0.3145,79.2055,11.4782,0.5881,0.0,False,False
10,188,851696946,3,forward_left,0.3345,79.54,11.4589,0.5699,0.0,False,False
10,189,2005065858,4,forward_right,0.2604,79.8004,11.4434,0.558,0.0,False,False
10,190,137084343,1,turn_left,0.051,79.8514,11.4359,0.5526,0.0,False,False
10,191,2005065858,4,forward_right,0.1336,79.985,11.4267,0.5562,0.0,False,False
10,192,2005065858,4,forward_right,0.3208,80.3057,11.4082,0.5563,0.0,False,False
10,193,2005065858,4,forward_right,0.3099,80.6157,11.3902,0.5388,0.0,False,False
10,194,1127577073,5,stop,0.2563,80.8719,11.3748,0.5175,0.0,False,False
10,195,1127577073,5,stop,0.1122,80.9841,11.3667,0.4982,0.0,False,False
10,196,1127577073,5,stop,-0.0016,80.9825,11.3643,0.4888,0.0,False,False
10,197,1041199380,1,turn_left,-0.1,80.8825,11.3638,0.4959,0.0,False,False
10,198,1343631118,1,turn_left,-0.1,80.7825,11.3623,0.4955,0.0,False,False
10,199,421071249,4,forward_right,0.0869,80.8694,11.3555,0.5137,0.0,False,False
10,200,421071249,4,forward_right,0.3032,81.1726,11.3378,0.5018,0.0,False,False
10,201,1343631118,1,turn_left,0.0548,81.2273,11.3301,0.4868,0.0,False,False
10,202,421071249,4,forward_right,0.0746,81.3019,11.3239,0.4645,0.0,False,False
10,203,421071249,4,forward_right,0.3188,81.6208,11.3054,0.4691,0.0,False,False
10,204,421071249,4,forward_right,0.3247,81.9455,11.2867,0.4489,0.0,False,False
10,205,583889419,0,forward,0.0481,81.9935,11.2818,0.4498,0.0,False,False
10,206,421071249,4,forward_right,0.1066,82.1001,11.274,0.4723,0.0,False,False
10,207,704603121,3,forward_left,0.127,82.2272,11.2651,0.4661,0.0,False,False
10,208,704603121,3,forward_left,0.2221,82.4492,11.2515,0.4765,0.0,False,False
10,209,704603121,3,forward_left,0.2716,82.7208,11.2354,0.4772,0.0,False,False
10,210,704603121,3,forward_left,0.2854,83.0063,11.2186,0.4928,0.0,False,False
10,211,704603121,3,forward_left,0.275,83.2813,11.2024,0.4634,0.0,False,False
10,212,406621964,2,turn_right,0.1586,83.44,11.1895,0.4795,0.0,False,False
10,213,406621964,2,turn_right,-0.1,83.34,11.19,0.4661,0.0,False,False
10,214,704603121,3,forward_left,0.0405,83.3805,11.1854,0.4808,0.0,False,False
10,215,704603121,3,forward_left,0.2889,83.6693,11.1685,0.491,0.0,False,False
10,216,704603121,3,forward_left,0.2067,83.876,11.1556,0.4829,0.0,False,False
10,217,406621964,2,turn_right,0.1169,83.9929,11.1448,0.4757,0.0,False,False
10,218,406621964,2,turn_right,-0.1,83.8929,11.1453,0.472,0.0,False,False
10,219,704603121,3,forward_left,0.0168,83.9097,11.1419,0.4487,0.0,False,False
10,220,704603121,3,forward_left,0.3661,84.2758,11.1211,0.4767,0.0,False,False
10,221,406621964,2,turn_right,0.0467,84.3224,11.1138,0.4711,0.0,False,False
10,222,406621964,2,turn_right,-0.1,84.2224,11.1143,0.4582,0.0,False,False
10,223,704603121,3,forward_left,0.1057,84.3282,11.1065,0.4578,0.0,False,False
10,224,704603121,3,forward_left,0.3074,84.6356,11.0886,0.4559,0.0,False,False
10,225,704603121,3,forward_left,0.2998,84.9354,11.0712,0.4603,0.0,False,False
10,226,406621964,2,turn_right,0.1263,85.0617,11.0598,0.4532,0.0,False,False
10,227,406621964,2,turn_right,-0.1,84.9617,11.0607,0.4677,0.0,False,False
10,228,704603121,3,forward_left,0.0841,85.0459,11.054,0.4688,0.0,False,False
10,229,704603121,3,forward_left,0.315,85.3608,11.0358,0.4796,0.0,False,False
10,230,704603121,3,forward_left,0.3395,85.7003,11.0163,0.4817,0.0,False,False
10,231,406621964,2,turn_right,0.1396,85.8399,11.0043,0.4927,0.0,False,False
10,232,406621964,2,turn_right,-0.1,85.7399,11.0045,0.4967,0.0,False,False
10,233,704603121,3,forward_left,0.1348,85.8747,10.9953,0.501,0.0,False,False
10,234,5351129,1,turn_left,0.1423,86.017,10.9832,0.5086,0.0,False,False
10,235,704603121,3,forward_left,0.2346,86.2516,10.9689,0.5236,0.0,False,False
10,236,406621964,2,turn_right,0.132,86.3836,10.9573,0.5097,0.0,False,False
10,237,406621964,2,turn_right,-0.1,86.2836,10.9578,0.4906,0.0,False,False
10,238,704603121,3,forward_left,0.1337,86.4173,10.9487,0.4777,0.0,False,False
10,239,704603121,3,forward_left,0.3048,86.7221,10.9309,0.5017,0.0,False,False
10,240,704603121,3,forward_left,0.3108,87.0329,10.9129,0.54,0.0,False,False
10,241,406621964,2,turn_right,0.1423,87.1752,10.9008,0.5543,0.0,False,False
10,242,269267653,0,forward,0.1466,87.3219,10.8909,0.5532,0.0,False,False
10,243,269267653,0,forward,0.4606,87.7825,10.8654,0.5532,0.0,False,False
10,244,269267653,0,forward,0.4632,88.2457,10.8397,0.5847,0.0,False,False
10,245,269267653,0,forward,0.5064,88.752,10.8119,0.6304,0.0,False,False
10,246,137084343,1,turn_left,0.1316,88.8836,10.8003,0.6341,0.0,False,False
10,247,269267653,0,forward,0.3398,89.2234,10.7809,0.64,0.0,False,False
10,248,269267653,0,forward,0.354,89.5774,10.7606,0.6447,0.0,False,False
10,249,269267653,0,forward,0.4476,90.025,10.7358,0.6707,0.0,False,False
10,250,269267653,0,forward,0.447,90.472,10.7109,0.6994,0.0,False,False
10,251,269267653,0,forward,0.4464,90.9184,10.6861,0.7234,0.0,False,False
10,252,269267653,0,forward,0.4459,91.3643,10.6613,0.7375,0.0,False,False
10,253,269267653,0,forward,0.4454,91.8097,10.6365,0.7669,0.0,False,False
10,254,269267653,0,forward,0.4449,92.2546,10.6118,0.7811,0.0,False,False
10,255,269267653,0,forward,0.4448,92.6994,10.587,0.8007,0.0,False,False
10,256,269267653,0,forward,0.2095,92.9089,10.5741,0.8314,0.0,False,False
10,257,137084343,1,turn_left,0.286,93.1949,10.5548,0.84,0.0,False,False
10,258,269267653,0,forward,0.203,93.3979,10.5421,0.849,0.0,False,False
10,259,269267653,0,forward,0.3691,93.767,10.5212,0.8724,0.0,False,False
10,260,269267653,0,forward,0.4196,94.1866,10.4977,0.891,0.0,False,False
10,261,269267653,0,forward,0.5117,94.6983,10.4696,0.9122,0.0,False,False
10,262,269267653,0,forward,0.3239,95.0223,10.4509,0.9283,0.0,False,False
10,263,269267653,0,forward,0.5101,95.5324,10.4229,0.9441,0.0,False,False
10,264,269267653,0,forward,0.323,95.8554,10.4042,0.9901,0.0,False,False
10,265,269267653,0,forward,0.4162,96.2717,10.3809,1.0061,0.0,False,False
10,266,137084343,1,turn_left,0.0679,96.3396,10.3725,1.0295,0.0,False,False
10,267,269267653,0,forward,0.2416,96.5811,10.358,1.033,0.0,False,False
10,268,269267653,0,forward,0.2094,96.7906,10.345,1.0722,0.0,False,False
10,269,269267653,0,forward,0.3882,97.1787,10.3231,1.0918,0.0,False,False
10,270,269267653,0,forward,0.387,97.5658,10.3012,1.1258,0.0,False,False
10,271,909280383,2,turn_right,0.269,97.8348,10.2828,1.1552,0.0,False,False
10,272,909280383,2,turn_right,-0.0265,97.8084,10.2791,1.1227,0.0,False,False
10,273,909280383,2,turn_right,-0.1,97.7084,10.2795,1.1144,0.0,False,False
10,274,909280383,2,turn_right,-0.1,97.6084,10.2804,1.0881,0.0,False,False
10,275,269267653,0,forward,0.1455,97.7539,10.2706,1.0526,0.0,False,False
10,276,269267653,0,forward,0.3081,98.062,10.2527,1.0699,0.0,False,False
10,277,269267653,0,forward,0.4401,98.5021,10.2282,1.0964,0.0,False,False
10,278,269267653,0,forward,0.4388,98.9409,10.2038,1.104,0.0,False,False
10,279,909280383,2,turn_right,0.301,99.2419,10.1837,1.1431,0.0,False,False
10,280,909280383,2,turn_right,-0.1,99.1419,10.1823,1.0213,0.0,False,False
10,281,2126381604,5,stop,0.0312,99.1731,10.1782,1.107,0.0,False,False
10,282,909280383,2,turn_right,0.1548,99.3279,10.1655,1.1328,0.0,False,False
10,283,909280383,2,turn_right,0.0037,99.3316,10.1603,1.1019,0.0,False,False
10,284,909280383,2,turn_right,-0.1,99.2316,10.1608,1.065,0.0,False,False
10,285,269267653,0,forward,0.0948,99.3264,10.1535,1.0664,0.0,False,False
10,286,269267653,0,forward,0.3449,99.6713,10.1338,1.0789,0.0,False,False
10,287,269267653,0,forward,0.4529,100.1242,10.1086,1.095,0.0,False,False
10,288,269267653,0,forward,0.482,100.6062,10.082,1.1027,0.0,False,False
10,289,909280383,2,turn_right,0.3659,100.9721,10.0587,1.1294,0.0,False,False
10,290,909280383,2,turn_right,0.2488,101.2208,10.0413,1.1369,0.0,False,False
10,291,909280383,2,turn_right,0.026,101.2468,10.035,0.9437,0.0,False,False
10,292,2113935175,4,forward_right,0.1047,101.3516,10.0273,1.133,0.0,False,False
10,293,909280383,2,turn_right,0.1748,101.5264,10.0135,1.114,0.0,False,False
10,294,1548021558,0,forward,0.0365,101.5629,10.0092,1.1044,0.0,False,False
10,295,1548021558,0,forward,0.3366,101.8995,9.9899,1.1191,0.0,False,False
10,296,1548021558,0,forward,0.4528,102.3523,9.9647,1.1211,0.0,False,False
10,297,1548021558,0,forward,0.5039,102.8562,9.937,1.1456,0.0,False,False
10,298,1548021558,0,forward,0.5035,103.3598,9.9094,1.136,0.0,False,False
10,299,1548021558,0,forward,0.5033,103.863,9.8817,1.1577,0.0,False,False
10,300,1548021558,0,forward,0.503,104.366,9.854,1.1669,0.0,False,False
10,301,1548021558,0,forward,0.5027,104.8687,9.8264,1.1839,0.0,False,False
10,302,1548021558,0,forward,0.5024,105.3711,9.7988,1.2001,0.0,False,False
10,303,1548021558,0,forward,0.5022,105.8733,9.7712,1.2255,0.0,False,False
10,304,1548021558,0,forward,0.5023,106.3755,9.7436,1.2232,0.0,False,False
10,305,1548021558,0,forward,0.4241,106.7996,9.7199,0.9501,0.0,False,False
10,306,964610217,0,forward,0.4302,107.2298,9.6959,0.9501,0.0,False,False
10,307,964610217,0,forward,0.4935,107.7233,9.6687,1.2263,0.0,False,False
10,308,1548021558,0,forward,0.4621,108.1853,9.6431,1.2324,0.0,False,False
10,309,1548021558,0,forward,0.4997,108.685,9.6156,1.2622,0.0,False,False
10,310,1548021558,0,forward,0.4995,109.1845,9.5881,1.2622,0.0,False,False
10,311,1548021558,0,forward,0.4992,109.6837,9.5607,1.2784,0.0,False,False
10,312,1548021558,0,forward,0.4989,110.1826,9.5332,1.3075,0.0,False,False
10,313,1548021558,0,forward,0.4988,110.6814,9.5058,1.3142,0.0,False,False
10,314,1548021558,0,forward,0.4991,111.1805,9.4783,1.029,0.0,False,False
10,315,1904234423,4,forward_right,0.3073,111.4878,9.4605,1.2665,0.0,False,False
10,316,1548021558,0,forward,0.4219,111.9096,9.4369,1.3315,0.0,False,False
10,317,1548021558,0,forward,0.3745,112.2842,9.4156,1.3367,0.0,False,False
10,318,1548021558,0,forward,0.5006,112.7848,9.3881,1.3551,0.0,False,False
10,319,1548021558,0,forward,0.5005,113.2852,9.3606,1.3544,0.0,False,False
10,320,1548021558,0,forward,0.5002,113.7854,9.3331,1.3626,0.0,False,False
10,321,1548021558,0,forward,0.4998,114.2852,9.3056,1.3838,0.0,False,False
10,322,1548021558,0,forward,0.4996,114.7849,9.2781,1.3822,0.0,False,False
10,323,1548021558,0,forward,0.4998,115.2847,9.2506,1.1957,0.0,False,False
10,324,1548021558,0,forward,0.3805,115.6652,9.2291,0.9693,0.0,False,False
10,325,964610217,0,forward,0.4501,116.1153,9.2041,1.4047,0.0,False,False
10,326,1548021558,0,forward,0.4147,116.53,9.1808,1.4222,0.0,False,False
10,327,1548021558,0,forward,0.4942,117.0242,9.1536,1.4228,0.0,False,False
10,328,1548021558,0,forward,0.4981,117.5223,9.1262,1.4475,0.0,False,False
10,329,1548021558,0,forward,0.4977,118.0201,9.0988,1.4407,0.0,False,False
10,330,1548021558,0,forward,0.4974,118.5174,9.0715,1.4701,0.0,False,False
10,331,1548021558,0,forward,0.4971,119.0145,9.0441,1.469,0.0,False,False
10,332,1548021558,0,forward,0.4968,119.5113,9.0168,1.469,0.0,False,False
10,333,1548021558,0,forward,0.6064,120.1178,8.984,1.1737,0.0,False,False
10,334,1548021558,0,forward,0.2512,120.369,8.9689,1.1737,0.0,False,False
10,335,668304872,1,turn_left,0.4161,120.7851,8.9431,1.5221,0.0,False,False
10,336,1548021558,0,forward,0.431,121.2161,8.919,1.5201,0.0,False,False
10,337,1548021558,0,forward,0.4393,121.6554,8.8946,1.5267,0.0,False,False
10,338,1548021558,0,forward,0.4949,122.1503,8.8673,1.5267,0.0,False,False
10,339,1548021558,0,forward,0.4945,122.6448,8.8401,1.5346,0.0,False,False
10,340,1548021558,0,forward,0.4941,123.1389,8.8129,1.5462,0.0,False,False
10,341,1548021558,0,forward,0.4937,123.6326,8.7857,1.5386,0.0,False,False
10,342,909280383,2,turn_right,0.4137,124.0463,8.76,1.5755,0.0,False,False
10,343,909280383,2,turn_right,0.3036,124.3499,8.7399,1.5763,0.0,False,False
10,344,909280383,2,turn_right,0.068,124.4179,8.7315,1.2206,0.0,False,False
10,345,909280383,2,turn_right,-0.1,124.3179,8.7326,1.0185,0.0,False,False
10,346,1548021558,0,forward,0.1147,124.4326,8.7244,1.4406,0.0,False,False
10,347,1548021558,0,forward,0.2775,124.7101,8.708,1.5519,0.0,False,False
10,348,1548021558,0,forward,0.4592,125.1693,8.6825,1.5691,0.0,False,False
10,349,1548021558,0,forward,0.5163,125.6856,8.6542,1.5729,0.0,False,False
10,350,1548021558,0,forward,0.5159,126.2015,8.6259,1.5816,0.0,False,False
10,351,1548021558,0,forward,0.5157,126.7172,8.5976,1.581,0.0,False,False
10,352,1548021558,0,forward,0.5154,127.2327,8.5694,1.5913,0.0,False,False
10,353,1548021558,0,forward,0.5152,127.7479,8.5411,1.6049,0.0,False,False
10,354,1548021558,0,forward,0.5149,128.2628,8.5129,1.6049,0.0,False,False
10,355,1548021558,0,forward,0.5148,128.7776,8.4846,1.8756,0.0,False,False
10,356,1548021558,0,forward,0.5149,129.2925,8.4564,1.2002,0.0,False,False
10,357,1548021558,0,forward,0.4539,129.7464,8.4312,1.2002,0.0,False,False
10,358,1548021558,0,forward,0.4727,130.2191,8.405,0.9973,0.0,False,False
10,359,964610217,0,forward,0.5138,130.7328,8.3768,1.7716,0.0,False,False
10,360,1548021558,0,forward,0.4751,131.2079,8.3506,1.7074,0.0,False,False
10,361,1548021558,0,forward,0.5136,131.7215,8.3224,1.7074,0.0,False,False
10,362,1548021558,0,forward,0.5133,132.2348,8.2942,1.6865,0.0,False,False
10,363,1548021558,0,forward,0.513,132.7478,8.2661,1.6567,0.0,False,False
10,364,1548021558,0,forward,0.5127,133.2606,8.238,1.6179,0.0,False,False
10,365,1548021558,0,forward,0.5125,133.7731,8.2098,1.5859,0.0,False,False
10,366,1548021558,0,forward,0.5124,134.2854,8.1817,1.5669,0.0,False,False
10,367,1548021558,0,forward,0.5127,134.7981,8.1536,1.5231,0.0,False,False
10,368,1548021558,0,forward,0.4095,135.2076,8.1306,1.0507,0.0,False,False
10,369,1548021558,0,forward,0.51,135.7176,8.1026,1.2992,0.0,False,False
10,370,1548021558,0,forward,0.476,136.1937,8.0763,1.4534,0.0,False,False
10,371,1548021558,0,forward,0.4916,136.6853,8.0492,1.4372,0.0,False,False
10,372,1548021558,0,forward,0.5107,137.196,8.0212,1.4005,0.0,False,False
10,373,1548021558,0,forward,0.5104,137.7064,7.9932,1.376,0.0,False,False
10,374,926291406,4,forward_right,0.4645,138.1709,7.9674,1.3431,0.0,False,False
10,375,926291406,4,forward_right,0.3417,138.5125,7.9479,1.2812,0.0,False,False
10,376,926291406,4,forward_right,0.3084,138.821,7.9299,1.2812,0.0,False,False
10,377,1309443777,2,turn_right,0.3399,139.1608,7.9079,0.9453,0.0,False,False
10,378,1309443777,2,turn_right,0.2354,139.3963,7.8912,1.243,0.0,False,False
10,379,926291406,4,forward_right,0.2189,139.6152,7.8777,1.243,0.0,False,False
10,380,926291406,4,forward_right,0.3543,139.9695,7.8575,1.2253,0.0,False,False
10,381,926291406,4,forward_right,0.3591,140.3286,7.8371,1.2047,0.0,False,False
10,382,926291406,4,forward_right,0.3618,140.6904,7.8165,1.1813,0.0,False,False
10,383,926291406,4,forward_right,0.4472,141.1376,7.7916,1.1592,0.0,False,False
10,384,926291406,4,forward_right,0.2829,141.4205,7.775,1.1166,0.0,False,False
10,385,926291406,4,forward_right,0.3675,141.788,7.7541,1.1012,0.0,False,False
10,386,926291406,4,forward_right,0.3689,142.1569,7.7331,1.0779,0.0,False,False
10,387,1166997565,3,forward_left,0.3321,142.489,7.714,1.0594,0.0,False,False
10,388,1166997565,3,forward_left,0.3124,142.8014,7.6959,0.9627,0.0,False,False
10,389,1309443777,2,turn_right,0.1469,142.9482,7.6836,0.9996,0.0,False,False
10,390,1937774032,3,forward_left,0.0995,143.0477,7.6761,1.0083,0.0,False,False
10,391,1937774032,3,forward_left,0.3686,143.4163,7.6552,0.9997,0.0,False,False
10,392,1937774032,3,forward_left,0.3686,143.7849,7.6342,0.976,0.0,False,False
10,393,1937774032,3,forward_left,0.3675,144.1523,7.6134,0.9601,0.0,False,False
10,394,1937774032,3,forward_left,0.3592,144.5115,7.5929,0.9568,0.0,False,False
10,395,1937774032,3,forward_left,0.3635,144.875,7.5722,0.9433,0.0,False,False
10,396,1937774032,3,forward_left,0.3609,145.2358,7.5517,0.9054,0.0,False,False
10,397,1937774032,3,forward_left,0.3579,145.5937,7.5313,0.8884,0.0,False,False
10,398,1937774032,3,forward_left,0.3546,145.9483,7.5111,0.8608,0.0,False,False
10,399,1937774032,3,forward_left,0.3511,146.2995,7.491,0.837,0.0,False,False
10,400,1937774032,3,forward_left,0.3476,146.6471,7.4711,0.8157,0.0,False,False
10,401,1937774032,3,forward_left,0.3447,146.9918,7.4514,0.7841,0.0,False,False
10,402,1937774032,3,forward_left,0.2408,147.2326,7.4369,0.7548,0.0,False,False
10,403,1309443777,2,turn_right,0.1179,147.3505,7.426,0.7442,0.0,False,False
10,404,1309443777,2,turn_right,-0.1,147.2505,7.4263,0.7363,0.0,False,False
10,405,1309443777,2,turn_right,-0.1,147.1505,7.4266,0.745,0.0,False,False
10,406,1937774032,3,forward_left,0.1364,147.2869,7.4173,0.7359,0.0,False,False
10,407,1937774032,3,forward_left,0.3563,147.6433,7.397,0.7176,0.0,False,False
10,408,1937774032,3,forward_left,0.3527,147.996,7.3768,0.7063,0.0,False,False
10,409,1937774032,3,forward_left,0.3484,148.3444,7.3569,0.6896,0.0,False,False
10,410,1937774032,3,forward_left,0.3435,148.6879,7.3372,0.68,0.0,False,False
10,411,1937774032,3,forward_left,0.3383,149.0262,7.3178,0.6608,0.0,False,False
10,412,1309443777,2,turn_right,0.0502,149.0763,7.3103,0.6527,0.0,False,False
10,413,1309443777,2,turn_right,-0.1,148.9763,7.3105,0.6268,0.0,False,False
10,414,1309443777,2,turn_right,-0.1,148.8763,7.3108,0.6155,0.0,False,False
10,415,1309443777,2,turn_right,-0.1,148.7763,7.3111,0.6121,0.0,False,False
10,416,1937774032,3,forward_left,0.1547,148.931,7.3009,0.6207,0.0,False,False
10,417,1937774032,3,forward_left,0.3632,149.2942,7.2802,0.6001,0.0,False,False
10,418,1937774032,3,forward_left,-1.0851,148.209,7.257,0.5888,0.0,False,False
10,419,1937774032,3,forward_left,-1.2232,146.9858,7.2406,0.5888,0.0,False,False
10,420,1937774032,3,forward_left,-1.1466,145.8392,7.2204,0.5605,0.0,False,False
10,421,1937774032,3,forward_left,-1.1504,144.6888,7.2005,0.5379,0.0,False,False
10,422,800498958,2,turn_right,-1.3626,143.3262,7.1886,0.5115,0.0,False,False
10,423,1464962433,1,turn_left,-1.4661,141.8601,7.1819,0.4979,0.0,False,False
10,424,1464962433,1,turn_left,-1.6,140.2601,7.1799,0.4767,0.0,False,False
10,425,1464962433,1,turn_left,-1.6,138.6601,7.1796,0.4729,0.0,False,False
10,426,1464962433,1,turn_left,-1.6,137.0601,7.1792,0.4775,0.0,False,False
10,427,1126719143,2,turn_right,-1.4942,135.566,7.1739,0.4888,0.0,False,False
10,428,1126719143,2,turn_right,-1.6,133.966,7.1721,0.479,0.0,False,False
10,429,1126719143,2,turn_right,-1.6,132.366,7.1722,0.4707,0.0,False,False
10,430,1464962433,1,turn_left,-1.5031,130.8628,7.1673,0.4717,0.0,False,False
10,431,1464962433,1,turn_left,-1.5445,129.3184,7.1646,0.4601,0.0,False,False
10,432,1464962433,1,turn_left,-1.6,127.7184,7.1632,0.4633,0.0,False,False
10,433,1126719143,2,turn_right,-1.4934,126.225,7.1579,0.4666,0.0,False,False
10,434,1126719143,2,turn_right,-1.6,124.625,7.1561,0.4586,0.0,False,False
10,435,1126719143,2,turn_right,-1.6,123.025,7.1562,0.4532,0.0,False,False
10,436,1464962433,1,turn_left,-1.4889,121.5361,7.1506,0.4534,0.0,False,False
10,437,551561856,0,forward,-1.2957,120.2404,7.1379,0.4479,0.0,False,False
10,438,551561856,0,forward,-1.181,119.0594,7.1195,0.4306,0.0,False,False
10,439,551561856,0,forward,-0.9525,118.1069,7.0896,0.4092,0.0,False,False
10,440,551561856,0,forward,-1.1082,116.9987,7.0675,0.3979,0.0,False,False
10,441,551561856,0,forward,-0.9979,116.0008,7.0399,0.3713,0.0,False,False
10,442,551561856,0,forward,-0.9982,115.0026,7.0123,0.3512,0.0,False,False
10,443,551561856,0,forward,-0.8887,114.1138,6.9792,0.326,0.0,False,False
10,444,551561856,0,forward,-1.1092,113.0046,6.9572,0.3008,0.0,False,False
10,445,551561856,0,forward,-500.0,-386.9954,6.9297,0.2661,0.0,False,True
