episode,step,state_id,action_id,action_name,reward,total_reward,distance_to_goal,min_distance,epsilon,goal_reached,collision
1,1,964610217,0,forward,-0.05,-0.05,15.9993,0.9541,0.0,False,False
1,2,964610217,0,forward,0.074,0.024,15.9931,0.9779,0.0,False,False
1,3,964610217,0,forward,0.1991,0.2231,15.9807,0.9916,0.0,False,False
1,4,964610217,0,forward,0.3241,0.5471,15.962,1.0127,0.0,False,False
1,5,964610217,0,forward,0.4491,0.9962,15.937,1.0437,0.0,False,False
1,6,1904234423,4,forward_right,0.424,1.4202,15.9133,1.093,0.0,False,False
1,7,1904234423,4,forward_right,0.3435,1.7637,15.8936,0.9874,0.0,False,False
1,8,964610217,0,forward,0.4681,2.2318,15.8677,1.22,0.0,False,False
1,9,1548021558,0,forward,0.5483,2.7801,15.8378,1.729,0.0,False,False
1,10,1548021558,0,forward,0.5486,3.3287,15.8079,2.368,0.0,False,False
1,11,1548021558,0,forward,0.5487,3.8774,15.7779,3.0624,0.0,False,False
1,12,1548021558,0,forward,0.5488,4.4262,15.748,3.4074,0.0,False,False
1,13,1548021558,0,forward,0.5488,4.975,15.7181,3.2284,0.0,False,False
1,14,1548021558,0,forward,0.5488,5.5238,15.6881,2.6044,0.0,False,False
1,15,1548021558,0,forward,0.5491,6.0729,15.6582,1.961,0.0,False,False
1,16,1548021558,0,forward,0.5498,6.6227,15.6282,1.3489,0.0,False,False
1,17,1548021558,0,forward,0.4864,7.1091,15.6014,0.9431,0.0,False,False
1,18,964610217,0,forward,0.5477,7.6569,15.5715,1.4541,0.0,False,False
1,19,1548021558,0,forward,0.5484,8.2052,15.5416,2.3513,0.0,False,False
1,20,1548021558,0,forward,0.5486,8.7539,15.5116,3.6813,0.0,False,False
1,21,1548021558,0,forward,0.5488,9.3026,15.4817,3.6692,0.0,False,False
1,22,1548021558,0,forward,0.5476,9.8502,15.4518,3.6326,0.0,False,False
1,23,1548021558,0,forward,0.5488,10.3991,15.4219,3.6166,0.0,False,False
1,24,1548021558,0,forward,0.5488,10.9478,15.3919,3.5991,0.0,False,False
1,25,1548021558,0,forward,0.5487,11.4965,15.362,3.5835,0.0,False,False
1,26,1548021558,0,forward,0.5487,12.0452,15.3321,3.5419,0.0,False,False
1,27,1548021558,0,forward,0.5487,12.594,15.3021,3.524,0.0,False,False
1,28,1548021558,0,forward,0.5489,13.1429,15.2722,2.2579,0.0,False,False
1,29,1548021558,0,forward,0.5496,13.6925,15.2422,1.4637,0.0,False,False
1,30,1548021558,0,forward,0.4752,14.1677,15.2159,0.9536,0.0,False,False
1,31,964610217,0,forward,0.5474,14.7151,15.1861,1.4489,0.0,False,False
1,32,1548021558,0,forward,0.5484,15.2635,15.1561,3.1738,0.0,False,False
1,33,1548021558,0,forward,0.5363,15.7999,15.1268,3.3902,0.0,False,False
1,34,1548021558,0,forward,0.549,16.3489,15.0969,3.3721,0.0,False,False
1,35,1548021558,0,forward,0.5487,16.8976,15.0669,3.3542,0.0,False,False
1,36,1548021558,0,forward,0.5487,17.4463,15.037,3.3317,0.0,False,False
1,37,1548021558,0,forward,0.5487,17.995,15.0071,3.3029,0.0,False,False
1,38,1548021558,0,forward,0.5487,18.5437,14.9771,3.2864,0.0,False,False
1,39,1548021558,0,forward,0.5488,19.0925,14.9472,2.4131,0.0,False,False
1,40,1548021558,0,forward,0.5493,19.6418,14.9172,1.502,0.0,False,False
1,41,1548021558,0,forward,0.4754,20.1172,14.891,0.9528,0.0,False,False
1,42,964610217,0,forward,0.547,20.6642,14.8611,1.5025,0.0,False,False
1,43,1548021558,0,forward,0.4285,21.0928,14.8372,3.1539,0.0,False,False
1,44,1548021558,0,forward,0.6589,21.7516,14.8017,3.1589,0.0,False,False
1,45,1548021558,0,forward,0.5483,22.2999,14.7718,3.1407,0.0,False,False
1,46,1548021558,0,forward,0.5487,22.8486,14.7419,3.1081,0.0,False,False
1,47,1548021558,0,forward,0.5487,23.3973,14.712,3.0995,0.0,False,False
1,48,1548021558,0,forward,0.5486,23.9459,14.682,3.0747,0.0,False,False
1,49,1548021558,0,forward,0.5486,24.4945,14.6521,3.0451,0.0,False,False
1,50,1548021558,0,forward,0.5487,25.0432,14.6222,2.5941,0.0,False,False
1,51,1548021558,0,forward,0.4292,25.4724,14.5982,1.6489,0.0,False,False
1,52,1548021558,0,forward,0.6262,26.0986,14.5644,0.9873,0.0,False,False
1,53,964610217,0,forward,0.2788,26.3773,14.548,1.2877,0.0,False,False
1,54,1548021558,0,forward,0.7868,27.1642,14.5061,2.6682,0.0,False,False
1,55,1548021558,0,forward,0.5485,27.7127,14.4762,2.9428,0.0,False,False
1,56,1548021558,0,forward,0.5356,28.2483,14.4469,2.9313,0.0,False,False
1,57,1548021558,0,forward,0.5487,28.797,14.417,2.9096,0.0,False,False
1,58,1548021558,0,forward,0.5486,29.3456,14.387,2.8725,0.0,False,False
1,59,1548021558,0,forward,0.5486,29.8942,14.3571,2.8655,0.0,False,False
1,60,1548021558,0,forward,0.5486,30.4428,14.3272,2.8562,0.0,False,False
1,61,1548021558,0,forward,0.5486,30.9914,14.2973,2.7581,0.0,False,False
1,62,1548021558,0,forward,0.5489,31.5403,14.2673,1.7491,0.0,False,False
1,63,1548021558,0,forward,0.5499,32.0902,14.2373,1.1447,0.0,False,False
1,64,1548021558,0,forward,0.3533,32.4435,14.2171,1.1732,0.0,False,False
1,65,1548021558,0,forward,0.667,33.1105,14.1813,2.0969,0.0,False,False
1,66,1548021558,0,forward,0.5484,33.6589,14.1514,2.7483,0.0,False,False
1,67,1548021558,0,forward,0.5271,34.186,14.1225,2.743,0.0,False,False
1,68,1548021558,0,forward,0.5487,34.7347,14.0926,2.7133,0.0,False,False
1,69,1548021558,0,forward,0.5486,35.2833,14.0627,2.6801,0.0,False,False
1,70,1548021558,0,forward,0.5486,35.8319,14.0327,2.6904,0.0,False,False
1,71,1548021558,0,forward,0.5485,36.3804,14.0028,2.6788,0.0,False,False
1,72,1548021558,0,forward,0.5486,36.929,13.9729,2.6395,0.0,False,False
1,73,1548021558,0,forward,0.6686,37.5976,13.9369,1.9305,0.0,False,False
1,74,1548021558,0,forward,0.3097,37.9073,13.919,1.2298,0.0,False,False
1,75,1548021558,0,forward,0.5942,38.5015,13.8867,1.0181,0.0,False,False
1,76,668304872,1,turn_left,0.4678,38.9694,13.8584,1.8652,0.0,False,False
1,77,1548021558,0,forward,0.4583,39.4276,13.8329,2.5737,0.0,False,False
1,78,1548021558,0,forward,0.5434,39.971,13.8033,2.5646,0.0,False,False
1,79,1548021558,0,forward,0.5436,40.5146,13.7736,2.5389,0.0,False,False
1,80,1548021558,0,forward,0.5486,41.0632,13.7437,2.5442,0.0,False,False
1,81,1548021558,0,forward,0.5485,41.6117,13.7137,2.5252,0.0,False,False
1,82,1548021558,0,forward,0.5485,42.1602,13.6838,2.5007,0.0,False,False
1,83,1548021558,0,forward,0.5485,42.7087,13.6539,2.4859,0.0,False,False
1,84,1548021558,0,forward,0.5485,43.2572,13.624,2.4779,0.0,False,False
1,85,1548021558,0,forward,0.5489,43.8061,13.594,1.6935,0.0,False,False
1,86,1548021558,0,forward,0.5284,44.3345,13.5651,1.0725,0.0,False,False
1,87,1904234423,4,forward_right,0.4585,44.793,13.5397,1.1727,0.0,False,False
1,88,1548021558,0,forward,0.503,45.296,13.512,1.4929,0.0,False,False
1,89,1548021558,0,forward,0.5473,45.8433,13.4822,2.0153,0.0,False,False
1,90,1548021558,0,forward,0.5475,46.3908,13.4523,2.3998,0.0,False,False
1,91,1548021558,0,forward,0.5476,46.9384,13.4224,2.3886,0.0,False,False
1,92,1548021558,0,forward,0.5477,47.4861,13.3925,2.3593,0.0,False,False
1,93,1548021558,0,forward,0.5478,48.0339,13.3626,1.8913,0.0,False,False
1,94,1548021558,0,forward,0.5482,48.5821,13.3327,1.3398,0.0,False,False
1,95,1548021558,0,forward,0.4916,49.0737,13.3056,0.9518,0.0,False,False
1,96,964610217,0,forward,0.546,49.6197,13.2758,1.4325,0.0,False,False
1,97,1548021558,0,forward,0.5471,50.1668,13.246,2.3289,0.0,False,False
1,98,1548021558,0,forward,0.5475,50.7143,13.2161,2.316,0.0,False,False
1,99,1548021558,0,forward,0.5476,51.262,13.1862,2.3272,0.0,False,False
1,100,1548021558,0,forward,0.5454,51.8074,13.1565,2.3091,0.0,False,False
1,101,1548021558,0,forward,0.4282,52.2355,13.1325,2.3066,0.0,False,False
1,102,1548021558,0,forward,0.6672,52.9027,13.0967,2.2854,0.0,False,False
1,103,1548021558,0,forward,0.5476,53.4503,13.0668,2.265,0.0,False,False
1,104,1548021558,0,forward,0.5476,53.9978,13.0369,2.2472,0.0,False,False
1,105,1548021558,0,forward,0.6671,54.665,13.0011,2.1854,0.0,False,False
1,106,1548021558,0,forward,0.4283,55.0933,12.9772,1.8589,0.0,False,False
1,107,1548021558,0,forward,0.5487,55.642,12.9472,1.1816,0.0,False,False
1,108,1548021558,0,forward,0.4744,56.1164,12.921,1.1047,0.0,False,False
1,109,1548021558,0,forward,0.5465,56.6629,12.8912,2.0517,0.0,False,False
1,110,1548021558,0,forward,0.5474,57.2103,12.8613,2.0717,0.0,False,False
1,111,1548021558,0,forward,0.5257,57.736,12.8325,2.0376,0.0,False,False
1,112,1548021558,0,forward,0.5477,58.2837,12.8026,2.0038,0.0,False,False
1,113,1548021558,0,forward,0.5476,58.8313,12.7728,1.9602,0.0,False,False
1,114,1548021558,0,forward,0.5475,59.3788,12.7429,1.944,0.0,False,False
1,115,1548021558,0,forward,0.5475,59.9263,12.713,1.918,0.0,False,False
1,116,1548021558,0,forward,0.5475,60.4738,12.6831,1.876,0.0,False,False
1,117,1548021558,0,forward,0.5477,61.0215,12.6532,1.844,0.0,False,False
1,118,1548021558,0,forward,0.5485,61.57,12.6233,1.2053,0.0,False,False
1,119,1548021558,0,forward,0.4727,62.0427,12.5972,1.0842,0.0,False,False
1,120,1904234423,4,forward_right,0.4629,62.5055,12.5715,1.7711,0.0,False,False
1,121,1548021558,0,forward,0.4661,62.9717,12.5457,1.7367,0.0,False,False
1,122,1548021558,0,forward,0.5457,63.5174,12.516,1.7136,0.0,False,False
1,123,1548021558,0,forward,0.5417,64.0591,12.4864,1.6875,0.0,False,False
1,124,1548021558,0,forward,0.4267,64.4858,12.4625,1.6674,0.0,False,False
1,125,1548021558,0,forward,0.6649,65.1507,12.4268,1.6316,0.0,False,False
1,126,1548021558,0,forward,0.5457,65.6964,12.397,1.6067,0.0,False,False
1,127,1548021558,0,forward,0.5457,66.242,12.3672,1.5618,0.0,False,False
1,128,1548021558,0,forward,0.5457,66.7877,12.3374,1.5334,0.0,False,False
1,129,1548021558,0,forward,0.5458,67.3335,12.3076,1.4947,0.0,False,False
1,130,1548021558,0,forward,0.5465,67.88,12.2778,1.2308,0.0,False,False
1,131,1548021558,0,forward,0.4495,68.3295,12.2528,0.9734,0.0,False,False
1,132,964610217,0,forward,0.5441,68.8736,12.2231,1.4144,0.0,False,False
1,133,1548021558,0,forward,0.5246,69.3982,12.1944,1.3956,0.0,False,False
1,134,1548021558,0,forward,0.5268,69.9249,12.1656,1.3755,0.0,False,False
1,135,1548021558,0,forward,0.5455,70.4704,12.1358,1.3322,0.0,False,False
1,136,1548021558,0,forward,0.5454,71.0159,12.106,1.3173,0.0,False,False
1,137,1548021558,0,forward,0.5454,71.5612,12.0763,1.2688,0.0,False,False
1,138,1548021558,0,forward,0.5453,72.1066,12.0465,1.2534,0.0,False,False
1,139,1548021558,0,forward,0.5454,72.652,12.0167,1.2169,0.0,False,False
1,140,1548021558,0,forward,0.5456,73.1976,11.9869,1.1657,0.0,False,False
1,141,1548021558,0,forward,0.4271,73.6246,11.9631,1.044,0.0,False,False
1,142,1904234423,4,forward_right,0.5375,74.1622,11.9337,1.1316,0.0,False,False
1,143,1548021558,0,forward,0.46,74.6222,11.9082,1.0915,0.0,False,False
1,144,1904234423,4,forward_right,0.5285,75.1507,11.8793,1.092,0.0,False,False
1,145,1904234423,4,forward_right,0.367,75.5177,11.8584,1.0583,0.0,False,False
1,146,224357922,1,turn_left,0.3567,75.8744,11.8356,1.0226,0.0,False,False
1,147,1904234423,4,forward_right,0.3573,76.2317,11.8152,1.0125,0.0,False,False
1,148,224357922,1,turn_left,0.1603,76.3919,11.8022,0.996,0.0,False,False
1,149,224357922,1,turn_left,-0.1,76.2919,11.8016,0.9406,0.0,False,False
1,150,964610217,0,forward,0.2605,76.5524,11.786,0.9739,0.0,False,False
1,151,224357922,1,turn_left,0.3208,76.8732,11.765,0.9769,0.0,False,False
1,152,224357922,1,turn_left,-0.0496,76.8236,11.7625,0.9584,0.0,False,False
1,153,224357922,1,turn_left,-0.1,76.7236,11.7625,0.975,0.0,False,False
1,154,1971047854,3,forward_left,0.0616,76.7851,11.7569,0.9546,0.0,False,False
1,155,1971047854,3,forward_left,0.4087,77.1938,11.734,0.9442,0.0,False,False
1,156,1971047854,3,forward_left,0.3699,77.5638,11.713,0.9401,0.0,False,False
1,157,1971047854,3,forward_left,0.3698,77.9335,11.692,0.9177,0.0,False,False
1,158,1971047854,3,forward_left,0.3696,78.3031,11.671,0.9012,0.0,False,False
1,159,1971047854,3,forward_left,0.3786,78.6817,11.6496,0.8816,0.0,False,False
1,160,964610217,0,forward,0.2788,78.9605,11.6332,0.8816,0.0,False,False
1,161,1971047854,3,forward_left,0.3808,79.3413,11.6116,0.8807,0.0,False,False
1,162,851696946,3,forward_left,0.3618,79.7031,11.591,0.8674,0.0,False,False
1,163,851696946,3,forward_left,0.3511,80.0542,11.571,0.8768,0.0,False,False
1,164,851696946,3,forward_left,0.3552,80.4093,11.5507,0.8592,0.0,False,False
1,165,851696946,3,forward_left,0.3514,80.7608,11.5306,0.8592,0.0,False,False
1,166,851696946,3,forward_left,0.3473,81.1081,11.5108,0.8411,0.0,False,False
1,167,851696946,3,forward_left,0.343,81.4511,11.4911,0.8187,0.0,False,False
1,168,851696946,3,forward_left,0.3384,81.7895,11.4717,0.8105,0.0,False,False
1,169,851696946,3,forward_left,0.2575,82.047,11.4563,0.8304,0.0,False,False
1,170,269267653,0,forward,0.4382,82.4852,11.4319,0.8202,0.0,False,False
1,171,269267653,0,forward,0.3524,82.8377,11.4118,0.7963,0.0,False,False
1,172,137084343,1,turn_left,0.3544,83.192,11.3891,0.8281,0.0,False,False
1,173,269267653,0,forward,0.3316,83.5237,11.37,0.8205,0.0,False,False
1,174,269267653,0,forward,0.3816,83.9052,11.3484,0.8167,0.0,False,False
1,175,269267653,0,forward,0.4704,84.3756,11.3224,0.8167,0.0,False,False
1,176,269267653,0,forward,0.4701,84.8457,11.2964,0.8133,0.0,False,False
1,177,269267653,0,forward,0.4697,85.3154,11.2704,0.8173,0.0,False,False
1,178,269267653,0,forward,0.4693,85.7847,11.2444,0.8156,0.0,False,False
1,179,269267653,0,forward,0.4689,86.2536,11.2185,0.8153,0.0,False,False
1,180,269267653,0,forward,0.4685,86.7221,11.1926,0.8173,0.0,False,False
1,181,269267653,0,forward,0.4685,87.1906,11.1667,0.8269,0.0,False,False
1,182,269267653,0,forward,0.3805,87.5711,11.1451,0.8415,0.0,False,False
1,183,137084343,1,turn_left,0.1711,87.7422,11.1316,0.8397,0.0,False,False
1,184,269267653,0,forward,0.2944,88.0366,11.1143,0.8378,0.0,False,False
1,185,269267653,0,forward,0.3794,88.416,11.0929,0.8642,0.0,False,False
1,186,269267653,0,forward,0.4544,88.8705,11.0677,0.8718,0.0,False,False
1,187,269267653,0,forward,0.4539,89.3244,11.0425,0.8881,0.0,False,False
1,188,269267653,0,forward,0.4535,89.7779,11.0173,0.9064,0.0,False,False
1,189,269267653,0,forward,0.453,90.2309,10.9921,0.9358,0.0,False,False
1,190,269267653,0,forward,0.4528,90.6837,10.967,0.956,0.0,False,False
1,191,269267653,0,forward,0.4029,91.0867,10.9443,0.9251,0.0,False,False
1,192,137084343,1,turn_left,0.1298,91.2165,10.9329,0.9817,0.0,False,False
1,193,269267653,0,forward,0.3091,91.5256,10.9149,0.9817,0.0,False,False
1,194,269267653,0,forward,0.2971,91.8227,10.8975,0.983,0.0,False,False
1,195,269267653,0,forward,0.436,92.2587,10.8732,1.0125,0.0,False,False
1,196,269267653,0,forward,0.4352,92.6939,10.849,1.0442,0.0,False,False
1,197,269267653,0,forward,0.4346,93.1286,10.8248,1.0652,0.0,False,False
1,198,269267653,0,forward,0.434,93.5626,10.8005,1.0652,0.0,False,False
1,199,909280383,2,turn_right,0.3354,93.898,10.7788,1.0954,0.0,False,False
1,200,269267653,0,forward,0.3178,94.2159,10.7604,1.1378,0.0,False,False
1,201,909280383,2,turn_right,0.3436,94.5595,10.7382,1.0679,0.0,False,False
1,202,1873715732,4,forward_right,0.132,94.6915,10.7291,1.1867,0.0,False,False
1,203,909280383,2,turn_right,0.2552,94.9466,10.7113,1.1637,0.0,False,False
1,204,909280383,2,turn_right,0.1147,95.0614,10.7006,1.1633,0.0,False,False
1,205,909280383,2,turn_right,-0.0095,95.0518,10.6961,1.1531,0.0,False,False
1,206,909280383,2,turn_right,-0.1,94.9518,10.6967,1.1531,0.0,False,False
1,207,909280383,2,turn_right,-0.1,94.8518,10.6968,1.1257,0.0,False,False
1,208,909280383,2,turn_right,-0.1,94.7518,10.6972,1.002,0.0,False,False
1,209,555146084,3,forward_left,0.0574,94.8092,10.6919,1.012,0.0,False,False
1,210,555146084,3,forward_left,0.3412,95.1503,10.6723,1.0868,0.0,False,False
1,211,909969137,0,forward,0.2876,95.4379,10.6554,1.0994,0.0,False,False
1,212,909969137,0,forward,0.3385,95.7764,10.636,1.0994,0.0,False,False
1,213,909969137,0,forward,0.4545,96.2308,10.6108,1.0941,0.0,False,False
1,214,909969137,0,forward,0.5016,96.7324,10.5832,1.0978,0.0,False,False
1,215,909969137,0,forward,0.5014,97.2338,10.5556,1.1027,0.0,False,False
1,216,1548021558,0,forward,0.5012,97.7349,10.5281,1.1214,0.0,False,False
1,217,1548021558,0,forward,0.501,98.2359,10.5005,1.1384,0.0,False,False
1,218,1548021558,0,forward,0.3907,98.6267,10.4785,1.1573,0.0,False,False
1,219,1548021558,0,forward,0.6117,99.2383,10.4454,1.157,0.0,False,False
1,220,1548021558,0,forward,0.3474,99.5857,10.4256,0.9433,0.0,False,False
1,221,964610217,0,forward,0.4987,100.0843,10.3981,1.1755,0.0,False,False
1,222,1548021558,0,forward,0.4383,100.5226,10.3737,1.1776,0.0,False,False
1,223,1548021558,0,forward,0.4992,101.0218,10.3462,1.2049,0.0,False,False
1,224,1548021558,0,forward,0.6085,101.6304,10.3133,1.1984,0.0,False,False
1,225,1548021558,0,forward,0.3888,102.0191,10.2914,1.1984,0.0,False,False
1,226,1548021558,0,forward,0.4982,102.5173,10.264,1.2232,0.0,False,False
1,227,1548021558,0,forward,0.4979,103.0153,10.2366,1.2397,0.0,False,False
1,228,1548021558,0,forward,0.4978,103.513,10.2092,1.2562,0.0,False,False
1,229,1548021558,0,forward,0.498,104.0111,10.1818,1.258,0.0,False,False
1,230,1548021558,0,forward,0.3112,104.3222,10.1637,1.1072,0.0,False,False
1,231,1548021558,0,forward,0.4937,104.816,10.1365,1.1072,0.0,False,False
1,232,1548021558,0,forward,0.3758,105.1918,10.1152,1.2849,0.0,False,False
1,233,1548021558,0,forward,0.4968,105.6886,10.0879,1.2907,0.0,False,False
1,234,1548021558,0,forward,0.4957,106.1843,10.0606,1.3017,0.0,False,False
1,235,1548021558,0,forward,0.4954,106.6796,10.0334,1.3058,0.0,False,False
1,236,1548021558,0,forward,0.495,107.1747,10.0061,1.3179,0.0,False,False
1,237,1548021558,0,forward,0.4948,107.6695,9.9789,1.3532,0.0,False,False
1,238,1548021558,0,forward,0.3858,108.0553,9.9571,1.3532,0.0,False,False
1,239,1548021558,0,forward,0.4831,108.5385,9.9304,1.2859,0.0,False,False
1,240,1548021558,0,forward,0.4273,108.9657,9.9065,0.9331,0.0,False,False
1,241,909280383,2,turn_right,0.3285,109.2942,9.8851,1.3756,0.0,False,False
1,242,909280383,2,turn_right,0.4127,109.7069,9.8595,1.3984,0.0,False,False
1,243,909280383,2,turn_right,0.3776,110.0845,9.8356,1.4001,0.0,False,False
1,244,909280383,2,turn_right,0.1282,110.2128,9.8242,1.4107,0.0,False,False
1,245,909280383,2,turn_right,-0.1,110.1128,9.8234,1.0311,0.0,False,False
1,246,1904234423,4,forward_right,-0.05,110.0628,9.8241,1.3879,0.0,False,False
1,247,1548021558,0,forward,0.056,110.1187,9.8188,1.3879,0.0,False,False
1,248,1548021558,0,forward,0.336,110.4547,9.7995,1.3732,0.0,False,False
1,249,1548021558,0,forward,0.3529,110.8077,9.7794,1.3748,0.0,False,False
1,250,1548021558,0,forward,0.6374,111.4451,9.745,1.3894,0.0,False,False
1,251,1548021558,0,forward,0.4081,111.8531,9.7221,1.3942,0.0,False,False
1,252,1548021558,0,forward,0.6369,112.49,9.6878,1.3946,0.0,False,False
1,253,1548021558,0,forward,0.5222,113.0122,9.6592,1.4016,0.0,False,False
1,254,1548021558,0,forward,0.6364,113.6487,9.6248,1.4189,0.0,False,False
1,255,1548021558,0,forward,0.4075,114.0561,9.602,1.4185,0.0,False,False
1,256,1548021558,0,forward,0.5218,114.578,9.5734,1.431,0.0,False,False
1,257,1548021558,0,forward,0.5223,115.1002,9.5448,1.4487,0.0,False,False
1,258,1548021558,0,forward,0.3068,115.4071,9.5269,1.0129,0.0,False,False
1,259,964610217,0,forward,0.6165,116.0236,9.4936,1.2557,0.0,False,False
1,260,1548021558,0,forward,0.5212,116.5447,9.465,1.4523,0.0,False,False
1,261,1548021558,0,forward,0.4883,117.033,9.4381,1.4609,0.0,False,False
1,262,1548021558,0,forward,0.521,117.554,9.4096,1.468,0.0,False,False
1,263,1548021558,0,forward,0.5208,118.0748,9.381,1.4725,0.0,False,False
1,264,1548021558,0,forward,0.4065,118.4813,9.3582,1.4855,0.0,False,False
1,265,1548021558,0,forward,0.5204,119.0018,9.3297,1.495,0.0,False,False
1,266,1548021558,0,forward,0.7484,119.7502,9.2898,1.4941,0.0,False,False
1,267,1548021558,0,forward,0.2922,120.0423,9.2727,1.5163,0.0,False,False
1,268,1548021558,0,forward,0.635,120.6773,9.2384,1.1608,0.0,False,False
1,269,1548021558,0,forward,0.1882,120.8655,9.2265,1.114,0.0,False,False
1,270,1548021558,0,forward,0.7448,121.6103,9.1868,1.539,0.0,False,False
1,271,1548021558,0,forward,0.352,121.9623,9.1667,1.533,0.0,False,False
1,272,1548021558,0,forward,0.5167,122.479,9.1383,1.544,0.0,False,False
1,273,1548021558,0,forward,0.6328,123.1118,9.1042,1.5412,0.0,False,False
1,274,1548021558,0,forward,0.405,123.5169,9.0814,1.5539,0.0,False,False
1,275,1548021558,0,forward,0.5186,124.0355,9.053,1.5539,0.0,False,False
1,276,1548021558,0,forward,0.5184,124.5539,9.0246,1.5629,0.0,False,False
1,277,1548021558,0,forward,0.6319,125.1858,8.9905,1.5757,0.0,False,False
1,278,1548021558,0,forward,0.5185,125.7043,8.9621,1.3027,0.0,False,False
1,279,1548021558,0,forward,0.3655,126.0697,8.9413,0.9408,0.0,False,False
1,280,964610217,0,forward,0.5616,126.6313,8.9107,1.6059,0.0,False,False
1,281,1548021558,0,forward,0.4033,127.0346,8.888,1.6,0.0,False,False
1,282,1548021558,0,forward,0.8163,127.8509,8.8447,1.6,0.0,False,False
1,283,1548021558,0,forward,0.1767,128.0275,8.8334,1.6072,0.0,False,False
1,284,1548021558,0,forward,0.6297,128.6572,8.7994,1.6217,0.0,False,False
1,285,1548021558,0,forward,0.5162,129.1734,8.7711,1.6148,0.0,False,False
1,286,1548021558,0,forward,0.4028,129.5762,8.7485,1.6148,0.0,False,False
1,287,1548021558,0,forward,0.6289,130.205,8.7145,1.6377,0.0,False,False
1,288,1548021558,0,forward,0.4025,130.6076,8.6919,1.6377,0.0,False,False
1,289,1548021558,0,forward,0.516,131.1236,8.6636,1.109,0.0,False,False
1,290,1548021558,0,forward,0.5121,131.6358,8.6355,1.123,0.0,False,False
1,291,1548021558,0,forward,0.401,132.0367,8.6129,1.6763,0.0,False,False
1,292,1548021558,0,forward,0.5962,132.6329,8.5806,1.6719,0.0,False,False
1,293,1548021558,0,forward,0.4007,133.0336,8.5581,1.6748,0.0,False,False
1,294,1548021558,0,forward,0.4017,133.4353,8.5355,1.6748,0.0,False,False
1,295,1548021558,0,forward,0.5143,133.9496,8.5073,1.7002,0.0,False,False
1,296,1548021558,0,forward,0.7396,134.6892,8.4678,1.829,0.0,False,False
1,297,1548021558,0,forward,0.5137,135.2029,8.4396,1.829,0.0,False,False
1,298,1548021558,0,forward,0.5135,135.7164,8.4114,1.7618,0.0,False,False
1,299,1548021558,0,forward,0.4008,136.1172,8.3889,1.7618,0.0,False,False
1,300,1548021558,0,forward,0.6113,136.7285,8.3558,1.4222,0.0,False,False
1,301,1548021558,0,forward,0.4246,137.1531,8.3321,0.9393,0.0,False,False
1,302,964610217,0,forward,0.5121,137.6652,8.304,1.6715,0.0,False,False
1,303,1548021558,0,forward,0.5731,138.2383,8.2729,1.6277,0.0,False,False
1,304,1548021558,0,forward,0.3998,138.6381,8.2504,1.6277,0.0,False,False
1,305,1548021558,0,forward,0.3994,139.0375,8.2279,1.6031,0.0,False,False
1,306,1548021558,0,forward,0.736,139.7735,8.1886,1.5412,0.0,False,False
1,307,1548021558,0,forward,0.0622,139.8358,8.183,1.5412,0.0,False,False
1,308,1548021558,0,forward,0.2867,140.1224,8.1661,1.5044,0.0,False,False
1,309,1548021558,0,forward,1.0722,141.1946,8.11,1.4661,0.0,False,False
1,310,1548021558,0,forward,0.4117,141.6063,8.087,1.2407,0.0,False,False
1,311,1548021558,0,forward,0.5119,142.1182,8.0589,1.0794,0.0,False,False
1,312,1904234423,4,forward_right,0.4677,142.5859,8.033,1.3843,0.0,False,False
1,313,1548021558,0,forward,0.4177,143.0037,8.0096,1.3448,0.0,False,False
1,314,1548021558,0,forward,0.4018,143.4055,7.987,1.3448,0.0,False,False
1,315,926291406,4,forward_right,0.5839,143.9894,7.9553,1.3144,0.0,False,False
1,316,926291406,4,forward_right,0.3466,144.336,7.9355,1.2808,0.0,False,False
1,317,926291406,4,forward_right,0.3507,144.6867,7.9154,1.2439,0.0,False,False
1,318,926291406,4,forward_right,0.2651,144.9518,7.8997,1.2337,0.0,False,False
1,319,926291406,4,forward_right,0.3432,145.295,7.88,1.0559,0.0,False,False
1,320,1166997565,3,forward_left,0.4043,145.6993,7.8573,1.189,0.0,False,False
1,321,926291406,4,forward_right,0.3369,146.0362,7.838,1.1925,0.0,False,False
1,322,926291406,4,forward_right,0.3614,146.3976,7.8174,1.1762,0.0,False,False
1,323,926291406,4,forward_right,0.4468,146.8444,7.7926,1.1394,0.0,False,False
1,324,926291406,4,forward_right,0.2828,147.1272,7.7759,1.1123,0.0,False,False
1,325,926291406,4,forward_right,0.2838,147.411,7.7592,1.1014,0.0,False,False
1,326,926291406,4,forward_right,0.536,147.947,7.7299,1.0753,0.0,False,False
1,327,1166997565,3,forward_left,0.302,148.249,7.7123,1.0446,0.0,False,False
1,328,1937774032,3,forward_left,0.3727,148.6217,7.6912,1.018,0.0,False,False
1,329,1937774032,3,forward_left,0.1179,148.7396,7.6828,1.018,0.0,False,False
1,330,1937774032,3,forward_left,0.3989,149.1385,7.6603,0.9856,0.0,False,False
1,331,1309443777,2,turn_right,0.398,149.5364,7.6354,0.9486,0.0,False,False
1,332,1937774032,3,forward_left,0.3991,149.9355,7.613,0.924,0.0,False,False
1,333,1937774032,3,forward_left,0.3659,150.3014,7.5922,0.9135,0.0,False,False
1,334,1937774032,3,forward_left,0.4433,150.7448,7.5675,0.8951,0.0,False,False
1,335,1937774032,3,forward_left,0.3577,151.1025,7.5471,0.885,0.0,False,False
1,336,1937774032,3,forward_left,0.2737,151.3762,7.531,0.854,0.0,False,False
1,337,1937774032,3,forward_left,0.4311,151.8073,7.5069,0.8214,0.0,False,False
1,338,1937774032,3,forward_left,0.4256,152.2329,7.4831,0.7958,0.0,False,False
1,339,1309443777,2,turn_right,0.1359,152.3688,7.4713,0.7887,0.0,False,False
1,340,1309443777,2,turn_right,0.0795,152.4484,7.4624,0.7708,0.0,False,False
1,341,1309443777,2,turn_right,-0.1,152.3484,7.4631,0.7565,0.0,False,False
1,342,1309443777,2,turn_right,-0.1,152.2484,7.4634,0.7565,0.0,False,False
1,343,1937774032,3,forward_left,0.0754,152.3238,7.4571,0.7662,0.0,False,False
1,344,1937774032,3,forward_left,0.3973,152.721,7.4348,0.7631,0.0,False,False
1,345,1937774032,3,forward_left,0.2753,152.9963,7.4185,0.7631,0.0,False,False
1,346,1937774032,3,forward_left,0.2727,153.2691,7.4024,0.7371,0.0,False,False
1,347,1937774032,3,forward_left,0.4294,153.6985,7.3784,0.7247,0.0,False,False
1,348,1937774032,3,forward_left,0.3448,154.0432,7.3587,0.6955,0.0,False,False
1,349,1309443777,2,turn_right,0.1693,154.2125,7.3452,0.6475,0.0,False,False
1,350,1309443777,2,turn_right,-0.1,154.1125,7.3452,0.6414,0.0,False,False
1,351,1309443777,2,turn_right,-0.1,154.0125,7.3461,0.6414,0.0,False,False
1,352,1937774032,3,forward_left,-0.05,153.9625,7.3441,0.6504,0.0,False,False
1,353,1937774032,3,forward_left,0.1972,154.1597,7.3318,0.649,0.0,False,False
1,354,1937774032,3,forward_left,0.141,154.3007,7.3222,0.649,0.0,False,False
1,355,1937774032,3,forward_left,0.599,154.8996,7.2898,0.6342,0.0,False,False
1,356,1937774032,3,forward_left,0.3532,155.2529,7.2696,0.6055,0.0,False,False
1,357,1309443777,2,turn_right,-1.1213,154.1316,7.2457,0.5851,0.0,False,False
1,358,1309443777,2,turn_right,-1.4864,152.6451,7.24,0.563,0.0,False,False
1,359,1309443777,2,turn_right,-1.6,151.0451,7.2398,0.5334,0.0,False,False
1,360,101706613,1,turn_left,-1.3619,149.6832,7.2279,0.5202,0.0,False,False
1,361,101706613,1,turn_left,-1.3828,148.3004,7.2171,0.5245,0.0,False,False
1,362,101706613,1,turn_left,-1.6,146.7004,7.2154,0.5179,0.0,False,False
1,363,1464962433,1,turn_left,-1.6,145.1004,7.2153,0.5264,0.0,False,False
1,364,1126719143,2,turn_right,-1.6,143.5004,7.2152,0.5357,0.0,False,False
1,365,1126719143,2,turn_right,-1.5008,141.9996,7.2102,0.5441,0.0,False,False
1,366,1126719143,2,turn_right,-1.4714,140.5282,7.2038,0.531,0.0,False,False
1,367,1126719143,2,turn_right,-1.6,138.9282,7.2023,0.5145,0.0,False,False
1,368,1126719143,2,turn_right,-1.6,137.3282,7.2025,0.5117,0.0,False,False
1,369,1464962433,1,turn_left,-1.522,135.8062,7.1986,0.5012,0.0,False,False
1,370,1464962433,1,turn_left,-1.433,134.3732,7.1902,0.4847,0.0,False,False
1,371,1464962433,1,turn_left,-1.6,132.7732,7.1883,0.4841,0.0,False,False
1,372,1126719143,2,turn_right,-1.5001,131.2731,7.1833,0.4759,0.0,False,False
1,373,1126719143,2,turn_right,-1.4962,129.7769,7.1781,0.4639,0.0,False,False
1,374,1126719143,2,turn_right,-1.5211,128.2558,7.1742,0.4612,0.0,False,False
1,375,1464962433,1,turn_left,-1.47,126.7858,7.1677,0.4648,0.0,False,False
1,376,1464962433,1,turn_left,-1.4613,125.3245,7.1608,0.4564,0.0,False,False
1,377,1464962433,1,turn_left,-1.6,123.7245,7.1592,0.4469,0.0,False,False
1,378,1126719143,2,turn_right,-1.4931,122.2314,7.1538,0.4423,0.0,False,False
1,379,1126719143,2,turn_right,-1.4977,120.7338,7.1487,0.4469,0.0,False,False
1,380,1126719143,2,turn_right,-1.5527,119.1811,7.1464,0.4353,0.0,False,False
1,381,1464962433,1,turn_left,-1.5262,117.6549,7.1427,0.4276,0.0,False,False
1,382,551561856,0,forward,-1.3876,116.2673,7.1345,0.4238,0.0,False,False
1,383,551561856,0,forward,-1.2768,114.9905,7.1209,0.4192,0.0,False,False
1,384,551561856,0,forward,-1.1616,113.8289,7.1015,0.396,0.0,False,False
1,385,551561856,0,forward,-1.0465,112.7824,7.0763,0.3814,0.0,False,False
1,386,551561856,0,forward,-0.9975,111.785,7.0487,0.3664,0.0,False,False
1,387,551561856,0,forward,-0.9977,110.7872,7.021,0.3348,0.0,False,False
1,388,551561856,0,forward,-1.1084,109.6788,6.999,0.3039,0.0,False,False
1,389,551561856,0,forward,-500.0,-390.3212,6.9659,0.2823,0.0,False,True
2,1,964610217,0,forward,-0.05,-0.05,15.9655,0.967,0.0,False,False
2,2,964610217,0,forward,0.0994,0.0494,15.958,0.9839,0.0,False,False
2,3,964610217,0,forward,0.2244,0.2738,15.9443,1.0071,0.0,False,False
2,4,964610217,0,forward,0.3494,0.6233,15.9243,1.0246,0.0,False,False
2,5,1904234423,4,forward_right,0.4133,1.0366,15.9012,1.0691,0.0,False,False
2,6,1904234423,4,forward_right,0.4241,1.4606,15.8775,0.9869,0.0,False,False
2,7,964610217,0,forward,0.3306,1.7913,15.8584,1.2821,0.0,False,False
2,8,1548021558,0,forward,0.5428,2.3341,15.8288,1.916,0.0,False,False
2,9,1548021558,0,forward,0.5483,2.8824,15.7989,2.9198,0.0,False,False
2,10,1548021558,0,forward,0.5485,3.4308,15.7689,3.8849,0.0,False,False
2,11,1548021558,0,forward,0.5485,3.9794,15.739,3.8564,0.0,False,False
2,12,1548021558,0,forward,0.5486,4.528,15.7091,3.831,0.0,False,False
2,13,1548021558,0,forward,0.5486,5.0765,15.6792,3.8129,0.0,False,False
2,14,1548021558,0,forward,0.5486,5.6251,15.6492,3.7903,0.0,False,False
2,15,1548021558,0,forward,0.5486,6.1737,15.6193,3.7433,0.0,False,False
2,16,1548021558,0,forward,0.5486,6.7223,15.5894,3.7472,0.0,False,False
2,17,1548021558,0,forward,0.6682,7.3905,15.5535,3.7222,0.0,False,False
2,18,1548021558,0,forward,0.4288,7.8193,15.5295,3.686,0.0,False,False
2,19,1548021558,0,forward,0.5485,8.3679,15.4996,3.0811,0.0,False,False
2,20,1548021558,0,forward,0.5487,8.9166,15.4697,1.9929,0.0,False,False
2,21,1548021558,0,forward,0.5493,9.4659,15.4397,1.2969,0.0,False,False
2,22,1548021558,0,forward,0.5938,10.0597,15.4075,0.9684,0.0,False,False
2,23,964610217,0,forward,0.4278,10.4875,15.3836,1.7713,0.0,False,False
2,24,1548021558,0,forward,0.5482,11.0357,15.3537,3.5574,0.0,False,False
2,25,1548021558,0,forward,0.5354,11.5711,15.3244,3.5418,0.0,False,False
2,26,1548021558,0,forward,0.549,12.1201,15.2945,3.5101,0.0,False,False
2,27,1548021558,0,forward,0.5485,12.6686,15.2646,3.5053,0.0,False,False
2,28,1548021558,0,forward,0.5485,13.2171,15.2346,3.4696,0.0,False,False
2,29,1548021558,0,forward,0.5485,13.7655,15.2047,3.448,0.0,False,False
2,30,1548021558,0,forward,0.5485,14.314,15.1748,3.4142,0.0,False,False
2,31,1548021558,0,forward,0.5486,14.8626,15.1449,2.2945,0.0,False,False
2,32,1548021558,0,forward,0.549,15.4116,15.1149,1.4313,0.0,False,False
2,33,1548021558,0,forward,0.4752,15.8868,15.0886,0.9557,0.0,False,False
2,34,964610217,0,forward,0.5459,16.4328,15.0588,1.4522,0.0,False,False
2,35,1548021558,0,forward,0.548,16.9807,15.029,3.0077,0.0,False,False
2,36,1548021558,0,forward,0.5455,17.5262,14.9992,3.299,0.0,False,False
2,37,1548021558,0,forward,0.5426,18.0688,14.9695,3.2765,0.0,False,False
2,38,1548021558,0,forward,0.6682,18.737,14.9336,3.246,0.0,False,False
2,39,1548021558,0,forward,0.4287,19.1657,14.9097,3.236,0.0,False,False
2,40,1548021558,0,forward,0.5484,19.7141,14.8798,3.2166,0.0,False,False
2,41,1548021558,0,forward,0.5484,20.2625,14.8499,3.1855,0.0,False,False
2,42,1548021558,0,forward,0.6682,20.9307,14.814,2.5891,0.0,False,False
2,43,1548021558,0,forward,0.4291,21.3598,14.79,1.5989,0.0,False,False
2,44,1548021558,0,forward,0.5272,21.887,14.7611,1.0291,0.0,False,False
2,45,1904234423,4,forward_right,0.4711,22.3581,14.7351,1.2427,0.0,False,False
2,46,1548021558,0,forward,0.4584,22.8165,14.7097,1.9509,0.0,False,False
2,47,1548021558,0,forward,0.5472,23.3638,14.6798,3.0733,0.0,False,False
2,48,1548021558,0,forward,0.5415,23.9052,14.6502,3.0649,0.0,False,False
2,49,1548021558,0,forward,0.5474,24.4527,14.6204,3.043,0.0,False,False
2,50,1548021558,0,forward,0.5474,25.0001,14.5905,3.013,0.0,False,False
2,51,1548021558,0,forward,0.5474,25.5475,14.5606,3.0107,0.0,False,False
2,52,1548021558,0,forward,0.5474,26.0949,14.5307,2.9849,0.0,False,False
2,53,1548021558,0,forward,0.6668,26.7617,14.4949,2.9693,0.0,False,False
2,54,1548021558,0,forward,0.428,27.1897,14.471,2.3125,0.0,False,False
2,55,1548021558,0,forward,0.6676,27.8572,14.4351,1.439,0.0,False,False
2,56,1548021558,0,forward,0.3569,28.2141,14.4148,0.9498,0.0,False,False
2,57,964610217,0,forward,0.5428,28.7569,14.3851,1.4631,0.0,False,False
2,58,1548021558,0,forward,0.5468,29.3037,14.3553,2.8775,0.0,False,False
2,59,1548021558,0,forward,0.5473,29.851,14.3254,2.865,0.0,False,False
2,60,1548021558,0,forward,0.5307,30.3817,14.2964,2.8471,0.0,False,False
2,61,1548021558,0,forward,0.5473,30.929,14.2665,2.8398,0.0,False,False
2,62,1548021558,0,forward,0.5473,31.4763,14.2367,2.8015,0.0,False,False
2,63,1548021558,0,forward,0.5473,32.0235,14.2068,2.7954,0.0,False,False
2,64,1548021558,0,forward,0.5472,32.5708,14.1769,2.7782,0.0,False,False
2,65,1548021558,0,forward,0.6667,33.2375,14.1411,2.7574,0.0,False,False
2,66,1548021558,0,forward,0.428,33.6655,14.1172,1.7799,0.0,False,False
2,67,1548021558,0,forward,0.6681,34.3335,14.0813,1.1229,0.0,False,False
2,68,1548021558,0,forward,0.1142,34.4477,14.0731,1.1449,0.0,False,False
2,69,1548021558,0,forward,0.5447,34.9924,14.0434,2.1878,0.0,False,False
2,70,1548021558,0,forward,0.905,35.8973,13.9956,2.6846,0.0,False,False
2,71,1548021558,0,forward,0.4116,36.3089,13.9725,2.6685,0.0,False,False
2,72,1548021558,0,forward,0.5473,36.8563,13.9427,2.6434,0.0,False,False
2,73,1548021558,0,forward,0.4277,37.284,13.9188,2.6478,0.0,False,False
2,74,1548021558,0,forward,0.6666,37.9506,13.883,2.6384,0.0,False,False
2,75,1548021558,0,forward,0.5471,38.4977,13.8531,2.6216,0.0,False,False
2,76,1548021558,0,forward,0.5471,39.0448,13.8232,2.5843,0.0,False,False
2,77,1548021558,0,forward,0.5472,39.5919,13.7934,2.2539,0.0,False,False
2,78,1548021558,0,forward,0.5475,40.1395,13.7635,1.4393,0.0,False,False
2,79,1548021558,0,forward,0.5034,40.6429,13.7358,0.9421,0.0,False,False
2,80,964610217,0,forward,0.5156,41.1585,13.7076,1.4592,0.0,False,False
2,81,1548021558,0,forward,0.5465,41.7049,13.6777,2.5277,0.0,False,False
2,82,1548021558,0,forward,0.547,42.2519,13.6479,2.5079,0.0,False,False
2,83,1548021558,0,forward,0.5303,42.7822,13.6189,2.5214,0.0,False,False
2,84,1548021558,0,forward,0.6665,43.4487,13.5831,2.502,0.0,False,False
2,85,1548021558,0,forward,0.4276,43.8763,13.5592,2.4714,0.0,False,False
2,86,1548021558,0,forward,0.547,44.4233,13.5293,2.4658,0.0,False,False
2,87,1548021558,0,forward,0.5469,44.9702,13.4995,2.4699,0.0,False,False
2,88,1548021558,0,forward,0.7858,45.756,13.4577,2.428,0.0,False,False
2,89,1548021558,0,forward,0.3083,46.0643,13.4398,1.8802,0.0,False,False
2,90,1548021558,0,forward,0.5478,46.6121,13.4099,1.1815,0.0,False,False
2,91,1548021558,0,forward,0.4723,47.0844,13.3838,1.0443,0.0,False,False
2,92,1904234423,4,forward_right,0.488,47.5724,13.3569,1.9008,0.0,False,False
2,93,1548021558,0,forward,0.4572,48.0296,13.3315,2.4114,0.0,False,False
2,94,1548021558,0,forward,0.6642,48.6938,13.2958,2.3945,0.0,False,False
2,95,1548021558,0,forward,0.4215,49.1153,13.2722,2.3769,0.0,False,False
2,96,1548021558,0,forward,0.5453,49.6606,13.2425,2.3783,0.0,False,False
2,97,1548021558,0,forward,0.5452,50.2057,13.2127,2.3747,0.0,False,False
2,98,1548021558,0,forward,0.5451,50.7508,13.1829,2.3425,0.0,False,False
2,99,1548021558,0,forward,0.5451,51.2959,13.1532,2.3232,0.0,False,False
2,100,1548021558,0,forward,0.5451,51.841,13.1234,2.2866,0.0,False,False
2,101,1548021558,0,forward,0.5453,52.3863,13.0937,1.7583,0.0,False,False
2,102,1548021558,0,forward,0.546,52.9323,13.0639,1.1204,0.0,False,False
2,103,1548021558,0,forward,0.3505,53.2828,13.0438,1.1204,0.0,False,False
2,104,1548021558,0,forward,0.6624,53.9452,13.0082,2.1818,0.0,False,False
2,105,1548021558,0,forward,0.5448,54.49,12.9785,2.1686,0.0,False,False
2,106,1548021558,0,forward,0.5287,55.0186,12.9496,2.1457,0.0,False,False
2,107,1548021558,0,forward,0.5451,55.5637,12.9198,2.1031,0.0,False,False
2,108,1548021558,0,forward,0.5449,56.1086,12.8901,2.0689,0.0,False,False
2,109,1548021558,0,forward,0.6639,56.7725,12.8544,2.0225,0.0,False,False
2,110,1548021558,0,forward,0.4259,57.1983,12.8306,2.0007,0.0,False,False
2,111,1548021558,0,forward,0.5448,57.7432,12.8008,1.9802,0.0,False,False
2,112,1548021558,0,forward,0.5449,58.288,12.7711,1.9404,0.0,False,False
2,113,1548021558,0,forward,0.6645,58.9525,12.7354,1.3735,0.0,False,False
2,114,1548021558,0,forward,0.3552,59.3077,12.7151,0.9489,0.0,False,False
2,115,964610217,0,forward,0.54,59.8477,12.6856,1.6578,0.0,False,False
2,116,1548021558,0,forward,0.5442,60.3919,12.6559,1.8239,0.0,False,False
2,117,1548021558,0,forward,0.538,60.9299,12.6265,1.7971,0.0,False,False
2,118,1548021558,0,forward,0.5341,61.4641,12.5973,1.7733,0.0,False,False
2,119,1548021558,0,forward,0.5447,62.0087,12.5675,1.7508,0.0,False,False
2,120,1548021558,0,forward,0.6635,62.6723,12.5319,1.7072,0.0,False,False
2,121,1548021558,0,forward,0.4257,63.0979,12.5081,1.6901,0.0,False,False
2,122,1548021558,0,forward,0.6634,63.7614,12.4724,1.643,0.0,False,False
2,123,1548021558,0,forward,0.4256,64.187,12.4486,1.6193,0.0,False,False
2,124,1548021558,0,forward,0.5448,64.7318,12.4189,1.577,0.0,False,False
2,125,1548021558,0,forward,0.5456,65.2773,12.3891,1.0285,0.0,False,False
2,126,1904234423,4,forward_right,0.4605,65.7379,12.3636,1.1485,0.0,False,False
2,127,1548021558,0,forward,0.464,66.2018,12.3379,1.5048,0.0,False,False
2,128,1548021558,0,forward,0.4227,66.6246,12.3143,1.4816,0.0,False,False
2,129,1548021558,0,forward,0.5164,67.1409,12.2859,1.4632,0.0,False,False
2,130,1548021558,0,forward,0.5411,67.682,12.2564,1.441,0.0,False,False
2,131,1548021558,0,forward,0.541,68.223,12.2268,1.399,0.0,False,False
2,132,1548021558,0,forward,0.5409,68.7639,12.1973,1.3614,0.0,False,False
2,133,1548021558,0,forward,0.659,69.4229,12.1618,1.3378,0.0,False,False
2,134,1548021558,0,forward,0.4226,69.8455,12.1382,1.2987,0.0,False,False
2,135,1548021558,0,forward,0.5409,70.3864,12.1087,1.2657,0.0,False,False
2,136,1548021558,0,forward,0.5414,70.9278,12.0791,1.1534,0.0,False,False
2,137,1548021558,0,forward,0.4639,71.3917,12.0534,1.1161,0.0,False,False
2,138,1548021558,0,forward,0.5391,71.9308,12.0239,1.1667,0.0,False,False
2,139,1548021558,0,forward,0.5402,72.471,11.9944,1.1651,0.0,False,False
2,140,1548021558,0,forward,0.5277,72.9987,11.9656,1.1245,0.0,False,False
2,141,1548021558,0,forward,0.5408,73.5395,11.936,1.1133,0.0,False,False
2,142,1548021558,0,forward,0.5404,74.0799,11.9065,1.0692,0.0,False,False
2,143,1904234423,4,forward_right,0.4927,74.5726,11.8794,1.0501,0.0,False,False
2,144,1904234423,4,forward_right,0.3622,74.9348,11.8587,1.0131,0.0,False,False
2,145,1904234423,4,forward_right,0.3609,75.2957,11.8382,0.9653,0.0,False,False
2,146,1904234423,4,forward_right,0.206,75.5017,11.8254,0.9772,0.0,False,False
2,147,1904234423,4,forward_right,0.347,75.8487,11.8055,0.9506,0.0,False,False
2,148,1904234423,4,forward_right,0.3516,76.2003,11.7855,0.9555,0.0,False,False
2,149,1904234423,4,forward_right,0.26,76.4603,11.77,0.9228,0.0,False,False
2,150,1904234423,4,forward_right,0.3382,76.7985,11.7506,0.9113,0.0,False,False
2,151,1904234423,4,forward_right,0.3327,77.1313,11.7314,0.8981,0.0,False,False
2,152,1328149006,0,forward,0.4148,77.5461,11.7082,0.8981,0.0,False,False
2,153,1328149006,0,forward,0.4883,78.0344,11.6813,0.8353,0.0,False,False
2,154,1328149006,0,forward,0.4875,78.5219,11.6544,0.7943,0.0,False,False
2,155,1328149006,0,forward,0.4871,79.009,11.6275,0.7758,0.0,False,False
2,156,1132205236,1,turn_left,0.4104,79.4194,11.602,0.7451,0.0,False,False
2,157,1132205236,1,turn_left,0.303,79.7224,11.5819,0.7104,0.0,False,False
2,158,1132205236,1,turn_left,0.1916,79.914,11.5673,0.7104,0.0,False,False
2,159,1132205236,1,turn_left,-0.1,79.814,11.5665,0.6826,0.0,False,False
2,160,224357922,1,turn_left,-0.1,79.714,11.5667,0.6846,0.0,False,False
2,161,224357922,1,turn_left,-0.1,79.614,11.5668,0.6846,0.0,False,False
2,162,224357922,1,turn_left,-0.1,79.514,11.567,0.6993,0.0,False,False
2,163,224357922,1,turn_left,-0.1,79.414,11.5671,0.6993,0.0,False,False
2,164,224357922,1,turn_left,-0.1,79.314,11.5671,0.7,0.0,False,False
2,165,224357922,1,turn_left,-0.1,79.214,11.5671,0.6805,0.0,False,False
2,166,224357922,1,turn_left,-0.1,79.114,11.5671,0.7063,0.0,False,False
2,167,224357922,1,turn_left,-0.1,79.014,11.567,0.7038,0.0,False,False
2,168,851696946,3,forward_left,0.0757,79.0897,11.5607,0.7025,0.0,False,False
2,169,851696946,3,forward_left,0.3609,79.4505,11.5402,0.7025,0.0,False,False
2,170,851696946,3,forward_left,0.3573,79.8079,11.5198,0.7078,0.0,False,False
2,171,851696946,3,forward_left,0.3535,80.1614,11.4996,0.6953,0.0,False,False
2,172,851696946,3,forward_left,0.3421,80.5034,11.48,0.681,0.0,False,False
2,173,851696946,3,forward_left,0.3445,80.8479,11.4603,0.681,0.0,False,False
2,174,851696946,3,forward_left,0.3396,81.1875,11.4408,0.6834,0.0,False,False
2,175,851696946,3,forward_left,0.3345,81.522,11.4216,0.6719,0.0,False,False
2,176,851696946,3,forward_left,0.4042,81.9262,11.3989,0.6672,0.0,False,False
2,177,2005065858,4,forward_right,0.2137,82.1399,11.3857,0.6672,0.0,False,False
2,178,2005065858,4,forward_right,0.3244,82.4643,11.367,0.6489,0.0,False,False
2,179,2005065858,4,forward_right,0.3302,82.7945,11.348,0.6295,0.0,False,False
2,180,851696946,3,forward_left,0.1894,82.9839,11.336,0.621,0.0,False,False
2,181,555146084,3,forward_left,0.3338,83.3177,11.3168,0.6308,0.0,False,False
2,182,2005065858,4,forward_right,0.3053,83.623,11.299,0.6159,0.0,False,False
2,183,2005065858,4,forward_right,0.2533,83.8763,11.2839,0.6159,0.0,False,False
2,184,851696946,3,forward_left,0.2984,84.1747,11.2664,0.6115,0.0,False,False
2,185,851696946,3,forward_left,0.4051,84.5798,11.2437,0.5877,0.0,False,False
2,186,2005065858,4,forward_right,0.2162,84.796,11.2304,0.6035,0.0,False,False
2,187,2005065858,4,forward_right,0.3247,85.1206,11.2117,0.6035,0.0,False,False
2,188,851696946,3,forward_left,0.2978,85.4184,11.1943,0.6023,0.0,False,False
2,189,851696946,3,forward_left,0.3322,85.7507,11.1752,0.5919,0.0,False,False
2,190,2005065858,4,forward_right,0.2383,85.989,11.1607,0.6077,0.0,False,False
2,191,137084343,1,turn_left,0.1139,86.1029,11.15,0.6077,0.0,False,False
2,192,137084343,1,turn_left,-0.1,86.0029,11.1497,0.5908,0.0,False,False
2,193,2005065858,4,forward_right,0.0572,86.0601,11.1443,0.6126,0.0,False,False
2,194,269267653,0,forward,0.3484,86.4085,11.1244,0.6149,0.0,False,False
2,195,269267653,0,forward,0.2779,86.6864,11.108,0.6217,0.0,False,False
2,196,269267653,0,forward,0.4202,87.1067,11.0845,0.6339,0.0,False,False
2,197,269267653,0,forward,0.458,87.5646,11.0591,0.6193,0.0,False,False
2,198,269267653,0,forward,0.4574,88.0221,11.0337,0.6348,0.0,False,False
2,199,269267653,0,forward,0.4569,88.479,11.0084,0.6314,0.0,False,False
2,200,269267653,0,forward,0.5577,89.0367,10.978,0.6715,0.0,False,False
2,201,269267653,0,forward,0.3547,89.3914,10.9578,0.6644,0.0,False,False
2,202,269267653,0,forward,0.4555,89.8469,10.9325,0.7071,0.0,False,False
2,203,269267653,0,forward,0.4553,90.3022,10.9072,0.7447,0.0,False,False
2,204,269267653,0,forward,0.4405,90.7427,10.8827,0.7464,0.0,False,False
2,205,269267653,0,forward,0.215,90.9577,10.8695,0.7887,0.0,False,False
2,206,137084343,1,turn_left,0.3028,91.2605,10.8493,0.7713,0.0,False,False
2,207,269267653,0,forward,0.3457,91.6063,10.8295,0.7668,0.0,False,False
2,208,269267653,0,forward,0.4521,92.0584,10.8044,0.7894,0.0,False,False
2,209,269267653,0,forward,0.4562,92.5145,10.7791,0.7952,0.0,False,False
2,210,269267653,0,forward,0.4557,92.9702,10.7538,0.8233,0.0,False,False
2,211,269267653,0,forward,0.4552,93.4253,10.7286,0.8399,0.0,False,False
2,212,269267653,0,forward,0.4547,93.88,10.7033,0.8505,0.0,False,False
2,213,269267653,0,forward,0.4542,94.3341,10.6781,0.8867,0.0,False,False
2,214,269267653,0,forward,0.4537,94.7879,10.653,0.8889,0.0,False,False
2,215,269267653,0,forward,0.4536,95.2415,10.6278,0.924,0.0,False,False
2,216,269267653,0,forward,0.3499,95.5914,10.6078,0.9584,0.0,False,False
2,217,269267653,0,forward,0.3059,95.8973,10.59,0.9626,0.0,False,False
2,218,1119390622,1,turn_left,0.2599,96.1572,10.572,0.9399,0.0,False,False
2,219,269267653,0,forward,0.3544,96.5116,10.5518,0.9566,0.0,False,False
2,220,269267653,0,forward,0.5427,97.0543,10.5221,0.9709,0.0,False,False
2,221,269267653,0,forward,0.3541,97.4084,10.5019,0.9938,0.0,False,False
2,222,269267653,0,forward,0.4546,97.863,10.4767,0.9995,0.0,False,False
2,223,269267653,0,forward,0.454,98.317,10.4515,1.0137,0.0,False,False
2,224,269267653,0,forward,0.4535,98.7705,10.4263,1.0393,0.0,False,False
2,225,269267653,0,forward,0.453,99.2236,10.4012,1.0562,0.0,False,False
2,226,269267653,0,forward,0.4526,99.6762,10.376,1.0737,0.0,False,False
2,227,269267653,0,forward,0.4525,100.1287,10.3509,1.1139,0.0,False,False
2,228,909280383,2,turn_right,0.203,100.3317,10.3358,0.9898,0.0,False,False
2,229,2113935175,4,forward_right,0.2531,100.5848,10.3206,1.1268,0.0,False,False
2,230,909280383,2,turn_right,0.1479,100.7327,10.3082,1.1027,0.0,False,False
2,231,909280383,2,turn_right,0.1566,100.8893,10.2954,1.1039,0.0,False,False
2,232,909280383,2,turn_right,-0.0233,100.866,10.2915,1.1036,0.0,False,False
2,233,909280383,2,turn_right,-0.1,100.766,10.2921,1.0665,0.0,False,False
2,234,909969137,0,forward,0.0932,100.8592,10.2849,0.9379,0.0,False,False
2,235,555146084,3,forward_left,0.1905,101.0496,10.2729,1.0561,0.0,False,False
2,236,909969137,0,forward,0.2373,101.2869,10.2586,1.0558,0.0,False,False
2,237,909969137,0,forward,0.4135,101.7004,10.2354,1.0673,0.0,False,False
2,238,909969137,0,forward,0.5033,102.2036,10.2077,1.0747,0.0,False,False
2,239,909969137,0,forward,0.508,102.7116,10.1798,1.0863,0.0,False,False
2,240,909969137,0,forward,0.5078,103.2194,10.1519,1.0961,0.0,False,False
2,241,909969137,0,forward,0.5075,103.7269,10.1241,1.0931,0.0,False,False
2,242,909969137,0,forward,0.5072,104.2341,10.0962,1.1283,0.0,False,False
2,243,1548021558,0,forward,0.507,104.7411,10.0683,1.1179,0.0,False,False
2,244,1548021558,0,forward,0.5068,105.2479,10.0405,1.1422,0.0,False,False
2,245,1548021558,0,forward,0.6184,105.8663,10.0071,1.1532,0.0,False,False
2,246,1548021558,0,forward,0.3181,106.1844,9.9887,1.0662,0.0,False,False
2,247,1904234423,4,forward_right,0.3629,106.5473,9.968,1.1725,0.0,False,False
2,248,1548021558,0,forward,0.4383,106.9856,9.9436,1.1582,0.0,False,False
2,249,1548021558,0,forward,0.4594,107.445,9.9182,1.1715,0.0,False,False
2,250,1548021558,0,forward,0.6234,108.0684,9.8845,1.1808,0.0,False,False
2,251,1548021558,0,forward,0.3983,108.4667,9.8621,1.1854,0.0,False,False
2,252,1548021558,0,forward,0.5102,108.9769,9.8341,1.1935,0.0,False,False
2,253,1548021558,0,forward,0.51,109.4869,9.8061,1.2075,0.0,False,False
2,254,1548021558,0,forward,0.398,109.8849,9.7837,1.2256,0.0,False,False
2,255,1548021558,0,forward,0.6227,110.5076,9.75,1.1906,0.0,False,False
2,256,1548021558,0,forward,0.2507,110.7583,9.735,1.0308,0.0,False,False
2,257,1904234423,4,forward_right,0.6072,111.3656,9.7021,1.2534,0.0,False,False
2,258,1548021558,0,forward,0.3888,111.7544,9.6802,1.2464,0.0,False,False
2,259,1548021558,0,forward,0.5134,112.2678,9.652,1.2524,0.0,False,False
2,260,1548021558,0,forward,0.512,112.7798,9.6239,1.2665,0.0,False,False
2,261,1548021558,0,forward,0.5117,113.2915,9.5958,1.2636,0.0,False,False
2,262,1548021558,0,forward,0.5115,113.803,9.5678,1.2781,0.0,False,False
2,263,1548021558,0,forward,0.5113,114.3143,9.5397,1.2979,0.0,False,False
2,264,1548021558,0,forward,0.5114,114.8257,9.5116,1.2989,0.0,False,False
2,265,1548021558,0,forward,0.4924,115.3181,9.4845,1.1557,0.0,False,False
2,266,1548021558,0,forward,0.3945,115.7126,9.4623,1.1749,0.0,False,False
2,267,1548021558,0,forward,0.5094,116.222,9.4343,1.3316,0.0,False,False
2,268,1548021558,0,forward,0.4576,116.6796,9.4089,1.3369,0.0,False,False
2,269,1548021558,0,forward,0.5099,117.1895,9.3809,1.3393,0.0,False,False
2,270,1548021558,0,forward,0.5094,117.699,9.353,1.3606,0.0,False,False
2,271,1548021558,0,forward,0.5092,118.2082,9.325,1.3561,0.0,False,False
2,272,1548021558,0,forward,0.5089,118.7171,9.2971,1.3809,0.0,False,False
2,273,1548021558,0,forward,0.5087,119.2257,9.2691,1.3805,0.0,False,False
2,274,1548021558,0,forward,0.5086,119.7344,9.2412,1.397,0.0,False,False
2,275,1548021558,0,forward,0.5092,120.2436,9.2132,1.2292,0.0,False,False
2,276,1548021558,0,forward,0.4848,120.7284,9.1865,0.9609,0.0,False,False
2,277,964610217,0,forward,0.3951,121.1235,9.1642,1.4286,0.0,False,False
2,278,1548021558,0,forward,0.4588,121.5823,9.1388,1.4067,0.0,False,False
2,279,1548021558,0,forward,0.5073,122.0896,9.1109,1.4252,0.0,False,False
2,280,1548021558,0,forward,0.507,122.5966,9.0831,1.4307,0.0,False,False
2,281,1548021558,0,forward,0.5067,123.1032,9.0552,1.4522,0.0,False,False
2,282,1548021558,0,forward,0.5064,123.6096,9.0274,1.4614,0.0,False,False
2,283,1548021558,0,forward,0.5061,124.1157,8.9996,1.4617,0.0,False,False
2,284,1548021558,0,forward,0.5059,124.6216,8.9718,1.4811,0.0,False,False
2,285,1548021558,0,forward,0.5061,125.1278,8.944,1.4732,0.0,False,False
2,286,1548021558,0,forward,0.3915,125.5193,8.9219,0.9518,0.0,False,False
2,287,964610217,0,forward,0.5025,126.0218,8.8943,1.5107,0.0,False,False
2,288,1548021558,0,forward,0.4555,126.4773,8.869,1.518,0.0,False,False
2,289,1548021558,0,forward,0.4983,126.9756,8.8416,1.5104,0.0,False,False
2,290,1548021558,0,forward,0.5042,127.4798,8.8139,1.527,0.0,False,False
2,291,1548021558,0,forward,0.5039,127.9837,8.7862,1.5446,0.0,False,False
2,292,1548021558,0,forward,0.5036,128.4873,8.7585,1.5463,0.0,False,False
2,293,1548021558,0,forward,0.5032,128.9905,8.7309,1.5546,0.0,False,False
2,294,1548021558,0,forward,0.6135,129.604,8.6977,1.5733,0.0,False,False
2,295,1548021558,0,forward,0.3922,129.9963,8.6756,1.5736,0.0,False,False
2,296,1548021558,0,forward,0.5032,130.4994,8.6479,1.32,0.0,False,False
2,297,1548021558,0,forward,0.3881,130.8875,8.626,0.9467,0.0,False,False
2,298,964610217,0,forward,0.5004,131.3879,8.5985,1.9925,0.0,False,False
2,299,1548021558,0,forward,0.4492,131.8371,8.5735,1.9554,0.0,False,False
2,300,1548021558,0,forward,0.5019,132.339,8.546,1.9448,0.0,False,False
2,301,1548021558,0,forward,0.5007,132.8398,8.5184,1.9157,0.0,False,False
2,302,1548021558,0,forward,0.5004,133.3402,8.4909,1.8845,0.0,False,False
2,303,1548021558,0,forward,0.5001,133.8402,8.4634,1.8446,0.0,False,False
2,304,1548021558,0,forward,0.4999,134.3402,8.4359,1.8127,0.0,False,False
2,305,1548021558,0,forward,0.5002,134.8404,8.4084,1.3144,0.0,False,False
2,306,1548021558,0,forward,0.3634,135.2038,8.3877,0.9426,0.0,False,False
2,307,964610217,0,forward,0.4971,135.7009,8.3604,1.7283,0.0,False,False
2,308,1548021558,0,forward,0.4404,136.1413,8.3358,1.7163,0.0,False,False
2,309,1548021558,0,forward,0.4977,136.639,8.3085,1.6995,0.0,False,False
2,310,1548021558,0,forward,0.4977,137.1367,8.2811,1.6678,0.0,False,False
2,311,1548021558,0,forward,0.4973,137.634,8.2537,1.6249,0.0,False,False
2,312,1548021558,0,forward,0.4969,138.1309,8.2264,1.5971,0.0,False,False
2,313,1548021558,0,forward,0.4965,138.6274,8.199,1.5715,0.0,False,False
2,314,1548021558,0,forward,0.4962,139.1236,8.1717,1.5373,0.0,False,False
2,315,1548021558,0,forward,0.4961,139.6197,8.1444,1.4994,0.0,False,False
2,316,1548021558,0,forward,0.488,140.1077,8.1175,1.1208,0.0,False,False
2,317,1548021558,0,forward,0.3714,140.4791,8.0964,1.1275,0.0,False,False
2,318,1548021558,0,forward,0.4936,140.9727,8.0693,1.4278,0.0,False,False
2,319,1548021558,0,forward,0.4456,141.4183,8.0445,1.407,0.0,False,False
2,320,1548021558,0,forward,0.4944,141.9127,8.0173,1.3731,0.0,False,False
2,321,909280383,2,turn_right,0.4303,142.3429,7.9908,1.3435,0.0,False,False
2,322,1481671000,4,forward_right,0.3786,142.7216,7.9693,1.3048,0.0,False,False
2,323,926291406,4,forward_right,0.3334,143.055,7.9502,1.2752,0.0,False,False
2,324,926291406,4,forward_right,0.2733,143.3283,7.934,0.9839,0.0,False,False
2,325,1309443777,2,turn_right,0.2745,143.6028,7.9153,1.2492,0.0,False,False
2,326,926291406,4,forward_right,0.3209,143.9237,7.8967,1.2449,0.0,False,False
2,327,926291406,4,forward_right,0.2965,144.2202,7.8794,1.2274,0.0,False,False
2,328,926291406,4,forward_right,0.3509,144.5711,7.8593,1.201,0.0,False,False
2,329,926291406,4,forward_right,0.3545,144.9256,7.8391,1.1739,0.0,False,False
2,330,926291406,4,forward_right,0.3577,145.2833,7.8187,1.1595,0.0,False,False
2,331,926291406,4,forward_right,0.3605,145.6438,7.7982,1.1224,0.0,False,False
2,332,926291406,4,forward_right,0.3629,146.0066,7.7776,1.1043,0.0,False,False
2,333,926291406,4,forward_right,0.4484,146.4551,7.7527,1.0774,0.0,False,False
2,334,1166997565,3,forward_left,0.2804,146.7355,7.7361,1.062,0.0,False,False
2,335,1166997565,3,forward_left,0.315,147.0505,7.7179,1.0366,0.0,False,False
2,336,1166997565,3,forward_left,0.3676,147.4181,7.697,1.0252,0.0,False,False
2,337,1937774032,3,forward_left,0.448,147.8661,7.6721,1.0102,0.0,False,False
2,338,1166997565,3,forward_left,0.2801,148.1462,7.6556,0.9919,0.0,False,False
2,339,1937774032,3,forward_left,0.36,148.5062,7.6351,0.9683,0.0,False,False
2,340,1937774032,3,forward_left,0.3566,148.8629,7.6148,0.9522,0.0,False,False
2,341,1937774032,3,forward_left,0.3528,149.2157,7.5946,0.9307,0.0,False,False
2,342,1166997565,3,forward_left,0.3486,149.5643,7.5747,0.909,0.0,False,False
2,343,1937774032,3,forward_left,0.3439,149.9082,7.555,0.8893,0.0,False,False
2,344,1937774032,3,forward_left,0.3389,150.2471,7.5355,0.8757,0.0,False,False
2,345,1889449069,4,forward_right,0.3365,150.5836,7.5162,0.8576,0.0,False,False
2,346,1889449069,4,forward_right,0.3373,150.9208,7.4969,0.8361,0.0,False,False
2,347,1889449069,4,forward_right,0.3367,151.2575,7.4775,0.8152,0.0,False,False
2,348,1309443777,2,turn_right,0.2661,151.5236,7.4592,0.7831,0.0,False,False
2,349,1309443777,2,turn_right,0.1583,151.6819,7.4463,0.7575,0.0,False,False
2,350,1309443777,2,turn_right,-0.0202,151.6617,7.4423,0.7367,0.0,False,False
2,351,1937774032,3,forward_left,0.1304,151.7921,7.4333,0.7365,0.0,False,False
2,352,1937774032,3,forward_left,0.3529,152.145,7.4132,0.7175,0.0,False,False
2,353,1937774032,3,forward_left,0.2947,152.4397,7.3959,0.7191,0.0,False,False
2,354,1309443777,2,turn_right,0.1152,152.5549,7.3852,0.702,0.0,False,False
2,355,1309443777,2,turn_right,-0.1,152.4549,7.3853,0.6781,0.0,False,False
2,356,1937774032,3,forward_left,0.0242,152.4791,7.3816,0.6778,0.0,False,False
2,357,1309443777,2,turn_right,0.1147,152.5938,7.3709,0.6765,0.0,False,False
2,358,1937774032,3,forward_left,0.1379,152.7317,7.3615,0.6712,0.0,False,False
2,359,1937774032,3,forward_left,0.3237,153.0554,7.3428,0.6619,0.0,False,False
2,360,1937774032,3,forward_left,0.3594,153.4148,7.3223,0.6507,0.0,False,False
2,361,1937774032,3,forward_left,0.356,153.7708,7.302,0.6292,0.0,False,False
2,362,1937774032,3,forward_left,0.3523,154.1231,7.2819,0.6046,0.0,False,False
2,363,1309443777,2,turn_right,-1.3865,152.7366,7.2712,0.587,0.0,False,False
2,364,1309443777,2,turn_right,-1.6,151.1366,7.2713,0.5739,0.0,False,False
2,365,1937774032,3,forward_left,-1.373,149.7636,7.2625,0.5548,0.0,False,False
2,366,1937774032,3,forward_left,-1.1407,148.6229,7.242,0.553,0.0,False,False
2,367,1937774032,3,forward_left,-1.205,147.4179,7.2248,0.5397,0.0,False,False
2,368,101706613,1,turn_left,-1.3311,146.0868,7.2113,0.5252,0.0,False,False
2,369,101706613,1,turn_left,-1.4557,144.6311,7.2041,0.5045,0.0,False,False
2,370,1464962433,1,turn_left,-1.5056,143.1255,7.1994,0.4923,0.0,False,False
2,371,1464962433,1,turn_left,-1.5426,141.5829,7.1965,0.4814,0.0,False,False
2,372,1464962433,1,turn_left,-1.6,139.9829,7.1962,0.4874,0.0,False,False
2,373,1126719143,2,turn_right,-1.5204,138.4626,7.1922,0.4836,0.0,False,False
2,374,1126719143,2,turn_right,-1.4687,136.9939,7.1856,0.4727,0.0,False,False
2,375,1126719143,2,turn_right,-1.5205,135.4734,7.1817,0.4735,0.0,False,False
2,376,1126719143,2,turn_right,-1.6,133.8734,7.1822,0.4702,0.0,False,False
2,377,1464962433,1,turn_left,-1.6,132.2734,7.1817,0.4671,0.0,False,False
2,378,1464962433,1,turn_left,-1.461,130.8124,7.1748,0.4561,0.0,False,False
2,379,551561856,0,forward,-1.3807,129.4318,7.1663,0.4536,0.0,False,False
2,380,551561856,0,forward,-1.2685,128.1633,7.1522,0.4484,0.0,False,False
2,381,551561856,0,forward,-1.1534,127.0099,7.1324,0.4179,0.0,False,False
2,382,551561856,0,forward,-1.0252,125.9847,7.1062,0.3978,0.0,False,False
2,383,551561856,0,forward,-0.9923,124.9923,7.0783,0.3755,0.0,False,False
2,384,551561856,0,forward,-1.104,123.8884,7.056,0.3375,0.0,False,False
2,385,551561856,0,forward,-0.8812,123.0072,7.0226,0.3089,0.0,False,False
2,386,551561856,0,forward,-500.0,-376.9928,6.9947,0.2721,0.0,False,True
3,1,964610217,0,forward,0.1744,0.1744,15.9888,1.0137,0.0,False,False
3,2,964610217,0,forward,0.4881,0.6625,15.9619,1.8119,0.0,False,False
3,3,1548021558,0,forward,0.5141,1.1766,15.9337,4.0128,0.0,False,False
3,4,1548021558,0,forward,0.5466,1.7232,15.9039,3.9879,0.0,False,False
3,5,1548021558,0,forward,0.55,2.2732,15.8739,3.9549,0.0,False,False
3,6,1548021558,0,forward,0.6699,2.9431,15.8379,3.9224,0.0,False,False
3,7,1548021558,0,forward,0.5499,3.4931,15.8079,3.9093,0.0,False,False
3,8,1548021558,0,forward,0.5499,4.043,15.7779,3.8748,0.0,False,False
3,9,1548021558,0,forward,0.55,4.593,15.7479,2.8391,0.0,False,False
3,10,1548021558,0,forward,0.5504,5.1434,15.7179,1.7549,0.0,False,False
3,11,1548021558,0,forward,0.4948,5.6382,15.6906,1.1156,0.0,False,False
3,12,1548021558,0,forward,0.4108,6.049,15.6676,1.1468,0.0,False,False
3,13,1548021558,0,forward,0.669,6.7181,15.6316,2.2259,0.0,False,False
3,14,1548021558,0,forward,0.5499,7.2679,15.6016,3.7223,0.0,False,False
3,15,1548021558,0,forward,0.5423,7.8103,15.572,3.6962,0.0,False,False
3,16,1548021558,0,forward,0.55,8.3603,15.542,3.6792,0.0,False,False
3,17,1548021558,0,forward,0.55,8.9102,15.512,3.6431,0.0,False,False
3,18,1548021558,0,forward,0.4299,9.3402,15.488,3.6321,0.0,False,False
3,19,1548021558,0,forward,0.5499,9.8901,15.458,3.5897,0.0,False,False
3,20,1548021558,0,forward,0.67,10.5601,15.422,3.0751,0.0,False,False
3,21,1548021558,0,forward,0.4302,10.9902,15.398,1.9062,0.0,False,False
3,22,1548021558,0,forward,0.551,11.5412,15.368,1.2429,0.0,False,False
3,23,1548021558,0,forward,0.4653,12.0065,15.3422,1.0088,0.0,False,False
3,24,964610217,0,forward,0.6688,12.6753,15.3063,1.8976,0.0,False,False
3,25,1548021558,0,forward,0.5498,13.2251,15.2763,3.4547,0.0,False,False
3,26,1548021558,0,forward,0.4138,13.6389,15.2531,3.444,0.0,False,False
3,27,1548021558,0,forward,0.6705,14.3094,15.2171,3.4122,0.0,False,False
3,28,1548021558,0,forward,0.55,14.8594,15.1871,3.3942,0.0,False,False
3,29,1548021558,0,forward,0.55,15.4094,15.1571,3.3589,0.0,False,False
3,30,1548021558,0,forward,0.43,15.8393,15.1331,3.3419,0.0,False,False
3,31,1548021558,0,forward,0.5499,16.3893,15.1031,3.3163,0.0,False,False
3,32,1548021558,0,forward,0.55,16.9393,15.0731,2.5822,0.0,False,False
3,33,1548021558,0,forward,0.6704,17.6097,15.0371,1.6679,0.0,False,False
3,34,1548021558,0,forward,0.4237,18.0334,15.0134,1.0633,0.0,False,False
3,35,1904234423,4,forward_right,0.4227,18.4561,14.9897,1.1584,0.0,False,False
3,36,1548021558,0,forward,0.5953,19.0514,14.9575,1.7533,0.0,False,False
3,37,1548021558,0,forward,0.4297,19.4811,14.9335,3.1861,0.0,False,False
3,38,1548021558,0,forward,0.5499,20.031,14.9035,3.1563,0.0,False,False
3,39,1548021558,0,forward,0.6636,20.6946,14.8678,3.1333,0.0,False,False
3,40,1548021558,0,forward,0.55,21.2446,14.8378,3.1272,0.0,False,False
3,41,1548021558,0,forward,0.43,21.6745,14.8138,3.0873,0.0,False,False
3,42,1548021558,0,forward,0.6699,22.3444,14.7778,3.0786,0.0,False,False
3,43,1548021558,0,forward,0.4299,22.7744,14.7538,3.0469,0.0,False,False
3,44,1548021558,0,forward,0.5499,23.3243,14.7238,2.8225,0.0,False,False
3,45,1548021558,0,forward,0.6703,23.9946,14.6878,1.8364,0.0,False,False
3,46,1548021558,0,forward,0.5437,24.5382,14.6581,1.1426,0.0,False,False
3,47,1548021558,0,forward,0.4821,25.0204,14.6315,1.1052,0.0,False,False
3,48,1548021558,0,forward,0.5491,25.5694,14.6016,1.999,0.0,False,False
3,49,1548021558,0,forward,0.4298,25.9992,14.5776,2.8966,0.0,False,False
3,50,1548021558,0,forward,0.5426,26.5418,14.548,2.8907,0.0,False,False
3,51,1548021558,0,forward,0.5501,27.0919,14.518,2.874,0.0,False,False
3,52,1548021558,0,forward,0.55,27.6418,14.488,2.8531,0.0,False,False
3,53,1548021558,0,forward,0.5499,28.1917,14.458,2.8332,0.0,False,False
3,54,1548021558,0,forward,0.6699,28.8616,14.422,2.8065,0.0,False,False
3,55,1548021558,0,forward,0.5499,29.4116,14.392,2.7863,0.0,False,False
3,56,1548021558,0,forward,0.4301,29.8417,14.368,1.9528,0.0,False,False
3,57,1548021558,0,forward,0.6709,30.5126,14.3319,1.2407,0.0,False,False
3,58,1548021558,0,forward,0.4657,30.9783,14.3061,0.9716,0.0,False,False
3,59,964610217,0,forward,0.5489,31.5271,14.2762,1.819,0.0,False,False
3,60,1548021558,0,forward,0.4297,31.9568,14.2522,2.6778,0.0,False,False
3,61,1548021558,0,forward,0.5436,32.5004,14.2225,2.6684,0.0,False,False
3,62,1548021558,0,forward,0.5403,33.0407,14.193,2.6349,0.0,False,False
3,63,1548021558,0,forward,0.67,33.7107,14.157,2.6249,0.0,False,False
3,64,1548021558,0,forward,0.43,34.1407,14.133,2.6,0.0,False,False
3,65,1548021558,0,forward,0.6699,34.8106,14.097,2.5792,0.0,False,False
3,66,1548021558,0,forward,0.5499,35.3605,14.067,2.5661,0.0,False,False
3,67,1548021558,0,forward,0.43,35.7905,14.043,2.5388,0.0,False,False
3,68,1548021558,0,forward,0.5502,36.3406,14.013,1.7201,0.0,False,False
3,69,1548021558,0,forward,0.5509,36.8916,13.983,1.1033,0.0,False,False
3,70,1548021558,0,forward,0.4943,37.3858,13.9558,1.1241,0.0,False,False
3,71,1548021558,0,forward,0.6687,38.0545,13.9198,1.4881,0.0,False,False
3,72,1548021558,0,forward,0.4296,38.4841,13.8958,1.8216,0.0,False,False
3,73,1548021558,0,forward,0.5497,39.0338,13.8659,1.933,0.0,False,False
3,74,1548021558,0,forward,0.6699,39.7037,13.8299,1.7396,0.0,False,False
3,75,1548021558,0,forward,0.5502,40.2539,13.7998,1.3693,0.0,False,False
3,76,1548021558,0,forward,0.4308,40.6847,13.7758,0.9852,0.0,False,False
3,77,964610217,0,forward,0.4971,41.1818,13.7485,1.1939,0.0,False,False
3,78,1548021558,0,forward,0.6688,41.8506,13.7125,1.6783,0.0,False,False
3,79,1548021558,0,forward,0.4296,42.2802,13.6885,2.1776,0.0,False,False
3,80,1548021558,0,forward,0.6697,42.9499,13.6525,2.3182,0.0,False,False
3,81,1548021558,0,forward,0.5498,43.4998,13.6226,2.2979,0.0,False,False
3,82,1548021558,0,forward,0.5499,44.0497,13.5926,1.9933,0.0,False,False
3,83,1548021558,0,forward,0.4301,44.4798,13.5686,1.4911,0.0,False,False
3,84,1548021558,0,forward,0.5509,45.0307,13.5385,1.0364,0.0,False,False
3,85,1904234423,4,forward_right,0.4413,45.472,13.5139,1.0953,0.0,False,False
3,86,1904234423,4,forward_right,0.368,45.84,13.493,1.0973,0.0,False,False
3,87,1904234423,4,forward_right,0.3663,46.2063,13.4722,0.9716,0.0,False,False
3,88,964610217,0,forward,0.4507,46.657,13.4472,1.1314,0.0,False,False
3,89,1548021558,0,forward,0.548,47.205,13.4173,1.3556,0.0,False,False
3,90,1548021558,0,forward,0.5484,47.7534,13.3874,1.3909,0.0,False,False
3,91,1548021558,0,forward,0.6686,48.422,13.3514,1.2436,0.0,False,False
3,92,1548021558,0,forward,0.4297,48.8517,13.3275,0.9864,0.0,False,False
3,93,964610217,0,forward,0.5096,49.3613,13.2995,1.2543,0.0,False,False
3,94,1548021558,0,forward,0.5479,49.9092,13.2696,1.7764,0.0,False,False
3,95,1548021558,0,forward,0.6681,50.5773,13.2337,2.1395,0.0,False,False
3,96,1548021558,0,forward,0.4288,51.0061,13.2097,2.127,0.0,False,False
3,97,1548021558,0,forward,0.5486,51.5547,13.1798,2.1174,0.0,False,False
3,98,1548021558,0,forward,0.5487,52.1034,13.1499,2.1046,0.0,False,False
3,99,1548021558,0,forward,0.5489,52.6523,13.1199,1.6194,0.0,False,False
3,100,1548021558,0,forward,0.5494,53.2017,13.09,1.1502,0.0,False,False
3,101,1548021558,0,forward,0.5953,53.797,13.0577,1.0531,0.0,False,False
3,102,1904234423,4,forward_right,0.3677,54.1647,13.0368,1.8503,0.0,False,False
3,103,1548021558,0,forward,0.4221,54.5868,13.0132,2.0851,0.0,False,False
3,104,1548021558,0,forward,0.5469,55.1337,12.9834,2.0749,0.0,False,False
3,105,1548021558,0,forward,0.5326,55.6664,12.9542,2.0673,0.0,False,False
3,106,1548021558,0,forward,0.6667,56.3331,12.9184,2.0604,0.0,False,False
3,107,1548021558,0,forward,0.4277,56.7608,12.8945,2.0559,0.0,False,False
3,108,1548021558,0,forward,0.5471,57.3078,12.8647,2.0645,0.0,False,False
3,109,1548021558,0,forward,0.547,57.8549,12.8348,2.0612,0.0,False,False
3,110,1548021558,0,forward,0.6664,58.5213,12.799,2.0338,0.0,False,False
3,111,1548021558,0,forward,0.4277,58.949,12.7751,2.0179,0.0,False,False
3,112,1548021558,0,forward,0.667,59.616,12.7392,1.3932,0.0,False,False
3,113,1548021558,0,forward,0.412,60.0279,12.7161,0.9502,0.0,False,False
3,114,964610217,0,forward,0.4661,60.494,12.6903,1.7856,0.0,False,False
3,115,1548021558,0,forward,0.5462,61.0402,12.6605,1.908,0.0,False,False
3,116,1548021558,0,forward,0.5287,61.5689,12.6316,1.8874,0.0,False,False
3,117,1548021558,0,forward,0.5471,62.116,12.6017,1.8874,0.0,False,False
3,118,1548021558,0,forward,0.6662,62.7821,12.5659,1.8264,0.0,False,False
3,119,1548021558,0,forward,0.4274,63.2095,12.5421,1.8264,0.0,False,False
3,120,1548021558,0,forward,0.6662,63.8757,12.5063,1.8078,0.0,False,False
3,121,1548021558,0,forward,0.4276,64.3033,12.4824,1.7654,0.0,False,False
3,122,1548021558,0,forward,0.5477,64.8511,12.4525,1.5123,0.0,False,False
3,123,1548021558,0,forward,0.4716,65.3227,12.4264,0.9499,0.0,False,False
3,124,964610217,0,forward,0.5456,65.8683,12.3966,1.4175,0.0,False,False
3,125,1548021558,0,forward,0.6658,66.5341,12.3608,1.665,0.0,False,False
3,126,1548021558,0,forward,0.4124,66.9465,12.3377,1.6342,0.0,False,False
3,127,1548021558,0,forward,0.547,67.4934,12.3079,1.591,0.0,False,False
3,128,1548021558,0,forward,0.666,68.1594,12.2721,1.576,0.0,False,False
3,129,1548021558,0,forward,0.4273,68.5867,12.2482,1.532,0.0,False,False
3,130,1548021558,0,forward,0.5467,69.1334,12.2184,1.5244,0.0,False,False
3,131,1548021558,0,forward,0.6664,69.7998,12.1826,1.4007,0.0,False,False
3,132,1548021558,0,forward,0.531,70.3308,12.1535,0.9721,0.0,False,False
3,133,964610217,0,forward,0.5406,70.8714,12.124,0.9721,0.0,False,False
3,134,964610217,0,forward,0.5464,71.4178,12.0942,1.1607,0.0,False,False
3,135,1548021558,0,forward,0.4275,71.8453,12.0703,1.1768,0.0,False,False
3,136,1548021558,0,forward,0.5206,72.3659,12.0418,1.0593,0.0,False,False
3,137,1904234423,4,forward_right,0.485,72.8509,12.015,1.0506,0.0,False,False
3,138,1904234423,4,forward_right,0.4516,73.3025,11.9899,1.1324,0.0,False,False
3,139,1548021558,0,forward,0.3293,73.6318,11.971,0.9372,0.0,False,False
3,140,964610217,0,forward,0.5411,74.1729,11.9414,1.2471,0.0,False,False
3,141,1548021558,0,forward,0.5419,74.7148,11.9118,1.216,0.0,False,False
3,142,1548021558,0,forward,0.5366,75.2514,11.8825,1.1864,0.0,False,False
3,143,1548021558,0,forward,0.6606,75.9121,11.8469,1.1418,0.0,False,False
3,144,1548021558,0,forward,0.542,76.4541,11.8173,1.1117,0.0,False,False
3,145,1548021558,0,forward,0.542,76.9961,11.7877,1.0905,0.0,False,False
3,146,1971047854,3,forward_left,0.4024,77.3985,11.7651,1.0905,0.0,False,False
3,147,1971047854,3,forward_left,0.3722,77.7707,11.744,1.073,0.0,False,False
3,148,1971047854,3,forward_left,0.3675,78.1382,11.7231,1.0311,0.0,False,False
3,149,1971047854,3,forward_left,0.2482,78.3864,11.7082,0.9453,0.0,False,False
3,150,1971047854,3,forward_left,0.452,78.8384,11.6831,1.0161,0.0,False,False
3,151,1971047854,3,forward_left,0.3117,79.1501,11.665,1.0051,0.0,False,False
3,152,1971047854,3,forward_left,0.2861,79.4363,11.6482,1.0026,0.0,False,False
3,153,1971047854,3,forward_left,0.3698,79.806,11.6272,0.9865,0.0,False,False
3,154,1971047854,3,forward_left,0.3691,80.1752,11.6063,0.9818,0.0,False,False
3,155,1971047854,3,forward_left,0.4515,80.6267,11.5812,0.9591,0.0,False,False
3,156,1971047854,3,forward_left,0.3664,80.9931,11.5604,0.9552,0.0,False,False
3,157,1971047854,3,forward_left,0.282,81.2751,11.5438,0.9467,0.0,False,False
3,158,851696946,3,forward_left,0.3666,81.6417,11.523,0.9417,0.0,False,False
3,159,851696946,3,forward_left,0.2741,81.9158,11.5068,0.9325,0.0,False,False
3,160,851696946,3,forward_left,0.335,82.2508,11.4875,0.9162,0.0,False,False
3,161,851696946,3,forward_left,0.4132,82.664,11.4643,0.9171,0.0,False,False
3,162,851696946,3,forward_left,0.3299,82.9939,11.4453,0.9236,0.0,False,False
3,163,909969137,0,forward,0.4291,83.423,11.4214,0.9212,0.0,False,False
3,164,909969137,0,forward,0.3988,83.8218,11.399,0.9073,0.0,False,False
3,165,909969137,0,forward,0.6227,84.4445,11.3653,0.9115,0.0,False,False
3,166,909969137,0,forward,0.3983,84.8428,11.3429,0.9057,0.0,False,False
3,167,909969137,0,forward,0.5102,85.353,11.3149,0.9059,0.0,False,False
3,168,909969137,0,forward,0.5099,85.8629,11.2869,0.8916,0.0,False,False
3,169,909969137,0,forward,0.6218,86.4847,11.2533,0.8844,0.0,False,False
3,170,909969137,0,forward,0.398,86.8826,11.2309,0.8835,0.0,False,False
3,171,909969137,0,forward,0.4721,87.3547,11.2048,0.8757,0.0,False,False
3,172,909969137,0,forward,0.3575,87.7123,11.1844,0.8848,0.0,False,False
3,173,555146084,3,forward_left,0.5001,88.2124,11.1569,0.8981,0.0,False,False
3,174,909969137,0,forward,0.4778,88.6902,11.1305,0.8731,0.0,False,False
3,175,909969137,0,forward,0.5074,89.1976,11.1027,0.8823,0.0,False,False
3,176,909969137,0,forward,0.6185,89.816,11.0692,0.8948,0.0,False,False
3,177,909969137,0,forward,0.2841,90.1001,11.0525,0.8948,0.0,False,False
3,178,909969137,0,forward,0.618,90.7181,11.0191,0.895,0.0,False,False
3,179,909969137,0,forward,0.5064,91.2245,10.9913,0.9013,0.0,False,False
3,180,909969137,0,forward,0.6175,91.8419,10.9579,0.9112,0.0,False,False
3,181,909969137,0,forward,0.2838,92.1257,10.9413,0.9286,0.0,False,False
3,182,909969137,0,forward,0.485,92.6107,10.9145,0.9422,0.0,False,False
3,183,909969137,0,forward,0.3686,92.9793,10.8936,0.9287,0.0,False,False
3,184,555146084,3,forward_left,0.4751,93.4544,10.8673,0.9353,0.0,False,False
3,185,909969137,0,forward,0.35,93.8044,10.8473,0.9466,0.0,False,False
3,186,909969137,0,forward,0.4983,94.3028,10.8199,0.9681,0.0,False,False
3,187,909969137,0,forward,0.6068,94.9096,10.7871,0.9796,0.0,False,False
3,188,909969137,0,forward,0.3877,95.2973,10.7652,0.9869,0.0,False,False
3,189,909969137,0,forward,0.6061,95.9034,10.7324,1.0144,0.0,False,False
3,190,909969137,0,forward,0.3872,96.2906,10.7105,1.0258,0.0,False,False
3,191,909969137,0,forward,0.4962,96.7868,10.6832,1.0423,0.0,False,False
3,192,909969137,0,forward,0.7143,97.5011,10.645,1.0425,0.0,False,False
3,193,909969137,0,forward,0.2776,97.7786,10.6286,1.0671,0.0,False,False
3,194,909969137,0,forward,0.5515,98.3301,10.5985,1.092,0.0,False,False
3,195,909969137,0,forward,0.2383,98.5684,10.5841,0.9502,0.0,False,False
3,196,964610217,0,forward,0.4865,99.0549,10.5573,1.0862,0.0,False,False
3,197,909969137,0,forward,0.4816,99.5365,10.5307,1.0977,0.0,False,False
3,198,269267653,0,forward,0.385,99.9216,10.509,1.1069,0.0,False,False
3,199,909280383,2,turn_right,0.4286,100.3501,10.4825,1.1245,0.0,False,False
3,200,909280383,2,turn_right,0.3259,100.6761,10.4612,1.1414,0.0,False,False
3,201,909280383,2,turn_right,0.2127,100.8888,10.4456,1.1406,0.0,False,False
3,202,909280383,2,turn_right,-0.1,100.7888,10.4449,0.9595,0.0,False,False
3,203,964610217,0,forward,0.1881,100.9768,10.433,1.1416,0.0,False,False
3,204,1548021558,0,forward,0.2409,101.2178,10.4185,1.1409,0.0,False,False
3,205,1548021558,0,forward,0.3894,101.6072,10.3965,1.1352,0.0,False,False
3,206,1548021558,0,forward,0.5015,102.1086,10.3689,1.1582,0.0,False,False
3,207,1548021558,0,forward,0.501,102.6096,10.3414,1.1732,0.0,False,False
3,208,1548021558,0,forward,0.6108,103.2204,10.3084,1.1857,0.0,False,False
3,209,1548021558,0,forward,0.5003,103.7207,10.2808,1.1985,0.0,False,False
3,210,1548021558,0,forward,0.39,104.1108,10.2588,1.2137,0.0,False,False
3,211,1548021558,0,forward,0.4998,104.6106,10.2313,1.2139,0.0,False,False
3,212,1548021558,0,forward,0.4998,105.1104,10.2039,1.2281,0.0,False,False
3,213,1548021558,0,forward,0.5875,105.6979,10.172,1.2442,0.0,False,False
3,214,1548021558,0,forward,0.3647,106.0626,10.1512,0.939,0.0,False,False
3,215,964610217,0,forward,0.4974,106.56,10.1239,1.2602,0.0,False,False
3,216,1548021558,0,forward,0.3186,106.8786,10.1054,1.268,0.0,False,False
3,217,1548021558,0,forward,0.4978,107.3764,10.0781,1.2756,0.0,False,False
3,218,1548021558,0,forward,0.4974,107.8738,10.0507,1.2903,0.0,False,False
3,219,1548021558,0,forward,0.4971,108.3709,10.0233,1.2961,0.0,False,False
3,220,1548021558,0,forward,0.4967,108.8676,9.996,1.3165,0.0,False,False
3,221,1548021558,0,forward,0.4964,109.3641,9.9687,1.3169,0.0,False,False
3,222,1548021558,0,forward,0.6055,109.9695,9.9359,1.333,0.0,False,False
3,223,1548021558,0,forward,0.4964,110.4659,9.9086,1.3479,0.0,False,False
3,224,1548021558,0,forward,0.3451,110.8111,9.8888,1.0545,0.0,False,False
3,225,1904234423,4,forward_right,0.3954,111.2065,9.8666,1.2003,0.0,False,False
3,226,1548021558,0,forward,0.4627,111.6692,9.8409,1.361,0.0,False,False
3,227,1548021558,0,forward,0.4405,112.1097,9.8164,1.359,0.0,False,False
3,228,1548021558,0,forward,0.4997,112.6093,9.7889,1.3719,0.0,False,False
3,229,1548021558,0,forward,0.3895,112.9988,9.7669,1.3778,0.0,False,False
3,230,1548021558,0,forward,0.4991,113.4979,9.7395,1.4079,0.0,False,False
3,231,1548021558,0,forward,0.6085,114.1063,9.7066,1.4066,0.0,False,False
3,232,1548021558,0,forward,0.3887,114.495,9.6846,1.4096,0.0,False,False
3,233,1548021558,0,forward,0.4983,114.9933,9.6572,1.4395,0.0,False,False
3,234,1548021558,0,forward,0.4984,115.4917,9.6298,1.4651,0.0,False,False
3,235,1548021558,0,forward,0.3512,115.843,9.6097,0.9449,0.0,False,False
3,236,964610217,0,forward,0.4967,116.3397,9.5824,1.4612,0.0,False,False
3,237,1548021558,0,forward,0.5448,116.8844,9.5527,1.4707,0.0,False,False
3,238,1548021558,0,forward,0.4961,117.3806,9.5253,1.4746,0.0,False,False
3,239,1548021558,0,forward,0.4957,117.8763,9.4981,1.4939,0.0,False,False
3,240,1548021558,0,forward,0.3863,118.2626,9.4762,1.4988,0.0,False,False
3,241,1548021558,0,forward,0.4951,118.7577,9.449,1.5169,0.0,False,False
3,242,1548021558,0,forward,0.4947,119.2524,9.4218,1.5236,0.0,False,False
3,243,1548021558,0,forward,0.6034,119.8558,9.3891,1.5254,0.0,False,False
3,244,1548021558,0,forward,0.4947,120.3505,9.3618,1.5069,0.0,False,False
3,245,2113935175,4,forward_right,0.5625,120.9131,9.3312,0.9422,0.0,False,False
3,246,2113935175,4,forward_right,0.166,121.0791,9.3204,1.564,0.0,False,False
3,247,909280383,2,turn_right,0.2582,121.3373,9.3025,1.5775,0.0,False,False
3,248,1548021558,0,forward,0.3525,121.6898,9.2824,1.5829,0.0,False,False
3,249,909280383,2,turn_right,0.5669,122.2567,9.249,1.5819,0.0,False,False
3,250,909280383,2,turn_right,0.341,122.5977,9.227,1.6172,0.0,False,False
3,251,909280383,2,turn_right,0.0294,122.6271,9.2205,1.6185,0.0,False,False
3,252,909280383,2,turn_right,-0.1,122.5271,9.2209,0.9464,0.0,False,False
3,253,964610217,0,forward,0.1963,122.7234,9.2085,1.4198,0.0,False,False
3,254,1548021558,0,forward,0.2791,123.0025,9.1921,1.587,0.0,False,False
3,255,1548021558,0,forward,0.4826,123.4851,9.1655,1.6111,0.0,False,False
3,256,1548021558,0,forward,0.2819,123.7669,9.1489,1.6175,0.0,False,False
3,257,1548021558,0,forward,0.6138,124.3808,9.1157,1.6193,0.0,False,False
3,258,1548021558,0,forward,0.6134,124.9942,9.0825,1.6304,0.0,False,False
3,259,1548021558,0,forward,0.392,125.3862,9.0604,1.6442,0.0,False,False
3,260,1548021558,0,forward,0.6126,125.9988,9.0273,1.6481,0.0,False,False
3,261,1548021558,0,forward,0.502,126.5008,8.9997,1.6589,0.0,False,False
3,262,1548021558,0,forward,0.5021,127.0029,8.9721,1.407,0.0,False,False
3,263,1548021558,0,forward,0.3524,127.3552,8.9519,0.9385,0.0,False,False
3,264,964610217,0,forward,0.5156,127.8708,8.9237,1.6765,0.0,False,False
3,265,1548021558,0,forward,0.3903,128.2611,8.9017,1.6943,0.0,False,False
3,266,1548021558,0,forward,0.5683,128.8294,8.8707,1.6889,0.0,False,False
3,267,1548021558,0,forward,0.3898,129.2192,8.8487,1.7089,0.0,False,False
3,268,1548021558,0,forward,0.9393,130.1585,8.7993,1.7124,0.0,False,False
3,269,1548021558,0,forward,0.1697,130.3282,8.7883,1.7283,0.0,False,False
3,270,1548021558,0,forward,0.3892,130.7174,8.7663,1.7441,0.0,False,False
3,271,1548021558,0,forward,0.6086,131.326,8.7334,1.7642,0.0,False,False
3,272,1548021558,0,forward,0.499,131.825,8.706,1.2497,0.0,False,False
3,273,1548021558,0,forward,0.3645,132.1895,8.6852,0.9609,0.0,False,False
3,274,964610217,0,forward,0.3863,132.5758,8.6634,1.7711,0.0,False,False
3,275,1548021558,0,forward,0.5554,133.1312,8.6331,1.7711,0.0,False,False
3,276,1548021558,0,forward,0.4898,133.6211,8.6062,1.9797,0.0,False,False
3,277,1548021558,0,forward,0.278,133.8991,8.5898,1.9797,0.0,False,False
3,278,1548021558,0,forward,0.6057,134.5048,8.557,1.9364,0.0,False,False
3,279,1548021558,0,forward,0.7142,135.219,8.5188,1.8767,0.0,False,False
3,280,1548021558,0,forward,0.3864,135.6054,8.4969,1.8493,0.0,False,False
3,281,1548021558,0,forward,0.4952,136.1005,8.4697,1.8174,0.0,False,False
3,282,1548021558,0,forward,0.386,136.4865,8.4479,1.6101,0.0,False,False
3,283,1548021558,0,forward,0.4953,136.9818,8.4206,1.6101,0.0,False,False
3,284,1548021558,0,forward,0.2568,137.2385,8.4053,1.2564,0.0,False,False
3,285,909280383,2,turn_right,0.5479,137.7865,8.3729,1.2564,0.0,False,False
3,286,909280383,2,turn_right,0.4551,138.2416,8.3451,1.6867,0.0,False,False
3,287,909280383,2,turn_right,0.3159,138.5575,8.3243,1.6867,0.0,False,False
3,288,909280383,2,turn_right,-0.0467,138.5108,8.3217,1.6703,0.0,False,False
3,289,909280383,2,turn_right,-0.1,138.4108,8.3213,1.6541,0.0,False,False
3,290,964610217,0,forward,0.0613,138.4721,8.3158,0.9529,0.0,False,False
3,291,964610217,0,forward,0.1054,138.5775,8.308,1.6325,0.0,False,False
3,292,1548021558,0,forward,0.171,138.7485,8.2969,1.6273,0.0,False,False
3,293,1548021558,0,forward,0.4348,139.1833,8.2727,1.617,0.0,False,False
3,294,1548021558,0,forward,0.634,139.8173,8.2385,1.596,0.0,False,False
3,295,1548021558,0,forward,0.5203,140.3376,8.21,1.5558,0.0,False,False
3,296,1548021558,0,forward,0.6341,140.9717,8.1758,1.5354,0.0,False,False
3,297,1548021558,0,forward,0.5198,141.4916,8.1473,1.4867,0.0,False,False
3,298,1548021558,0,forward,0.6335,142.125,8.1131,1.4635,0.0,False,False
3,299,1548021558,0,forward,0.2916,142.4167,8.096,1.4199,0.0,False,False
3,300,1548021558,0,forward,0.5193,142.936,8.0676,1.3956,0.0,False,False
3,301,1548021558,0,forward,0.5195,143.4555,8.0391,1.3729,0.0,False,False
3,302,1548021558,0,forward,0.6772,144.1327,8.0027,1.0028,0.0,False,False
3,303,926291406,4,forward_right,0.4038,144.5365,7.98,1.3103,0.0,False,False
3,304,926291406,4,forward_right,0.2848,144.8213,7.9633,1.282,0.0,False,False
3,305,926291406,4,forward_right,0.5367,145.358,7.934,1.2635,0.0,False,False
3,306,926291406,4,forward_right,0.2731,145.6311,7.9178,1.2495,0.0,False,False
3,307,926291406,4,forward_right,0.4386,146.0696,7.8934,1.2287,0.0,False,False
3,308,926291406,4,forward_right,0.3607,146.4304,7.8728,1.2127,0.0,False,False
3,309,926291406,4,forward_right,0.3632,146.7936,7.8522,1.1809,0.0,False,False
3,310,926291406,4,forward_right,0.3653,147.1588,7.8314,1.1577,0.0,False,False
3,311,926291406,4,forward_right,0.3669,147.5258,7.8106,1.1194,0.0,False,False
3,312,926291406,4,forward_right,0.2845,147.8103,7.7938,1.1066,0.0,False,False
3,313,926291406,4,forward_right,0.3692,148.1795,7.7729,1.0724,0.0,False,False
3,314,1166997565,3,forward_left,0.3899,148.5694,7.7509,1.0583,0.0,False,False
3,315,1166997565,3,forward_left,0.3168,148.8862,7.7326,0.9429,0.0,False,False
3,316,1309443777,2,turn_right,0.3213,149.2075,7.7115,1.0185,0.0,False,False
3,317,1937774032,3,forward_left,0.5672,149.7747,7.6806,1.0081,0.0,False,False
3,318,1937774032,3,forward_left,0.1901,149.9648,7.6686,1.0035,0.0,False,False
3,319,1937774032,3,forward_left,0.5334,150.4982,7.6395,0.9654,0.0,False,False
3,320,1937774032,3,forward_left,0.1988,150.697,7.627,0.9407,0.0,False,False
3,321,1937774032,3,forward_left,0.3628,151.0598,7.6064,0.9279,0.0,False,False
3,322,1937774032,3,forward_left,0.4419,151.5017,7.5818,0.9027,0.0,False,False
3,323,1937774032,3,forward_left,0.3568,151.8585,7.5614,0.8737,0.0,False,False
3,324,1937774032,3,forward_left,0.2733,152.1318,7.5453,0.8475,0.0,False,False
3,325,1309443777,2,turn_right,0.2971,152.4288,7.5254,0.8152,0.0,False,False
3,326,1309443777,2,turn_right,-0.0107,152.4181,7.521,0.8152,0.0,False,False
3,327,1309443777,2,turn_right,-0.0003,152.4178,7.516,0.8197,0.0,False,False
3,328,1309443777,2,turn_right,-0.1,152.3178,7.5162,0.8016,0.0,False,False
3,329,1937774032,3,forward_left,0.0743,152.3921,7.51,0.8016,0.0,False,False
3,330,1937774032,3,forward_left,0.4458,152.8379,7.4852,0.7976,0.0,False,False
3,331,1937774032,3,forward_left,0.3333,153.1712,7.466,0.7918,0.0,False,False
3,332,1937774032,3,forward_left,0.2759,153.4471,7.4498,0.7643,0.0,False,False
3,333,1309443777,2,turn_right,0.1717,153.6188,7.4362,0.7444,0.0,False,False
3,334,1309443777,2,turn_right,-0.1,153.5188,7.4366,0.7258,0.0,False,False
3,335,1937774032,3,forward_left,0.0102,153.5289,7.4336,0.7155,0.0,False,False
3,336,1937774032,3,forward_left,0.4479,153.9768,7.4087,0.7091,0.0,False,False
3,337,1937774032,3,forward_left,0.3603,154.3371,7.3882,0.7011,0.0,False,False
3,338,1937774032,3,forward_left,0.4058,154.7429,7.3654,0.6781,0.0,False,False
3,339,1309443777,2,turn_right,0.213,154.9559,7.3498,0.6552,0.0,False,False
3,340,1309443777,2,turn_right,-0.1,154.8559,7.348,0.6483,0.0,False,False
3,341,1309443777,2,turn_right,-0.1,154.7559,7.3475,0.6327,0.0,False,False
3,342,1309443777,2,turn_right,-0.1,154.6559,7.3476,0.6348,0.0,False,False
3,343,1309443777,2,turn_right,-0.1,154.5559,7.3475,0.6134,0.0,False,False
3,344,1309443777,2,turn_right,-0.1,154.4559,7.3478,0.6134,0.0,False,False
3,345,1309443777,2,turn_right,-0.1,154.3559,7.3474,0.6338,0.0,False,False
3,346,1309443777,2,turn_right,-0.1,154.2559,7.3472,0.6338,0.0,False,False
3,347,1309443777,2,turn_right,-0.1,154.1559,7.3471,0.6376,0.0,False,False
3,348,1904866102,4,forward_right,0.2129,154.3688,7.334,0.6376,0.0,False,False
3,349,1904866102,4,forward_right,0.2513,154.6201,7.3189,0.626,0.0,False,False
3,350,347496186,1,turn_left,0.275,154.8951,7.3002,0.6318,0.0,False,False
3,351,41514303,3,forward_left,0.0225,154.9176,7.2965,0.6134,0.0,False,False
3,352,347496186,1,turn_left,0.1713,155.0889,7.283,0.5982,0.0,False,False
3,353,347496186,1,turn_left,-0.0153,155.0735,7.2787,0.5769,0.0,False,False
3,354,347496186,1,turn_left,-1.6,153.4735,7.2785,0.5618,0.0,False,False
3,355,1904866102,4,forward_right,-1.1536,152.3199,7.2587,0.5588,0.0,False,False
3,356,347496186,1,turn_left,-1.2945,151.0254,7.2434,0.5595,0.0,False,False
3,357,347496186,1,turn_left,-1.6,149.4254,7.2423,0.5486,0.0,False,False
3,358,226828618,4,forward_right,-1.4279,147.9975,7.2362,0.5299,0.0,False,False
3,359,2018924930,2,turn_right,-1.2805,146.7171,7.2202,0.5299,0.0,False,False
3,360,2018924930,2,turn_right,-1.6,145.1171,7.2195,0.5134,0.0,False,False
3,361,2018924930,2,turn_right,-1.6,143.5171,7.2194,0.5113,0.0,False,False
3,362,2018924930,2,turn_right,-0.1,143.4171,7.219,0.5297,0.0,False,False
3,363,208371896,3,forward_left,-0.05,143.3671,7.2188,0.5297,0.0,False,False
3,364,208371896,3,forward_left,0.289,143.6561,7.2018,0.5317,0.0,False,False
3,365,226828618,4,forward_right,0.318,143.9741,7.1834,0.5249,0.0,False,False
3,366,326162201,4,forward_right,0.3232,144.2973,7.1648,0.5012,0.0,False,False
3,367,326162201,4,forward_right,0.4035,144.7008,7.1421,0.5064,0.0,False,False
3,368,326162201,4,forward_right,0.2539,144.9547,7.1269,0.4959,0.0,False,False
3,369,1319234279,1,turn_left,0.3282,145.2829,7.1055,0.4799,0.0,False,False
3,370,1212430525,4,forward_right,0.1006,145.3835,7.098,0.4669,0.0,False,False
3,371,1212430525,4,forward_right,0.3203,145.7038,7.0794,0.4464,0.0,False,False
3,372,1212430525,4,forward_right,0.461,146.1649,7.0539,0.4204,0.0,False,False
3,373,1212430525,4,forward_right,0.1658,146.3307,7.0431,0.4204,0.0,False,False
3,374,1372204316,2,turn_right,0.0405,146.3712,7.0361,0.4081,0.0,False,False
3,375,1372204316,2,turn_right,-0.1,146.2712,7.0359,0.4108,0.0,False,False
3,376,1212430525,4,forward_right,0.1769,146.4481,7.0245,0.4261,0.0,False,False
3,377,1212430525,4,forward_right,0.2151,146.6631,7.0113,0.4411,0.0,False,False
3,378,124275310,2,turn_right,0.0714,146.7346,7.0027,0.4322,0.0,False,False
3,379,1940035026,2,turn_right,-0.1,146.6346,7.0023,0.4529,0.0,False,False
3,380,1940035026,2,turn_right,-0.1,146.5346,7.0014,0.4529,0.0,False,False
3,381,1940035026,2,turn_right,-0.1,146.4346,7.001,0.4485,0.0,False,False
3,382,2085456378,3,forward_left,0.0229,146.4575,6.9974,0.4736,0.0,False,False
3,383,1940035026,2,turn_right,0.0682,146.5256,6.9889,0.4714,0.0,False,False
3,384,1940035026,2,turn_right,-0.1,146.4256,6.9887,0.4822,0.0,False,False
3,385,1940035026,2,turn_right,-0.1,146.3256,6.9881,0.488,0.0,False,False
3,386,1940035026,2,turn_right,-0.1,146.2256,6.9872,0.5289,0.0,False,False
3,387,1688873553,0,forward,-0.0006,146.225,6.9847,0.5434,0.0,False,False
3,388,1688873553,0,forward,0.0259,146.2509,6.9809,0.6117,0.0,False,False
3,389,1775452818,1,turn_left,0.0258,146.2767,6.9746,0.6319,0.0,False,False
3,390,1440968876,0,forward,0.046,146.3227,6.9698,0.6564,0.0,False,False
3,391,1440968876,0,forward,0.0766,146.3993,6.9635,0.6985,0.0,False,False
3,392,1440968876,0,forward,0.0642,146.4635,6.9578,0.7024,0.0,False,False
3,393,1440968876,0,forward,0.1278,146.5913,6.9489,0.7971,0.0,False,False
3,394,1440968876,0,forward,0.0666,146.6578,6.9431,0.8913,0.0,False,False
3,395,1440968876,0,forward,0.1219,146.7797,6.9345,0.9614,0.0,False,False
3,396,1440968876,0,forward,0.0626,146.8424,6.9289,1.0471,0.0,False,False
3,397,1440968876,0,forward,0.116,146.9584,6.9206,1.1446,0.0,False,False
3,398,828879,1,turn_left,0.0076,146.9659,6.9152,1.223,0.0,False,False
3,399,828879,1,turn_left,0.0303,146.9962,6.9087,1.3324,0.0,False,False
3,400,828879,1,turn_left,-0.1,146.8962,6.9076,0.933,0.0,False,False
3,401,1406925816,4,forward_right,0.0231,146.9193,6.904,1.3835,0.0,False,False
3,402,828879,1,turn_left,-0.0488,146.8705,6.9014,1.4164,0.0,False,False
3,403,828879,1,turn_left,-0.1,146.7705,6.9016,1.3287,0.0,False,False
3,404,828879,1,turn_left,-0.1,146.6705,6.9019,1.1416,0.0,False,False
3,405,828879,1,turn_left,-0.1,146.5705,6.9025,1.0195,0.0,False,False
3,406,1440968876,0,forward,0.0622,146.6327,6.8968,0.9209,0.0,False,False
3,407,1440968876,0,forward,0.108,146.7407,6.8889,0.9191,0.0,False,False
3,408,1440968876,0,forward,0.2381,146.9788,6.8745,0.9368,0.0,False,False
3,409,1440968876,0,forward,0.164,147.1428,6.8638,0.9816,0.0,False,False
3,410,1440968876,0,forward,0.3228,147.4656,6.8452,1.082,0.0,False,False
3,411,1440968876,0,forward,0.1611,147.6268,6.8346,1.082,0.0,False,False
3,412,1440968876,0,forward,0.1598,147.7865,6.8242,1.134,0.0,False,False
3,413,828879,1,turn_left,0.2054,147.9919,6.8089,1.1904,0.0,False,False
3,414,828879,1,turn_left,0.1039,148.0958,6.7987,1.2534,0.0,False,False
3,415,828879,1,turn_left,-0.0194,148.0764,6.7947,1.1293,0.0,False,False
3,416,828879,1,turn_left,-0.1,147.9764,6.7939,1.1353,0.0,False,False
3,417,828879,1,turn_left,-0.1,147.8764,6.7942,1.1628,0.0,False,False
3,418,828879,1,turn_left,-0.1,147.7764,6.7948,1.0646,0.0,False,False
3,419,1440968876,0,forward,-0.05,147.7264,6.7951,0.9747,0.0,False,False
3,420,1440968876,0,forward,0.1923,147.9187,6.7829,0.9409,0.0,False,False
3,421,1440968876,0,forward,0.1961,148.1148,6.7706,0.977,0.0,False,False
3,422,1440968876,0,forward,0.3994,148.5142,6.7482,0.996,0.0,False,False
3,423,1440968876,0,forward,0.2552,148.7694,6.7329,1.0083,0.0,False,False
3,424,1440968876,0,forward,0.4059,149.1753,6.7101,1.0539,0.0,False,False
3,425,1440968876,0,forward,0.2526,149.4279,6.695,1.0775,0.0,False,False
3,426,1440968876,0,forward,0.402,149.8298,6.6724,1.1252,0.0,False,False
3,427,828879,1,turn_left,0.2556,150.0855,6.6546,1.1575,0.0,False,False
3,428,828879,1,turn_left,0.1795,150.2649,6.6406,1.184,0.0,False,False
3,429,828879,1,turn_left,0.04,150.3049,6.6336,1.0369,0.0,False,False
3,430,587486767,5,stop,-0.05,150.2549,6.6331,1.0877,0.0,False,False
3,431,587486767,5,stop,0.0962,150.3512,6.6258,1.1731,0.0,False,False
3,432,828879,1,turn_left,-0.0587,150.2925,6.6238,1.1681,0.0,False,False
3,433,828879,1,turn_left,-0.048,150.2444,6.6212,1.1478,0.0,False,False
3,434,828879,1,turn_left,-0.1,150.1444,6.6207,1.1046,0.0,False,False
3,435,828879,1,turn_left,-0.1,150.0444,6.6208,1.0774,0.0,False,False
3,436,1440968876,0,forward,-0.05,149.9944,6.6203,1.0357,0.0,False,False
3,437,1440968876,0,forward,0.1691,150.1636,6.6094,1.0029,0.0,False,False
3,438,1440968876,0,forward,0.1102,150.2738,6.6014,0.9885,0.0,False,False
3,439,1440968876,0,forward,0.3866,150.6604,6.5795,0.9686,0.0,False,False
3,440,1440968876,0,forward,0.5705,151.231,6.5485,0.989,0.0,False,False
3,441,1440968876,0,forward,0.3632,151.5942,6.5278,0.988,0.0,False,False
3,442,1440968876,0,forward,0.4659,152.0601,6.502,1.0167,0.0,False,False
3,443,1440968876,0,forward,0.5682,152.6283,6.4711,1.0357,0.0,False,False
3,444,1440968876,0,forward,0.4642,153.0925,6.4454,1.0472,0.0,False,False
3,445,1440968876,0,forward,0.3609,153.4534,6.4249,1.0566,0.0,False,False
3,446,1440968876,0,forward,0.463,153.9164,6.3992,1.0813,0.0,False,False
3,447,1440968876,0,forward,0.4622,154.3786,6.3736,1.0826,0.0,False,False
3,448,1440968876,0,forward,0.5636,154.9422,6.3429,1.1212,0.0,False,False
3,449,828879,1,turn_left,0.2803,155.2225,6.3239,1.1416,0.0,False,False
3,450,828879,1,turn_left,0.1535,155.376,6.3113,1.1453,0.0,False,False
3,451,828879,1,turn_left,-0.059,155.317,6.3092,1.0483,0.0,False,False
3,452,587486767,5,stop,-0.002,155.315,6.3068,1.0874,0.0,False,False
3,453,867707199,0,forward,0.0589,155.3738,6.3014,1.0708,0.0,False,False
3,454,867707199,0,forward,0.0734,155.4472,6.2952,1.0728,0.0,False,False
3,455,867707199,0,forward,0.2563,155.7035,6.2799,1.0709,0.0,False,False
3,456,867707199,0,forward,0.3776,156.0811,6.2585,1.0618,0.0,False,False
3,457,867707199,0,forward,0.5204,156.6015,6.23,1.0717,0.0,False,False
3,458,867707199,0,forward,0.6369,157.2383,6.1956,1.0835,0.0,False,False
3,459,867707199,0,forward,0.4077,157.646,6.1728,1.0969,0.0,False,False
3,460,867707199,0,forward,0.5218,158.1679,6.1442,1.0921,0.0,False,False
3,461,867707199,0,forward,0.5216,158.6894,6.1156,1.1178,0.0,False,False
3,462,926291406,4,forward_right,0.5917,159.2811,6.0835,1.1184,0.0,False,False
3,463,926291406,4,forward_right,0.3128,159.5939,6.0654,1.1104,0.0,False,False
3,464,926291406,4,forward_right,0.2035,159.7973,6.0527,1.145,0.0,False,False
3,465,926291406,4,forward_right,0.4228,160.2201,6.029,1.1434,0.0,False,False
3,466,926291406,4,forward_right,0.2865,160.5066,6.0122,1.1663,0.0,False,False
3,467,926291406,4,forward_right,0.3299,160.8364,5.9932,1.1813,0.0,False,False
3,468,926291406,4,forward_right,0.2537,161.0902,5.978,1.1813,0.0,False,False
3,469,828879,1,turn_left,0.2791,161.3693,5.9591,1.2079,0.0,False,False
3,470,828879,1,turn_left,0.256,161.6253,5.9413,1.2447,0.0,False,False
3,471,828879,1,turn_left,-0.1,161.5253,5.9415,1.0743,0.0,False,False
3,472,587486767,5,stop,-0.05,161.4753,5.9418,1.1058,0.0,False,False
3,473,926291406,4,forward_right,0.124,161.5993,5.9331,1.1058,0.0,False,False
3,474,926291406,4,forward_right,0.3921,161.9915,5.911,1.2124,0.0,False,False
3,475,926291406,4,forward_right,0.3685,162.3599,5.8901,1.2193,0.0,False,False
3,476,828879,1,turn_left,0.1864,162.5463,5.8758,1.2464,0.0,False,False
3,477,828879,1,turn_left,-0.1,162.4463,5.8744,1.2464,0.0,False,False
3,478,926291406,4,forward_right,0.223,162.6693,5.8608,1.0724,0.0,False,False
3,479,1166997565,3,forward_left,0.1627,162.8321,5.8501,1.1442,0.0,False,False
3,480,828879,1,turn_left,0.2212,163.0532,5.8341,1.2639,0.0,False,False
3,481,828879,1,turn_left,0.0261,163.0793,5.8278,1.2396,0.0,False,False
3,482,926291406,4,forward_right,0.1438,163.2231,5.8181,1.2316,0.0,False,False
3,483,926291406,4,forward_right,0.3149,163.538,5.7999,1.2316,0.0,False,False
3,484,926291406,4,forward_right,0.332,163.87,5.7808,1.2646,0.0,False,False
3,485,828879,1,turn_left,0.2544,164.1244,5.763,1.2646,0.0,False,False
3,486,828879,1,turn_left,-0.1,164.0244,5.7625,1.2859,0.0,False,False
3,487,926291406,4,forward_right,-0.05,163.9744,5.7624,1.2797,0.0,False,False
3,488,1309443777,2,turn_right,0.0986,164.0731,5.7525,1.016,0.0,False,False
3,489,926291406,4,forward_right,0.0633,164.1364,5.7468,1.2795,0.0,False,False
3,490,926291406,4,forward_right,0.2363,164.3727,5.7325,1.2914,0.0,False,False
3,491,828879,1,turn_left,0.0935,164.4662,5.7229,1.2999,0.0,False,False
3,492,926291406,4,forward_right,0.0637,164.53,5.7172,1.2976,0.0,False,False
3,493,926291406,4,forward_right,0.3362,164.8661,5.6979,1.2843,0.0,False,False
3,494,828879,1,turn_left,0.1248,164.9909,5.6866,0.9435,0.0,False,False
3,495,1309443777,2,turn_right,-0.0234,164.9675,5.6828,0.9435,0.0,False,False
3,496,926291406,4,forward_right,0.1056,165.0732,5.675,1.2833,0.0,False,False
3,497,828879,1,turn_left,0.2047,165.2778,5.6598,1.3283,0.0,False,False
3,498,828879,1,turn_left,-0.1,165.1778,5.6596,1.3076,0.0,False,False
3,499,926291406,4,forward_right,0.0664,165.2443,5.6538,1.3076,0.0,False,False
3,500,926291406,4,forward_right,0.3434,165.5877,5.6341,1.2996,0.0,False,False
3,501,926291406,4,forward_right,0.4052,165.9929,5.6114,1.3331,0.0,False,False
3,502,926291406,4,forward_right,0.3306,166.3235,5.5923,1.3331,0.0,False,False
3,503,828879,1,turn_left,0.1275,166.451,5.581,1.3495,0.0,False,False
3,504,828879,1,turn_left,-0.1,166.351,5.5811,1.3617,0.0,False,False
3,505,926291406,4,forward_right,0.0109,166.3619,5.5781,1.1974,0.0,False,False
3,506,926291406,4,forward_right,0.2659,166.6279,5.5623,1.1974,0.0,False,False
3,507,926291406,4,forward_right,0.2753,166.9032,5.546,1.3271,0.0,False,False
3,508,926291406,4,forward_right,0.4074,167.3106,5.5232,1.3642,0.0,False,False
3,509,828879,1,turn_left,0.1207,167.4313,5.5121,1.3761,0.0,False,False
3,510,926291406,4,forward_right,-0.05,167.3813,5.5119,1.3825,0.0,False,False
3,511,926291406,4,forward_right,0.0978,167.479,5.5045,1.2386,0.0,False,False
3,512,926291406,4,forward_right,0.3303,167.8093,5.4855,1.0875,0.0,False,False
3,513,1166997565,3,forward_left,0.336,168.1453,5.4661,1.384,0.0,False,False
3,514,828879,1,turn_left,0.3242,168.4695,5.4449,1.3916,0.0,False,False
3,515,926291406,4,forward_right,0.1597,168.6292,5.4345,1.399,0.0,False,False
3,516,926291406,4,forward_right,0.2558,168.885,5.4192,1.4018,0.0,False,False
3,517,926291406,4,forward_right,0.405,169.29,5.3964,1.4062,0.0,False,False
3,518,828879,1,turn_left,0.1918,169.4817,5.3818,1.4344,0.0,False,False
3,519,828879,1,turn_left,-0.1,169.3817,5.3819,1.4505,0.0,False,False
3,520,926291406,4,forward_right,0.1012,169.4829,5.3743,1.0209,0.0,False,False
3,521,1166997565,3,forward_left,0.2767,169.7595,5.358,1.3933,0.0,False,False
3,522,926291406,4,forward_right,0.2978,170.0573,5.3406,1.4229,0.0,False,False
3,523,926291406,4,forward_right,0.2048,170.262,5.3279,1.4242,0.0,False,False
3,524,926291406,4,forward_right,0.1805,170.4425,5.3163,1.4419,0.0,False,False
3,525,926291406,4,forward_right,0.5539,170.9964,5.2861,1.4554,0.0,False,False
3,526,828879,1,turn_left,0.1294,171.1259,5.2747,1.4774,0.0,False,False
3,527,828879,1,turn_left,-0.1,171.0259,5.2746,1.4653,0.0,False,False
3,528,926291406,4,forward_right,-0.05,170.9759,5.2727,0.9395,0.0,False,False
3,529,1309443777,2,turn_right,0.1907,171.1665,5.2581,1.3285,0.0,False,False
3,530,926291406,4,forward_right,0.0335,171.2,5.254,1.4538,0.0,False,False
3,531,926291406,4,forward_right,0.2979,171.4979,5.2366,1.4707,0.0,False,False
3,532,828879,1,turn_left,0.1785,171.6764,5.2226,1.4674,0.0,False,False
3,533,828879,1,turn_left,-0.1,171.5764,5.2212,1.4861,0.0,False,False
3,534,926291406,4,forward_right,-0.05,171.5264,5.2213,1.3971,0.0,False,False
3,535,926291406,4,forward_right,0.2104,171.7368,5.2082,1.0599,0.0,False,False
3,536,1166997565,3,forward_left,0.3292,172.066,5.1893,1.4686,0.0,False,False
3,537,926291406,4,forward_right,0.3046,172.3706,5.1715,1.4676,0.0,False,False
3,538,926291406,4,forward_right,0.3367,172.7073,5.1522,1.4825,0.0,False,False
3,539,926291406,4,forward_right,0.331,173.0383,5.1332,1.5057,0.0,False,False
3,540,828879,1,turn_left,0.1361,173.1744,5.1214,1.5209,0.0,False,False
3,541,828879,1,turn_left,-0.1,173.0744,5.1212,1.5116,0.0,False,False
3,542,926291406,4,forward_right,-0.05,173.0244,5.121,1.0541,0.0,False,False
3,543,1166997565,3,forward_left,0.291,173.3154,5.104,1.3757,0.0,False,False
3,544,926291406,4,forward_right,0.3182,173.6336,5.0856,1.492,0.0,False,False
3,545,926291406,4,forward_right,0.2776,173.9112,5.0692,1.4847,0.0,False,False
3,546,926291406,4,forward_right,0.343,174.2542,5.0496,1.5058,0.0,False,False
3,547,926291406,4,forward_right,0.3378,174.592,5.0302,1.5273,0.0,False,False
3,548,926291406,4,forward_right,0.4836,175.0756,5.0035,1.5441,0.0,False,False
3,549,828879,1,turn_left,0.1252,175.2008,4.9922,1.552,0.0,False,False
3,550,828879,1,turn_left,-0.0167,175.1842,4.9881,1.5747,0.0,False,False
3,551,926291406,4,forward_right,-0.05,175.1342,4.9867,0.9609,0.0,False,False
3,552,1309443777,2,turn_right,0.3737,175.5079,4.963,1.4675,0.0,False,False
3,553,926291406,4,forward_right,0.1574,175.6653,4.9526,1.5728,0.0,False,False
3,554,828879,1,turn_left,0.1229,175.7882,4.9414,1.5707,0.0,False,False
3,555,926291406,4,forward_right,0.1439,175.9322,4.9318,1.4918,0.0,False,False
3,556,926291406,4,forward_right,0.4143,176.3465,4.9085,1.3924,0.0,False,False
3,557,828879,1,turn_left,0.0621,176.4087,4.9004,1.2799,0.0,False,False
3,558,926291406,4,forward_right,0.068,176.4767,4.8945,0.9682,0.0,False,False
3,559,1309443777,2,turn_right,0.2147,176.6913,4.8788,1.5898,0.0,False,False
3,560,828879,1,turn_left,0.1339,176.8252,4.8671,1.5873,0.0,False,False
3,561,828879,1,turn_left,-0.1,176.7252,4.8664,1.5812,0.0,False,False
3,562,926291406,4,forward_right,0.1436,176.8688,4.8567,1.573,0.0,False,False
3,563,926291406,4,forward_right,0.4102,177.2791,4.8337,1.5774,0.0,False,False
3,564,926291406,4,forward_right,0.3315,177.6106,4.8146,1.592,0.0,False,False
3,565,828879,1,turn_left,0.106,177.7166,4.8043,1.6032,0.0,False,False
3,566,828879,1,turn_left,-0.1,177.6166,4.8044,1.6124,0.0,False,False
3,567,926291406,4,forward_right,0.082,177.6985,4.7978,1.0215,0.0,False,False
3,568,1166997565,3,forward_left,0.3493,178.0479,4.7778,1.2474,0.0,False,False
3,569,926291406,4,forward_right,0.2516,178.2995,4.7627,1.4896,0.0,False,False
3,570,926291406,4,forward_right,0.2648,178.5643,4.747,1.5887,0.0,False,False
3,571,926291406,4,forward_right,0.4165,178.9807,4.7237,1.6196,0.0,False,False
3,572,926291406,4,forward_right,0.2568,179.2375,4.7083,1.638,0.0,False,False
3,573,828879,1,turn_left,0.1302,179.3678,4.6968,1.3493,0.0,False,False
3,574,828879,1,turn_left,-0.1,179.2678,4.6974,0.9852,0.0,False,False
3,575,1309443777,2,turn_right,-0.0133,179.2545,4.6931,1.1199,0.0,False,False
3,576,926291406,4,forward_right,0.1289,179.3834,4.6842,1.5422,0.0,False,False
3,577,926291406,4,forward_right,0.2827,179.6661,4.6675,1.6501,0.0,False,False
3,578,926291406,4,forward_right,0.3319,179.998,4.6484,1.6502,0.0,False,False
3,579,828879,1,turn_left,0.0661,180.064,4.6401,1.6642,0.0,False,False
3,580,926291406,4,forward_right,0.2264,180.2905,4.6263,1.655,0.0,False,False
3,581,926291406,4,forward_right,0.254,180.5445,4.6111,1.6694,0.0,False,False
3,582,828879,1,turn_left,0.1369,180.6814,4.5993,1.669,0.0,False,False
3,583,828879,1,turn_left,-0.1,180.5814,4.5994,1.6671,0.0,False,False
3,584,926291406,4,forward_right,0.1463,180.7278,4.5896,1.1804,0.0,False,False
3,585,926291406,4,forward_right,0.3787,181.1065,4.5682,1.0041,0.0,False,False
3,586,1309443777,2,turn_right,0.1857,181.2922,4.5539,1.2493,0.0,False,False
3,587,926291406,4,forward_right,0.1987,181.491,4.5415,1.533,0.0,False,False
3,588,926291406,4,forward_right,0.3169,181.8079,4.5231,1.6973,0.0,False,False
3,589,828879,1,turn_left,0.0595,181.8673,4.5151,2.4036,0.0,False,False
3,590,828879,1,turn_left,-0.1,181.7673,4.5153,1.2915,0.0,False,False
3,591,926291406,4,forward_right,0.2122,181.9795,4.5022,1.0404,0.0,False,False
3,592,1166997565,3,forward_left,0.2209,182.2004,4.4887,1.6874,0.0,False,False
3,593,926291406,4,forward_right,0.3137,182.5141,4.4705,1.6759,0.0,False,False
3,594,926291406,4,forward_right,0.3356,182.8497,4.4512,1.6822,0.0,False,False
3,595,926291406,4,forward_right,0.2546,183.1043,4.436,3.8785,0.0,False,False
3,596,828879,1,turn_left,0.136,183.2403,4.4242,3.8418,0.0,False,False
3,597,926291406,4,forward_right,0.2201,183.4605,4.4107,2.0404,0.0,False,False
3,598,926291406,4,forward_right,0.3317,183.7921,4.3916,1.5854,0.0,False,False
3,599,828879,1,turn_left,0.1212,183.9134,4.3805,1.1354,0.0,False,False
3,600,828879,1,turn_left,-0.1,183.8134,4.3806,1.0126,0.0,False,False
3,601,1309443777,2,turn_right,0.0372,183.8506,4.3737,1.2101,0.0,False,False
3,602,926291406,4,forward_right,0.2449,184.0955,4.359,2.0602,0.0,False,False
3,603,926291406,4,forward_right,0.3074,184.4029,4.3411,3.8195,0.0,False,False
3,604,828879,1,turn_left,0.0442,184.4471,4.3339,3.8032,0.0,False,False
3,605,828879,1,turn_left,-0.1,184.3471,4.3341,3.3514,0.0,False,False
3,606,926291406,4,forward_right,0.2326,184.5796,4.3199,1.422,0.0,False,False
3,607,926291406,4,forward_right,0.3423,184.9219,4.3003,1.2553,0.0,False,False
3,608,926291406,4,forward_right,0.143,185.0649,4.2907,0.9715,0.0,False,False
3,609,1309443777,2,turn_right,0.347,185.4119,4.2683,1.2704,0.0,False,False
3,610,828879,1,turn_left,0.1215,185.5333,4.2573,1.4624,0.0,False,False
3,611,828879,1,turn_left,-0.1,185.4333,4.2567,1.245,0.0,False,False
3,612,926291406,4,forward_right,0.0586,185.4919,4.2512,0.9763,0.0,False,False
3,613,1309443777,2,turn_right,0.1997,185.6916,4.2363,1.4613,0.0,False,False
3,614,926291406,4,forward_right,0.1045,185.7961,4.2285,1.4571,0.0,False,False
3,615,828879,1,turn_left,0.2086,186.0047,4.2131,1.8502,0.0,False,False
3,616,828879,1,turn_left,-0.1,185.9047,4.2132,1.2788,0.0,False,False
3,617,926291406,4,forward_right,0.1385,186.0432,4.2038,1.0372,0.0,False,False
3,618,1166997565,3,forward_left,0.3828,186.426,4.1822,2.4076,0.0,False,False
3,619,926291406,4,forward_right,0.1864,186.6123,4.1704,3.7263,0.0,False,False
3,620,926291406,4,forward_right,0.3379,186.9503,4.151,3.7162,0.0,False,False
3,621,926291406,4,forward_right,0.3323,187.2826,4.1318,3.7001,0.0,False,False
3,622,828879,1,turn_left,0.2093,187.4919,4.1164,3.6867,0.0,False,False
3,623,828879,1,turn_left,-0.1,187.3919,4.1166,2.0537,0.0,False,False
3,624,926291406,4,forward_right,0.0933,187.4852,4.1095,0.9378,0.0,False,False
3,625,1309443777,2,turn_right,0.243,187.7283,4.0923,1.8719,0.0,False,False
3,626,926291406,4,forward_right,0.0898,187.818,4.0853,3.6649,0.0,False,False
3,627,926291406,4,forward_right,0.2357,188.0537,4.071,3.6537,0.0,False,False
3,628,926291406,4,forward_right,0.3278,188.3815,4.0521,3.6522,0.0,False,False
3,629,828879,1,turn_left,0.1401,188.5216,4.0401,3.6618,0.0,False,False
3,630,828879,1,turn_left,-0.1,188.4216,4.0402,1.9928,0.0,False,False
3,631,926291406,4,forward_right,0.1006,188.5222,4.0327,0.9388,0.0,False,False
3,632,1309443777,2,turn_right,0.1443,188.6664,4.0205,1.8877,0.0,False,False
3,633,926291406,4,forward_right,0.1268,188.7932,4.0116,3.6548,0.0,False,False
3,634,926291406,4,forward_right,0.2373,189.0305,3.9973,3.626,0.0,False,False
3,635,926291406,4,forward_right,0.3299,189.3604,3.9783,3.6302,0.0,False,False
3,636,828879,1,turn_left,0.2108,189.5712,3.9627,3.6087,0.0,False,False
3,637,828879,1,turn_left,-0.1,189.4712,3.9627,2.5319,0.0,False,False
3,638,926291406,4,forward_right,0.1992,189.6704,3.9502,1.0063,0.0,False,False
3,639,1889449069,4,forward_right,0.3377,190.0081,3.9308,1.1846,0.0,False,False
3,640,926291406,4,forward_right,0.2561,190.2642,3.9155,1.5324,0.0,False,False
3,641,828879,1,turn_left,0.1392,190.4034,3.9036,1.6748,0.0,False,False
3,642,926291406,4,forward_right,0.035,190.4384,3.8993,0.9483,0.0,False,False
3,643,1309443777,2,turn_right,0.261,190.6994,3.8813,1.7091,0.0,False,False
3,644,828879,1,turn_left,0.0535,190.753,3.8736,2.6399,0.0,False,False
3,645,828879,1,turn_left,-0.0455,190.7075,3.8709,3.5804,0.0,False,False
3,646,926291406,4,forward_right,0.1372,190.8446,3.8615,2.6569,0.0,False,False
3,647,926291406,4,forward_right,0.3354,191.18,3.8422,3.5783,0.0,False,False
3,648,926291406,4,forward_right,0.3939,191.5739,3.82,3.5473,0.0,False,False
3,649,828879,1,turn_left,0.0347,191.6086,3.8133,3.5462,0.0,False,False
3,650,828879,1,turn_left,-0.1,191.5086,3.8135,2.0634,0.0,False,False
3,651,926291406,4,forward_right,0.0964,191.6049,3.8061,0.9401,0.0,False,False
3,652,1309443777,2,turn_right,0.1535,191.7585,3.7935,1.7574,0.0,False,False
3,653,926291406,4,forward_right,0.082,191.8404,3.7869,3.4901,0.0,False,False
3,654,926291406,4,forward_right,0.2433,192.0838,3.7722,3.5566,0.0,False,False
3,655,926291406,4,forward_right,0.2558,192.3396,3.7569,3.5449,0.0,False,False
3,656,828879,1,turn_left,0.2163,192.5559,3.7411,3.5241,0.0,False,False
3,657,828879,1,turn_left,-0.1,192.4559,3.741,2.6608,0.0,False,False
3,658,926291406,4,forward_right,0.14,192.5959,3.7315,1.0421,0.0,False,False
3,659,1166997565,3,forward_left,0.2818,192.8777,3.7149,1.0771,0.0,False,False
3,660,1166997565,3,forward_left,0.324,193.2017,3.6962,1.2271,0.0,False,False
3,661,926291406,4,forward_right,0.3687,193.5705,3.6753,1.2602,0.0,False,False
3,662,926291406,4,forward_right,0.3374,193.9079,3.6559,1.0642,0.0,False,False
3,663,1166997565,3,forward_left,0.2076,194.1155,3.643,1.0131,0.0,False,False
3,664,1166997565,3,forward_left,0.3231,194.4386,3.6244,1.2789,0.0,False,False
3,665,926291406,4,forward_right,0.3679,194.8065,3.6035,1.4331,0.0,False,False
3,666,926291406,4,forward_right,0.3441,195.1506,3.5838,1.3135,0.0,False,False
3,667,926291406,4,forward_right,0.3402,195.4908,3.5643,1.1263,0.0,False,False
3,668,926291406,4,forward_right,0.2961,195.7869,3.547,1.0433,0.0,False,False
3,669,587486767,5,stop,0.2125,195.9994,3.5339,1.6264,0.0,False,False
3,670,828879,1,turn_left,0.1372,196.1366,3.522,1.8183,0.0,False,False
3,671,828879,1,turn_left,-0.1,196.0366,3.5223,1.2788,0.0,False,False
3,672,926291406,4,forward_right,0.2272,196.2637,3.5084,1.0585,0.0,False,False
3,673,1166997565,3,forward_left,0.1975,196.4612,3.496,1.882,0.0,False,False
3,674,2095099663,0,forward,0.3911,196.8523,3.474,3.4731,0.0,False,False
3,675,2095099663,0,forward,0.4017,197.2539,3.4514,3.4522,0.0,False,False
3,676,2095099663,0,forward,0.5048,197.7587,3.4236,3.4667,0.0,False,False
3,677,2095099663,0,forward,0.3931,198.1518,3.4015,3.442,0.0,False,False
3,678,2095099663,0,forward,0.282,198.4337,3.3849,3.459,0.0,False,False
3,679,2095099663,0,forward,0.7234,199.1571,3.3462,3.4553,0.0,False,False
3,680,2095099663,0,forward,0.5014,199.6586,3.3187,3.4219,0.0,False,False
3,681,2095099663,0,forward,0.5006,200.1592,3.2911,2.8365,0.0,False,False
3,682,2095099663,0,forward,0.5,200.6592,3.2636,1.803,0.0,False,False
3,683,2095099663,0,forward,0.5905,201.2496,3.2316,1.1764,0.0,False,False
3,684,2095099663,0,forward,0.4507,201.7003,3.2066,1.1174,0.0,False,False
3,685,2095099663,0,forward,0.4962,202.1965,3.1793,2.08,0.0,False,False
3,686,2095099663,0,forward,0.3869,202.5834,3.1574,3.4239,0.0,False,False
3,687,2095099663,0,forward,0.4842,203.0675,3.1307,3.4179,0.0,False,False
3,688,2095099663,0,forward,0.4944,203.562,3.1035,3.408,0.0,False,False
3,689,1508107506,3,forward_left,0.4291,203.991,3.0795,3.4044,0.0,False,False
3,690,2095099663,0,forward,0.4077,204.3987,3.0566,3.3974,0.0,False,False
3,691,2095099663,0,forward,0.6088,205.0076,3.0237,2.444,0.0,False,False
3,692,2095099663,0,forward,0.3886,205.3962,3.0018,1.7047,0.0,False,False
3,693,2095099663,0,forward,0.5771,205.9733,2.9704,1.1022,0.0,False,False
3,694,2095099663,0,forward,0.3412,206.3145,2.9509,1.105,0.0,False,False
3,695,2095099663,0,forward,0.6036,206.9181,2.9182,2.0878,0.0,False,False
3,696,2095099663,0,forward,0.4942,207.4123,2.891,3.3851,0.0,False,False
3,697,1508107506,3,forward_left,0.31,207.7223,2.873,3.3994,0.0,False,False
3,698,2095099663,0,forward,0.408,208.1303,2.8501,3.4014,0.0,False,False
3,699,2095099663,0,forward,0.6085,208.7388,2.8171,3.3847,0.0,False,False
3,700,2095099663,0,forward,0.3881,209.1269,2.7952,3.4008,0.0,False,False
3,701,2095099663,0,forward,0.4966,209.6235,2.7679,3.393,0.0,False,False
3,702,2095099663,0,forward,0.4955,210.119,2.7406,3.3896,0.0,False,False
3,703,2095099663,0,forward,0.4943,210.6133,2.7134,3.3932,0.0,False,False
3,704,1508107506,3,forward_left,0.4285,211.0419,2.6895,2.4237,0.0,False,False
3,705,2095099663,0,forward,0.5176,211.5595,2.6611,1.205,0.0,False,False
3,706,2095099663,0,forward,0.4406,212.0001,2.6366,1.0021,0.0,False,False
3,707,1341840061,1,turn_left,0.3044,212.3045,2.6164,1.6087,0.0,False,False
3,708,2095099663,0,forward,0.3903,212.6948,2.5943,1.9817,0.0,False,False
3,709,2095099663,0,forward,0.6001,213.2949,2.5618,2.5503,0.0,False,False
3,710,2095099663,0,forward,0.3893,213.6842,2.5399,3.3776,0.0,False,False
3,711,2095099663,0,forward,0.4981,214.1823,2.5125,3.3957,0.0,False,False
3,712,2095099663,0,forward,0.6062,214.7885,2.4797,3.3789,0.0,False,False
3,713,2095099663,0,forward,0.3865,215.175,2.4578,3.3867,0.0,False,False
3,714,2095099663,0,forward,0.6032,215.7782,2.4252,2.7901,0.0,False,False
3,715,1508107506,3,forward_left,0.3958,216.174,2.4029,1.9009,0.0,False,False
3,716,2095099663,0,forward,0.2918,216.4657,2.3858,1.0227,0.0,False,False
3,717,1055658224,3,forward_left,0.4014,216.8672,2.3632,1.2173,0.0,False,False
3,718,2095099663,0,forward,0.5213,217.3885,2.3347,1.6458,0.0,False,False
3,719,2095099663,0,forward,0.393,217.7815,2.3125,2.6522,0.0,False,False
3,720,2095099663,0,forward,0.6134,218.3949,2.2793,3.4069,0.0,False,False
3,721,2095099663,0,forward,0.3914,218.7863,2.2573,3.3936,0.0,False,False
3,722,2095099663,0,forward,0.6099,219.3962,2.2243,3.4049,0.0,False,False
3,723,2095099663,0,forward,0.4992,219.8953,2.1968,3.3982,0.0,False,False
3,724,2095099663,0,forward,0.3883,220.2836,2.1749,3.414,0.0,False,False
3,725,2095099663,0,forward,0.6057,220.8894,2.1421,3.4146,0.0,False,False
3,726,2095099663,0,forward,0.4948,221.3842,2.1149,3.4159,0.0,False,False
3,727,2095099663,0,forward,0.4934,221.8776,2.0877,3.4156,0.0,False,False
3,728,1508107506,3,forward_left,0.3949,222.2725,2.0655,2.1207,0.0,False,False
3,729,2095099663,0,forward,0.3866,222.6591,2.0436,1.0629,0.0,False,False
3,730,1263078535,3,forward_left,0.429,223.0881,2.0197,1.1789,0.0,False,False
3,731,2095099663,0,forward,0.3518,223.4399,1.9996,1.4764,0.0,False,False
3,732,2095099663,0,forward,0.3833,223.8231,1.9779,1.755,0.0,False,False
3,733,2095099663,0,forward,0.5032,224.3264,1.9503,2.2679,0.0,False,False
3,734,2095099663,0,forward,0.6122,224.9386,1.9172,2.6237,0.0,False,False
3,735,2095099663,0,forward,0.5003,225.4389,1.8896,2.5799,0.0,False,False
3,736,2095099663,0,forward,0.4989,225.9377,1.8622,2.1815,0.0,False,False
3,737,2095099663,0,forward,0.4975,226.4353,1.8348,1.6497,0.0,False,False
3,738,2095099663,0,forward,0.4804,226.9157,1.8083,1.1574,0.0,False,False
3,739,2095099663,0,forward,0.4327,227.3484,1.7842,1.061,0.0,False,False
3,740,397735533,0,forward,0.4912,227.8396,1.7571,2.0642,0.0,False,False
3,741,1508107506,3,forward_left,0.394,228.2336,1.7349,3.463,0.0,False,False
3,742,2095099663,0,forward,0.4263,228.6599,1.7111,3.4789,0.0,False,False
3,743,2095099663,0,forward,0.4951,229.1549,1.6838,3.4871,0.0,False,False
3,744,1508107506,3,forward_left,0.3523,229.5073,1.6637,3.4842,0.0,False,False
3,745,1508107506,3,forward_left,0.4088,229.9161,1.6408,3.49,0.0,False,False
3,746,2095099663,0,forward,0.3011,230.2172,1.6232,1.9176,0.0,False,False
3,747,2095099663,0,forward,0.5043,230.7215,1.5955,1.3589,0.0,False,False
3,748,2095099663,0,forward,0.5127,231.2341,1.5674,0.9396,0.0,False,False
3,749,1341840061,1,turn_left,0.296,231.5302,1.5476,1.4137,0.0,False,False
3,750,2095099663,0,forward,0.3659,231.8961,1.5268,2.3617,0.0,False,False
3,751,2095099663,0,forward,0.4607,232.3567,1.5012,3.538,0.0,False,False
3,752,2095099663,0,forward,0.4829,232.8397,1.4746,3.5403,0.0,False,False
3,753,2095099663,0,forward,0.502,233.3417,1.447,3.551,0.0,False,False
3,754,2095099663,0,forward,0.6092,233.9508,1.414,3.5557,0.0,False,False
3,755,2095099663,0,forward,0.3877,234.3385,1.3922,3.5583,0.0,False,False
3,756,2095099663,0,forward,0.4952,234.8337,1.3649,3.5656,0.0,False,False
3,757,1508107506,3,forward_left,0.4607,235.2944,1.3394,2.7307,0.0,False,False
3,758,2095099663,0,forward,0.4051,235.6994,1.3166,1.3761,0.0,False,False
3,759,2095099663,0,forward,0.4808,236.1802,1.2901,0.9399,0.0,False,False
3,760,1840798605,5,stop,0.328,236.5082,1.2712,1.6236,0.0,False,False
3,761,1508107506,3,forward_left,0.3363,236.8446,1.2519,2.6039,0.0,False,False
3,762,2095099663,0,forward,500.0,736.8446,1.2305,3.637,0.0,True,False
4,1,964610217,0,forward,0.0931,0.0931,15.9692,1.0799,0.0,False,False
4,2,1904234423,4,forward_right,0.1606,0.2537,15.9587,1.2896,0.0,False,False
4,3,1548021558,0,forward,0.3554,0.6092,15.9384,1.5743,0.0,False,False
4,4,1548021558,0,forward,0.368,0.9771,15.9175,1.8686,0.0,False,False
4,5,1548021558,0,forward,0.4978,1.475,15.8901,2.718,0.0,False,False
4,6,1548021558,0,forward,0.545,2.02,15.8603,3.9314,0.0,False,False
4,7,1548021558,0,forward,0.5451,2.5651,15.8306,3.889,0.0,False,False
4,8,1548021558,0,forward,0.5452,3.1103,15.8008,3.8631,0.0,False,False
4,9,1548021558,0,forward,0.5448,3.6551,15.7711,3.8349,0.0,False,False
4,10,1548021558,0,forward,0.5451,4.2002,15.7413,3.8127,0.0,False,False
4,11,1548021558,0,forward,0.5451,4.7453,15.7116,3.798,0.0,False,False
4,12,1548021558,0,forward,0.5451,5.2904,15.6818,3.7654,0.0,False,False
4,13,1548021558,0,forward,0.545,5.8354,15.6521,3.7217,0.0,False,False
4,14,1548021558,0,forward,0.545,6.3805,15.6223,2.5473,0.0,False,False
4,15,1548021558,0,forward,0.4262,6.8067,15.5985,1.6174,0.0,False,False
4,16,1548021558,0,forward,0.6652,7.4718,15.5628,1.0548,0.0,False,False
4,17,1904234423,4,forward_right,0.4286,7.9004,15.5388,1.2081,0.0,False,False
4,18,1548021558,0,forward,0.494,8.3945,15.5116,2.1084,0.0,False,False
4,19,1548021558,0,forward,0.5449,8.9394,15.4819,3.571,0.0,False,False
4,20,1548021558,0,forward,0.5299,9.4693,15.4529,3.5604,0.0,False,False
4,21,1548021558,0,forward,0.5455,10.0148,15.4231,3.5394,0.0,False,False
4,22,1548021558,0,forward,0.5452,10.5601,15.3933,3.4962,0.0,False,False
4,23,1548021558,0,forward,0.5452,11.1052,15.3636,3.484,0.0,False,False
4,24,1548021558,0,forward,0.5451,11.6504,15.3338,3.4326,0.0,False,False
4,25,1548021558,0,forward,0.5451,12.1955,15.3041,3.415,0.0,False,False
4,26,1548021558,0,forward,0.5451,12.7406,15.2743,2.4411,0.0,False,False
4,27,1548021558,0,forward,0.5453,13.2859,15.2445,1.5432,0.0,False,False
4,28,1548021558,0,forward,0.4268,13.7127,15.2207,1.5432,0.0,False,False
4,29,1548021558,0,forward,0.5706,14.2833,15.1897,1.3991,0.0,False,False
4,30,1548021558,0,forward,0.544,14.8273,15.16,3.2928,0.0,False,False
4,31,1548021558,0,forward,0.5081,15.3354,15.1321,3.2928,0.0,False,False
4,32,1548021558,0,forward,0.5454,15.8808,15.1023,3.2837,0.0,False,False
4,33,1548021558,0,forward,0.5451,16.4259,15.0726,3.2423,0.0,False,False
4,34,1548021558,0,forward,0.5451,16.9709,15.0428,3.1901,0.0,False,False
4,35,1548021558,0,forward,0.545,17.5159,15.013,3.1463,0.0,False,False
4,36,1548021558,0,forward,0.545,18.0609,14.9833,3.1463,0.0,False,False
4,37,1548021558,0,forward,0.545,18.6059,14.9535,2.2167,0.0,False,False
4,38,1548021558,0,forward,0.5453,19.1513,14.9238,1.415,0.0,False,False
4,39,1548021558,0,forward,0.524,19.6753,14.8951,0.9439,0.0,False,False
4,40,964610217,0,forward,0.4915,20.1668,14.868,0.9439,0.0,False,False
4,41,964610217,0,forward,0.5443,20.7112,14.8383,3.0026,0.0,False,False
4,42,1548021558,0,forward,0.6522,21.3633,14.8032,3.0026,0.0,False,False
4,43,1548021558,0,forward,0.4247,21.788,14.7794,2.9982,0.0,False,False
4,44,1548021558,0,forward,0.545,22.333,14.7497,2.9757,0.0,False,False
4,45,1548021558,0,forward,0.5449,22.8779,14.72,2.9181,0.0,False,False
4,46,1548021558,0,forward,0.5448,23.4227,14.6902,2.873,0.0,False,False
4,47,1548021558,0,forward,0.5448,23.9675,14.6605,2.8646,0.0,False,False
4,48,1548021558,0,forward,0.5448,24.5124,14.6307,2.2492,0.0,False,False
4,49,1548021558,0,forward,0.5451,25.0575,14.601,1.4368,0.0,False,False
4,50,1548021558,0,forward,0.6184,25.6758,14.5676,0.9467,0.0,False,False
4,51,964610217,0,forward,0.3939,26.0697,14.5454,1.5069,0.0,False,False
4,52,1548021558,0,forward,0.5438,26.6136,14.5157,2.7436,0.0,False,False
4,53,1548021558,0,forward,0.5446,27.1582,14.4859,2.7311,0.0,False,False
4,54,1548021558,0,forward,0.5285,27.6867,14.457,2.7039,0.0,False,False
4,55,1548021558,0,forward,0.5448,28.2315,14.4273,2.7039,0.0,False,False
4,56,1548021558,0,forward,0.5447,28.7763,14.3975,2.6726,0.0,False,False
4,57,1548021558,0,forward,0.5447,29.3209,14.3678,2.6352,0.0,False,False
4,58,1548021558,0,forward,0.5446,29.8656,14.3381,2.6143,0.0,False,False
4,59,1548021558,0,forward,0.5446,30.4102,14.3083,2.5686,0.0,False,False
4,60,1548021558,0,forward,0.5448,30.955,14.2786,1.7843,0.0,False,False
4,61,1548021558,0,forward,0.5454,31.5003,14.2488,1.145,0.0,False,False
4,62,1548021558,0,forward,0.4487,31.9491,14.2239,1.145,0.0,False,False
4,63,1548021558,0,forward,0.5428,32.4918,14.1943,1.1608,0.0,False,False
4,64,1548021558,0,forward,0.5379,33.0297,14.1649,2.4911,0.0,False,False
4,65,1548021558,0,forward,0.5174,33.5472,14.1365,2.4706,0.0,False,False
4,66,1548021558,0,forward,0.5446,34.0918,14.1068,2.4523,0.0,False,False
4,67,1548021558,0,forward,0.5446,34.6364,14.077,2.4068,0.0,False,False
4,68,1548021558,0,forward,0.5445,35.1809,14.0473,2.4068,0.0,False,False
4,69,1548021558,0,forward,0.5445,35.7254,14.0176,2.3505,0.0,False,False
4,70,1548021558,0,forward,0.5446,36.27,13.9878,2.3505,0.0,False,False
4,71,1548021558,0,forward,0.545,36.815,13.9581,1.8634,0.0,False,False
4,72,1548021558,0,forward,0.462,37.277,13.9325,1.0392,0.0,False,False
4,73,1904234423,4,forward_right,0.5241,37.8011,13.9038,1.0392,0.0,False,False
4,74,1548021558,0,forward,0.4663,38.2675,13.878,1.7991,0.0,False,False
4,75,1548021558,0,forward,0.5455,38.813,13.8482,2.2387,0.0,False,False
4,76,1548021558,0,forward,0.5353,39.3482,13.8189,2.2387,0.0,False,False
4,77,1548021558,0,forward,0.5457,39.8939,13.7891,2.1989,0.0,False,False
4,78,1548021558,0,forward,0.5456,40.4395,13.7594,2.2013,0.0,False,False
4,79,1548021558,0,forward,0.5456,40.9851,13.7296,2.1742,0.0,False,False
4,80,1548021558,0,forward,0.5455,41.5307,13.6998,2.1602,0.0,False,False
4,81,1548021558,0,forward,0.4264,41.9571,13.676,2.1254,0.0,False,False
4,82,1548021558,0,forward,0.6647,42.6217,13.6403,2.1129,0.0,False,False
4,83,1548021558,0,forward,0.5459,43.1676,13.6105,2.0824,0.0,False,False
4,84,1548021558,0,forward,0.5243,43.6919,13.5818,1.3117,0.0,False,False
4,85,1548021558,0,forward,0.4923,44.1842,13.5546,0.9587,0.0,False,False
4,86,964610217,0,forward,0.5449,44.729,13.5249,1.6661,0.0,False,False
4,87,1548021558,0,forward,0.5454,45.2744,13.4951,2.0242,0.0,False,False
4,88,1548021558,0,forward,0.5325,45.8069,13.466,2.0014,0.0,False,False
4,89,1548021558,0,forward,0.5455,46.3524,13.4362,1.9777,0.0,False,False
4,90,1548021558,0,forward,0.5454,46.8978,13.4065,1.9775,0.0,False,False
4,91,1548021558,0,forward,0.6644,47.5622,13.3707,1.9488,0.0,False,False
4,92,1548021558,0,forward,0.4263,47.9884,13.3469,1.9414,0.0,False,False
4,93,1548021558,0,forward,0.5453,48.5338,13.3172,1.9157,0.0,False,False
4,94,1548021558,0,forward,0.5456,49.0794,13.2874,1.9013,0.0,False,False
4,95,1548021558,0,forward,0.5465,49.6259,13.2575,1.3982,0.0,False,False
4,96,1548021558,0,forward,0.4703,50.0962,13.2315,0.9466,0.0,False,False
4,97,964610217,0,forward,0.5444,50.6406,13.2018,1.5611,0.0,False,False
4,98,1548021558,0,forward,0.5451,51.1857,13.1721,1.8225,0.0,False,False
4,99,1548021558,0,forward,0.4131,51.5988,13.1489,1.8109,0.0,False,False
4,100,1548021558,0,forward,0.5454,52.1443,13.1191,1.8077,0.0,False,False
4,101,1548021558,0,forward,0.6642,52.8085,13.0834,1.7801,0.0,False,False
4,102,1548021558,0,forward,0.4261,53.2346,13.0596,1.7782,0.0,False,False
4,103,1548021558,0,forward,0.6641,53.8988,13.0239,1.7573,0.0,False,False
4,104,1548021558,0,forward,0.5451,54.4439,12.9941,1.7471,0.0,False,False
4,105,1548021558,0,forward,0.5453,54.9892,12.9644,1.7221,0.0,False,False
4,106,1548021558,0,forward,0.5461,55.5353,12.9346,1.5071,0.0,False,False
4,107,1548021558,0,forward,0.471,56.0063,12.9085,0.9613,0.0,False,False
4,108,964610217,0,forward,0.5439,56.5501,12.8788,1.46,0.0,False,False
4,109,1548021558,0,forward,0.5449,57.095,12.8491,1.6727,0.0,False,False
4,110,1548021558,0,forward,0.5319,57.6269,12.82,1.6716,0.0,False,False
4,111,1548021558,0,forward,0.5452,58.1721,12.7902,1.6554,0.0,False,False
4,112,1548021558,0,forward,0.545,58.7171,12.7605,1.6364,0.0,False,False
4,113,1548021558,0,forward,0.5449,59.262,12.7307,1.6427,0.0,False,False
4,114,1548021558,0,forward,0.5449,59.8069,12.701,1.6045,0.0,False,False
4,115,1548021558,0,forward,0.5449,60.3518,12.6713,1.6034,0.0,False,False
4,116,1548021558,0,forward,0.545,60.8968,12.6415,1.6017,0.0,False,False
4,117,1548021558,0,forward,0.5457,61.4425,12.6117,1.5747,0.0,False,False
4,118,1548021558,0,forward,0.4712,61.9137,12.5857,1.002,0.0,False,False
4,119,964610217,0,forward,0.5435,62.4572,12.556,1.3071,0.0,False,False
4,120,1548021558,0,forward,0.5445,63.0017,12.5263,1.5576,0.0,False,False
4,121,1548021558,0,forward,0.5319,63.5336,12.4972,1.5652,0.0,False,False
4,122,1548021558,0,forward,0.5451,64.0787,12.4674,1.5585,0.0,False,False
4,123,1548021558,0,forward,0.5448,64.6234,12.4377,1.5339,0.0,False,False
4,124,1548021558,0,forward,0.5447,65.1681,12.4079,1.5394,0.0,False,False
4,125,1548021558,0,forward,0.5447,65.7128,12.3782,1.5308,0.0,False,False
4,126,1548021558,0,forward,0.5446,66.2574,12.3485,1.5208,0.0,False,False
4,127,1548021558,0,forward,0.5448,66.8022,12.3187,1.5241,0.0,False,False
4,128,1548021558,0,forward,0.5453,67.3475,12.289,1.5122,0.0,False,False
4,129,1548021558,0,forward,0.4718,67.8192,12.2629,1.0781,0.0,False,False
4,130,1904234423,4,forward_right,0.4934,68.3126,12.2357,1.1934,0.0,False,False
4,131,1548021558,0,forward,0.5,68.8126,12.2082,1.4982,0.0,False,False
4,132,1548021558,0,forward,0.5456,69.3582,12.1784,1.5097,0.0,False,False
4,133,1548021558,0,forward,0.5339,69.8921,12.1492,1.494,0.0,False,False
4,134,1548021558,0,forward,0.5456,70.4377,12.1195,1.4939,0.0,False,False
4,135,1548021558,0,forward,0.5456,70.9833,12.0897,1.4912,0.0,False,False
4,136,1548021558,0,forward,0.5455,71.5288,12.0599,1.4974,0.0,False,False
4,137,1548021558,0,forward,0.5455,72.0743,12.0301,1.489,0.0,False,False
4,138,1548021558,0,forward,0.4264,72.5006,12.0063,1.4806,0.0,False,False
4,139,1548021558,0,forward,0.6648,73.1655,11.9706,1.4868,0.0,False,False
4,140,1548021558,0,forward,0.5466,73.712,11.9407,1.4245,0.0,False,False
4,141,1548021558,0,forward,0.4692,74.1812,11.9148,0.9607,0.0,False,False
4,142,964610217,0,forward,0.5444,74.7256,11.8851,1.4957,0.0,False,False
4,143,1548021558,0,forward,0.5452,75.2708,11.8553,1.5027,0.0,False,False
4,144,1548021558,0,forward,0.5334,75.8042,11.8261,1.5045,0.0,False,False
4,145,1548021558,0,forward,0.5455,76.3496,11.7964,1.5121,0.0,False,False
4,146,1548021558,0,forward,0.5454,76.895,11.7666,1.5115,0.0,False,False
4,147,1548021558,0,forward,0.5453,77.4403,11.7368,1.5012,0.0,False,False
4,148,1548021558,0,forward,0.5453,77.9856,11.7071,1.4912,0.0,False,False
4,149,1548021558,0,forward,0.5453,78.5309,11.6773,1.4606,0.0,False,False
4,150,1548021558,0,forward,0.5454,79.0763,11.6475,1.4621,0.0,False,False
4,151,1548021558,0,forward,0.546,79.6223,11.6177,1.4442,0.0,False,False
4,152,1548021558,0,forward,0.4729,80.0952,11.5916,1.0238,0.0,False,False
4,153,1904234423,4,forward_right,0.4941,80.5893,11.5644,1.2975,0.0,False,False
4,154,1548021558,0,forward,0.5006,81.0899,11.5368,1.4018,0.0,False,False
4,155,1548021558,0,forward,0.4269,81.5168,11.513,1.388,0.0,False,False
4,156,1548021558,0,forward,0.6575,82.1743,11.4776,1.3906,0.0,False,False
4,157,1548021558,0,forward,0.5462,82.7205,11.4478,1.3787,0.0,False,False
4,158,1548021558,0,forward,0.5461,83.2666,11.418,1.3628,0.0,False,False
4,159,1548021558,0,forward,0.4269,83.6935,11.3942,1.3526,0.0,False,False
4,160,1548021558,0,forward,0.6653,84.3588,11.3584,1.335,0.0,False,False
4,161,1548021558,0,forward,0.5461,84.9049,11.3286,1.3301,0.0,False,False
4,162,1548021558,0,forward,0.5464,85.4513,11.2988,1.3153,0.0,False,False
4,163,1548021558,0,forward,0.5338,85.985,11.2696,1.3104,0.0,False,False
4,164,1548021558,0,forward,0.4856,86.4706,11.2428,0.9659,0.0,False,False
4,165,964610217,0,forward,0.5452,87.0158,11.2131,1.3065,0.0,False,False
4,166,1548021558,0,forward,0.5459,87.5617,11.1833,1.2918,0.0,False,False
4,167,1548021558,0,forward,0.5298,88.0916,11.1543,1.2982,0.0,False,False
4,168,1548021558,0,forward,0.546,88.6376,11.1245,1.2954,0.0,False,False
4,169,1548021558,0,forward,0.546,89.1835,11.0947,1.2926,0.0,False,False
4,170,1548021558,0,forward,0.5459,89.7295,11.0649,1.2821,0.0,False,False
4,171,1548021558,0,forward,0.5459,90.2753,11.0351,1.2793,0.0,False,False
4,172,1548021558,0,forward,0.5459,90.8212,11.0053,1.2844,0.0,False,False
4,173,1548021558,0,forward,0.546,91.3672,10.9755,1.2774,0.0,False,False
4,174,1548021558,0,forward,0.5465,91.9137,10.9457,1.2736,0.0,False,False
4,175,1548021558,0,forward,0.4531,92.3668,10.9205,1.0567,0.0,False,False
4,176,1904234423,4,forward_right,0.459,92.8258,10.8951,1.1907,0.0,False,False
4,177,1548021558,0,forward,0.5016,93.3274,10.8675,1.264,0.0,False,False
4,178,1548021558,0,forward,0.5166,93.844,10.8391,1.2708,0.0,False,False
4,179,1548021558,0,forward,0.5472,94.3913,10.8093,1.273,0.0,False,False
4,180,1548021558,0,forward,0.5471,94.9384,10.7794,1.2824,0.0,False,False
4,181,1548021558,0,forward,0.5471,95.4855,10.7496,1.2783,0.0,False,False
4,182,1548021558,0,forward,0.5471,96.0326,10.7197,1.2704,0.0,False,False
4,183,1548021558,0,forward,0.547,96.5797,10.6899,1.2759,0.0,False,False
4,184,1548021558,0,forward,0.5471,97.1268,10.66,1.2813,0.0,False,False
4,185,1548021558,0,forward,0.5474,97.6741,10.6301,1.2788,0.0,False,False
4,186,1548021558,0,forward,0.5408,98.215,10.6006,1.2769,0.0,False,False
4,187,1548021558,0,forward,0.4803,98.6953,10.5741,0.951,0.0,False,False
4,188,964610217,0,forward,0.5461,99.2413,10.5443,1.286,0.0,False,False
4,189,1548021558,0,forward,0.5469,99.7882,10.5144,1.2936,0.0,False,False
4,190,1548021558,0,forward,0.4107,100.1989,10.4914,1.2856,0.0,False,False
4,191,1548021558,0,forward,0.6666,100.8655,10.4556,1.2889,0.0,False,False
4,192,1548021558,0,forward,0.547,101.4125,10.4257,1.2955,0.0,False,False
4,193,1548021558,0,forward,0.5469,101.9594,10.3959,1.293,0.0,False,False
4,194,1548021558,0,forward,0.5469,102.5063,10.366,1.2831,0.0,False,False
4,195,1548021558,0,forward,0.5469,103.0532,10.3362,1.3006,0.0,False,False
4,196,1548021558,0,forward,0.547,103.6002,10.3063,1.2932,0.0,False,False
4,197,1548021558,0,forward,0.5474,104.1476,10.2765,1.2977,0.0,False,False
4,198,1548021558,0,forward,0.4747,104.6224,10.2502,1.1338,0.0,False,False
4,199,1548021558,0,forward,0.5444,105.1667,10.2205,1.1093,0.0,False,False
4,200,1548021558,0,forward,0.5463,105.713,10.1907,1.3061,0.0,False,False
4,201,1548021558,0,forward,0.5468,106.2598,10.1609,1.3109,0.0,False,False
4,202,1548021558,0,forward,0.534,106.7938,10.1317,1.2986,0.0,False,False
4,203,1548021558,0,forward,0.5468,107.3407,10.1018,1.3036,0.0,False,False
4,204,1548021558,0,forward,0.6661,108.0068,10.066,1.3136,0.0,False,False
4,205,1548021558,0,forward,0.4274,108.4342,10.0421,1.3088,0.0,False,False
4,206,1548021558,0,forward,0.5467,108.9809,10.0123,1.3146,0.0,False,False
4,207,1548021558,0,forward,0.5468,109.5277,9.9825,1.3133,0.0,False,False
4,208,1548021558,0,forward,0.5471,110.0747,9.9526,1.3158,0.0,False,False
4,209,1548021558,0,forward,0.534,110.6088,9.9234,1.3116,0.0,False,False
4,210,1548021558,0,forward,0.4866,111.0954,9.8966,0.9694,0.0,False,False
4,211,964610217,0,forward,0.5459,111.6413,9.8668,1.3115,0.0,False,False
4,212,1548021558,0,forward,0.5465,112.1878,9.837,1.3164,0.0,False,False
4,213,1548021558,0,forward,0.5298,112.7175,9.808,1.3214,0.0,False,False
4,214,1548021558,0,forward,0.5467,113.2642,9.7781,1.3359,0.0,False,False
4,215,1548021558,0,forward,0.5466,113.8108,9.7483,1.3149,0.0,False,False
4,216,1548021558,0,forward,0.5466,114.3574,9.7185,1.3246,0.0,False,False
4,217,1548021558,0,forward,0.5465,114.9039,9.6886,1.3322,0.0,False,False
4,218,1548021558,0,forward,0.5465,115.4505,9.6588,1.3344,0.0,False,False
4,219,1548021558,0,forward,0.5466,115.9971,9.629,1.3282,0.0,False,False
4,220,1548021558,0,forward,0.5471,116.5442,9.5991,1.3307,0.0,False,False
4,221,1548021558,0,forward,0.4732,117.0174,9.573,1.091,0.0,False,False
4,222,1904234423,4,forward_right,0.4595,117.4769,9.5475,1.1877,0.0,False,False
4,223,1548021558,0,forward,0.4661,117.943,9.5217,1.3361,0.0,False,False
4,224,1548021558,0,forward,0.5479,118.4908,9.4918,1.3221,0.0,False,False
4,225,1548021558,0,forward,0.4132,118.904,9.4686,1.3257,0.0,False,False
4,226,1548021558,0,forward,0.6679,119.572,9.4327,1.3266,0.0,False,False
4,227,1548021558,0,forward,0.548,120.12,9.4028,1.3341,0.0,False,False
4,228,1548021558,0,forward,0.4284,120.5483,9.3789,1.3313,0.0,False,False
4,229,1548021558,0,forward,0.6675,121.2159,9.3431,1.339,0.0,False,False
4,230,1548021558,0,forward,0.5479,121.7638,9.3132,1.3333,0.0,False,False
4,231,1548021558,0,forward,0.4284,122.1921,9.2892,1.3332,0.0,False,False
4,232,1548021558,0,forward,0.6679,122.86,9.2533,1.3382,0.0,False,False
4,233,1548021558,0,forward,0.5263,123.3863,9.2245,1.2904,0.0,False,False
4,234,1548021558,0,forward,0.4955,123.8818,9.1973,0.9963,0.0,False,False
4,235,964610217,0,forward,0.4276,124.3094,9.1734,1.3408,0.0,False,False
4,236,1548021558,0,forward,0.6673,124.9767,9.1375,1.3348,0.0,False,False
4,237,1548021558,0,forward,0.5407,125.5174,9.108,1.3323,0.0,False,False
4,238,1548021558,0,forward,0.5479,126.0653,9.0781,1.337,0.0,False,False
4,239,1548021558,0,forward,0.5479,126.6132,9.0482,1.3376,0.0,False,False
4,240,1548021558,0,forward,0.5478,127.161,9.0183,1.3355,0.0,False,False
4,241,1548021558,0,forward,0.5478,127.7088,8.9884,1.3518,0.0,False,False
4,242,1548021558,0,forward,0.5478,128.2566,8.9585,1.3457,0.0,False,False
4,243,1548021558,0,forward,0.548,128.8047,8.9286,1.3462,0.0,False,False
4,244,1548021558,0,forward,0.5489,129.3535,8.8987,1.3378,0.0,False,False
4,245,1548021558,0,forward,0.4637,129.8172,8.873,0.9402,0.0,False,False
4,246,964610217,0,forward,0.5468,130.364,8.8431,1.3542,0.0,False,False
4,247,1548021558,0,forward,0.5476,130.9116,8.8133,1.3509,0.0,False,False
4,248,1548021558,0,forward,0.5315,131.4431,8.7842,1.3446,0.0,False,False
4,249,1548021558,0,forward,0.5482,131.9913,8.7543,1.3438,0.0,False,False
4,250,1548021558,0,forward,0.5478,132.5391,8.7244,1.3495,0.0,False,False
4,251,1548021558,0,forward,0.5478,133.0869,8.6945,1.3373,0.0,False,False
4,252,1548021558,0,forward,0.4282,133.5151,8.6706,1.3505,0.0,False,False
4,253,1548021558,0,forward,0.6673,134.1823,8.6347,1.3526,0.0,False,False
4,254,1548021558,0,forward,0.5478,134.7301,8.6048,1.353,0.0,False,False
4,255,1548021558,0,forward,0.5481,135.2781,8.5749,1.3443,0.0,False,False
4,256,1548021558,0,forward,0.5362,135.8144,8.5456,1.3091,0.0,False,False
4,257,1548021558,0,forward,0.4861,136.3005,8.5188,0.9688,0.0,False,False
4,258,964610217,0,forward,0.5469,136.8474,8.489,1.3433,0.0,False,False
4,259,1548021558,0,forward,0.5476,137.3949,8.4591,1.3519,0.0,False,False
4,260,1548021558,0,forward,0.5386,137.9335,8.4297,1.3506,0.0,False,False
4,261,1548021558,0,forward,0.5477,138.4812,8.3998,1.3548,0.0,False,False
4,262,1548021558,0,forward,0.5476,139.0289,8.3699,1.3716,0.0,False,False
4,263,1548021558,0,forward,0.5476,139.5765,8.34,1.3777,0.0,False,False
4,264,1548021558,0,forward,0.5476,140.1241,8.3101,1.3763,0.0,False,False
4,265,1548021558,0,forward,0.5476,140.6717,8.2803,1.3942,0.0,False,False
4,266,1548021558,0,forward,0.5478,141.2194,8.2504,1.3732,0.0,False,False
4,267,1548021558,0,forward,0.5486,141.768,8.2204,1.3974,0.0,False,False
4,268,1548021558,0,forward,0.4633,142.2313,8.1948,0.9528,0.0,False,False
4,269,964610217,0,forward,0.5465,142.7779,8.1649,1.413,0.0,False,False
4,270,1548021558,0,forward,0.5473,143.3252,8.1351,1.5156,0.0,False,False
4,271,1548021558,0,forward,0.5316,143.8568,8.106,1.5541,0.0,False,False
4,272,1548021558,0,forward,0.5482,144.405,8.0761,1.5252,0.0,False,False
4,273,1548021558,0,forward,0.5476,144.9525,8.0462,1.5045,0.0,False,False
4,274,1548021558,0,forward,0.5475,145.5001,8.0163,1.4692,0.0,False,False
4,275,1548021558,0,forward,0.5475,146.0475,7.9865,1.4517,0.0,False,False
4,276,926291406,4,forward_right,0.4976,146.5451,7.9591,1.4085,0.0,False,False
4,277,926291406,4,forward_right,0.2851,146.8302,7.9423,1.3856,0.0,False,False
4,278,926291406,4,forward_right,0.3726,147.2028,7.9212,1.2039,0.0,False,False
4,279,1166997565,3,forward_left,0.3399,147.5427,7.9017,1.0852,0.0,False,False
4,280,1166997565,3,forward_left,0.3813,147.9241,7.8801,1.3116,0.0,False,False
4,281,926291406,4,forward_right,0.338,148.2621,7.8607,1.3199,0.0,False,False
4,282,926291406,4,forward_right,0.286,148.5481,7.8439,1.3037,0.0,False,False
4,283,926291406,4,forward_right,0.454,149.0021,7.8187,1.2637,0.0,False,False
4,284,926291406,4,forward_right,0.3699,149.372,7.7977,1.2658,0.0,False,False
4,285,926291406,4,forward_right,0.3701,149.7421,7.7767,1.2249,0.0,False,False
4,286,926291406,4,forward_right,0.2559,149.998,7.7614,0.9613,0.0,False,False
4,287,1309443777,2,turn_right,0.262,150.26,7.7433,1.2055,0.0,False,False
4,288,926291406,4,forward_right,0.3698,150.6299,7.7224,1.2046,0.0,False,False
4,289,926291406,4,forward_right,0.3633,150.9932,7.7017,1.1966,0.0,False,False
4,290,926291406,4,forward_right,0.3619,151.3551,7.6811,1.1753,0.0,False,False
4,291,926291406,4,forward_right,0.3591,151.7142,7.6606,1.151,0.0,False,False
4,292,926291406,4,forward_right,0.3559,152.0701,7.6403,1.1355,0.0,False,False
4,293,926291406,4,forward_right,0.3524,152.4225,7.6202,1.1352,0.0,False,False
4,294,926291406,4,forward_right,0.3488,152.7713,7.6003,1.1152,0.0,False,False
4,295,926291406,4,forward_right,0.3453,153.1166,7.5805,1.1026,0.0,False,False
4,296,926291406,4,forward_right,0.2978,153.4145,7.5631,1.1014,0.0,False,False
4,297,926291406,4,forward_right,0.1957,153.6101,7.5508,0.9751,0.0,False,False
4,298,1309443777,2,turn_right,0.2282,153.8383,7.5344,1.0903,0.0,False,False
4,299,477319172,1,turn_left,0.0802,153.9185,7.5254,1.1045,0.0,False,False
4,300,828879,1,turn_left,-0.1,153.8185,7.525,1.0811,0.0,False,False
4,301,41514303,3,forward_left,0.1868,154.0053,7.5132,1.0552,0.0,False,False
4,302,1028496483,3,forward_left,0.3428,154.3481,7.4935,1.0573,0.0,False,False
4,303,1028496483,3,forward_left,0.3469,154.695,7.4737,1.0395,0.0,False,False
4,304,41514303,3,forward_left,0.3512,155.0462,7.4536,1.0093,0.0,False,False
4,305,1028496483,3,forward_left,0.2891,155.3353,7.4367,0.9597,0.0,False,False
4,306,1309443777,2,turn_right,0.0574,155.3927,7.4288,0.9808,0.0,False,False
4,307,1028496483,3,forward_left,0.2192,155.612,7.4154,0.9849,0.0,False,False
4,308,41514303,3,forward_left,0.3534,155.9653,7.3952,0.9782,0.0,False,False
4,309,41514303,3,forward_left,0.3573,156.3226,7.3748,0.9701,0.0,False,False
4,310,41514303,3,forward_left,0.3605,156.6832,7.3543,0.9449,0.0,False,False
4,311,41514303,3,forward_left,0.3632,157.0463,7.3336,0.9458,0.0,False,False
4,312,41514303,3,forward_left,0.2821,157.3284,7.317,0.9131,0.0,False,False
4,313,41514303,3,forward_left,0.4504,157.7788,7.292,0.8846,0.0,False,False
4,314,41514303,3,forward_left,0.3692,158.148,7.2711,0.8659,0.0,False,False
4,315,41514303,3,forward_left,0.2317,158.3797,7.257,0.8516,0.0,False,False
4,316,1904866102,4,forward_right,0.4167,158.7964,7.2336,0.8282,0.0,False,False
4,317,1028496483,3,forward_left,0.3315,159.1279,7.2146,0.8231,0.0,False,False
4,318,41514303,3,forward_left,0.3694,159.4973,7.1936,0.8113,0.0,False,False
4,319,41514303,3,forward_left,0.3701,159.8675,7.1726,0.7825,0.0,False,False
4,320,41514303,3,forward_left,0.3707,160.2382,7.1515,0.7694,0.0,False,False
4,321,41514303,3,forward_left,0.3404,160.5785,7.132,0.7433,0.0,False,False
4,322,1904866102,4,forward_right,0.3301,160.9086,7.113,0.7352,0.0,False,False
4,323,41514303,3,forward_left,0.3313,161.2399,7.094,0.7064,0.0,False,False
4,324,41514303,3,forward_left,0.3598,161.5998,7.0735,0.6924,0.0,False,False
4,325,347496186,1,turn_left,0.1591,161.7588,7.0605,0.6872,0.0,False,False
4,326,1904866102,4,forward_right,0.2405,161.9993,7.046,0.6826,0.0,False,False
4,327,1904866102,4,forward_right,0.3654,162.3647,7.0252,0.6654,0.0,False,False
4,328,41514303,3,forward_left,0.2993,162.664,7.0078,0.6523,0.0,False,False
4,329,41514303,3,forward_left,0.353,163.017,6.9876,0.6681,0.0,False,False
4,330,41514303,3,forward_left,0.3661,163.3831,6.9668,0.6492,0.0,False,False
4,331,41514303,3,forward_left,0.3638,163.7469,6.9461,0.6289,0.0,False,False
4,332,41514303,3,forward_left,0.2787,164.0256,6.9297,0.6151,0.0,False,False
4,333,347496186,1,turn_left,0.3198,164.3453,6.9087,0.5855,0.0,False,False
4,334,347496186,1,turn_left,0.0017,164.347,6.9036,0.5758,0.0,False,False
4,335,347496186,1,turn_left,-0.1,164.247,6.9026,0.5457,0.0,False,False
4,336,1313307223,0,forward,0.1416,164.3886,6.8931,0.5324,0.0,False,False
4,337,1313307223,2,turn_right,0.0535,164.4421,6.8854,0.5242,0.0,False,False
4,338,1313307223,2,turn_right,-0.1,164.3421,6.8857,0.5519,0.0,False,False
4,339,347496186,1,turn_left,0.1153,164.4574,6.8749,0.5569,0.0,False,False
4,340,347496186,1,turn_left,0.0667,164.5241,6.8666,0.554,0.0,False,False
4,341,347496186,1,turn_left,-0.1,164.4241,6.8664,0.5237,0.0,False,False
4,342,1313307223,2,turn_right,-0.011,164.4131,6.862,0.5037,0.0,False,False
4,343,1313307223,0,forward,0.1532,164.5662,6.8518,0.5027,0.0,False,False
4,344,1313307223,0,forward,0.1622,164.7284,6.8412,0.484,0.0,False,False
4,345,589063993,0,forward,0.4501,165.1785,6.8162,0.4746,0.0,False,False
4,346,1313307223,2,turn_right,0.3529,165.5314,6.7935,0.4621,0.0,False,False
4,347,1313307223,2,turn_right,0.2393,165.7707,6.7766,0.4514,0.0,False,False
4,348,1313307223,0,forward,0.2657,166.0364,6.7608,0.4406,0.0,False,False
4,349,226828618,4,forward_right,0.352,166.3885,6.7407,0.4279,0.0,False,False
4,350,226828618,4,forward_right,0.334,166.7225,6.7215,0.4182,0.0,False,False
4,351,226828618,4,forward_right,0.3388,167.0612,6.702,0.4093,0.0,False,False
4,352,1701223490,2,turn_right,0.2675,167.3287,6.6837,0.3901,0.0,False,False
4,353,1701223490,2,turn_right,0.0975,167.4261,6.6738,0.3899,0.0,False,False
4,354,1701223490,2,turn_right,-0.1,167.3261,6.6736,0.3917,0.0,False,False
4,355,1701223490,2,turn_right,-0.1,167.2261,6.6738,0.4045,0.0,False,False
4,356,1701223490,2,turn_right,-0.1,167.1261,6.674,0.4085,0.0,False,False
4,357,1701223490,2,turn_right,-0.1,167.0261,6.674,0.4407,0.0,False,False
4,358,2046112992,2,turn_right,-0.1,166.9261,6.6741,0.4514,0.0,False,False
4,359,2104946064,4,forward_right,0.1443,167.0705,6.6643,0.4604,0.0,False,False
4,360,2104946064,4,forward_right,0.2415,167.312,6.6498,0.4679,0.0,False,False
4,361,2104946064,4,forward_right,0.4525,167.7645,6.6246,0.4618,0.0,False,False
4,362,2104946064,4,forward_right,0.3679,168.1323,6.6037,0.4852,0.0,False,False
4,363,2104946064,4,forward_right,0.3144,168.4467,6.5855,0.5057,0.0,False,False
4,364,1497509193,4,forward_right,0.3535,168.8002,6.5653,0.5018,0.0,False,False
4,365,2104946064,4,forward_right,0.3602,169.1604,6.5448,0.5172,0.0,False,False
4,366,2104946064,4,forward_right,0.3571,169.5175,6.5245,0.5283,0.0,False,False
4,367,2104946064,4,forward_right,0.3533,169.8709,6.5043,0.5389,0.0,False,False
4,368,2104946064,4,forward_right,0.3491,170.22,6.4844,0.5516,0.0,False,False
4,369,41514303,3,forward_left,0.3095,170.5295,6.4664,0.5744,0.0,False,False
4,370,41514303,3,forward_left,0.3271,170.8565,6.4475,0.5779,0.0,False,False
4,371,41514303,3,forward_left,0.3488,171.2053,6.4276,0.5809,0.0,False,False
4,372,41514303,3,forward_left,0.3524,171.5577,6.4075,0.5643,0.0,False,False
4,373,41514303,3,forward_left,0.3561,171.9138,6.3872,0.5786,0.0,False,False
4,374,41514303,3,forward_left,0.2497,172.1635,6.3722,0.5819,0.0,False,False
4,375,1904866102,4,forward_right,0.3319,172.4954,6.3531,0.5863,0.0,False,False
4,376,41514303,3,forward_left,0.3152,172.8106,6.3348,0.5797,0.0,False,False
4,377,41514303,3,forward_left,0.326,173.1366,6.316,0.5786,0.0,False,False
4,378,41514303,3,forward_left,0.363,173.4996,6.2954,0.5837,0.0,False,False
4,379,41514303,3,forward_left,0.3666,173.8662,6.2745,0.5724,0.0,False,False
4,380,41514303,3,forward_left,0.3681,174.2343,6.2536,0.5648,0.0,False,False
4,381,41514303,3,forward_left,0.3691,174.6034,6.2327,0.5659,0.0,False,False
4,382,41514303,3,forward_left,0.3697,174.9731,6.2117,0.5742,0.0,False,False
4,383,41514303,3,forward_left,0.3701,175.3432,6.1907,0.5636,0.0,False,False
4,384,41514303,3,forward_left,0.3704,175.7135,6.1697,0.5565,0.0,False,False
4,385,41514303,3,forward_left,0.3509,176.0644,6.1496,0.5629,0.0,False,False
4,386,347496186,1,turn_left,0.1982,176.2626,6.1347,0.5503,0.0,False,False
4,387,347496186,1,turn_left,0.0535,176.3161,6.1271,0.535,0.0,False,False
4,388,1497509193,4,forward_right,0.2327,176.5488,6.1129,0.5326,0.0,False,False
4,389,2104946064,4,forward_right,0.282,176.8308,6.0963,0.5395,0.0,False,False
4,390,2104946064,4,forward_right,0.4513,177.2821,6.0713,0.5513,0.0,False,False
4,391,41514303,3,forward_left,0.2498,177.5319,6.0563,0.5488,0.0,False,False
4,392,2104946064,4,forward_right,0.2713,177.8032,6.0402,0.5405,0.0,False,False
4,393,2104946064,4,forward_right,0.3478,178.151,6.0203,0.5502,0.0,False,False
4,394,41514303,3,forward_left,0.3312,178.4822,6.0012,0.5493,0.0,False,False
4,395,2104946064,4,forward_right,0.3311,178.8133,5.9822,0.5371,0.0,False,False
4,396,2104946064,4,forward_right,0.3676,179.1809,5.9613,0.5417,0.0,False,False
4,397,2104946064,4,forward_right,0.3693,179.5501,5.9404,0.5501,0.0,False,False
4,398,41514303,3,forward_left,0.332,179.8822,5.9212,0.5604,0.0,False,False
4,399,41514303,3,forward_left,0.3707,180.2528,5.9002,0.5537,0.0,False,False
4,400,41514303,3,forward_left,0.2952,180.5481,5.883,0.5516,0.0,False,False
4,401,1904866102,4,forward_right,0.3307,180.8788,5.8639,0.538,0.0,False,False
4,402,2104946064,4,forward_right,0.3674,181.2462,5.843,0.5448,0.0,False,False
4,403,2104946064,4,forward_right,0.3495,181.5957,5.8231,0.5445,0.0,False,False
4,404,2104946064,4,forward_right,0.3699,181.9656,5.8021,0.5644,0.0,False,False
4,405,41514303,3,forward_left,0.3321,182.2977,5.783,0.5732,0.0,False,False
4,406,41514303,3,forward_left,0.3699,182.6676,5.762,0.5648,0.0,False,False
4,407,41514303,3,forward_left,0.3694,183.037,5.741,0.5527,0.0,False,False
4,408,41514303,3,forward_left,0.3686,183.4055,5.7201,0.5514,0.0,False,False
4,409,41514303,3,forward_left,0.3676,183.7731,5.6992,0.5427,0.0,False,False
4,410,2104946064,4,forward_right,0.3292,184.1023,5.6802,0.5387,0.0,False,False
4,411,2104946064,4,forward_right,0.3077,184.41,5.6624,0.5348,0.0,False,False
4,412,5722347,4,forward_right,0.2809,184.6909,5.6458,0.5433,0.0,False,False
4,413,2104946064,4,forward_right,0.4514,185.1423,5.6207,0.5504,0.0,False,False
4,414,41514303,3,forward_left,0.3313,185.4736,5.6017,0.554,0.0,False,False
4,415,41514303,3,forward_left,0.3696,185.8433,5.5807,0.5539,0.0,False,False
4,416,41514303,3,forward_left,0.3695,186.2127,5.5597,0.5456,0.0,False,False
4,417,2104946064,4,forward_right,0.2919,186.5047,5.5426,0.5376,0.0,False,False
4,418,5722347,4,forward_right,0.3571,186.8618,5.5223,0.5378,0.0,False,False
4,419,2104946064,4,forward_right,0.3676,187.2293,5.5014,0.551,0.0,False,False
4,420,41514303,3,forward_left,0.331,187.5604,5.4823,0.5488,0.0,False,False
4,421,2104946064,4,forward_right,0.3306,187.891,5.4633,0.5511,0.0,False,False
4,422,41514303,3,forward_left,0.2479,188.1388,5.4484,0.5562,0.0,False,False
4,423,41514303,3,forward_left,0.4528,188.5916,5.4233,0.5487,0.0,False,False
4,424,2104946064,4,forward_right,0.2908,188.8824,5.4062,0.5425,0.0,False,False
4,425,5722347,4,forward_right,0.3645,189.2469,5.3855,0.5389,0.0,False,False
4,426,2104946064,4,forward_right,0.3676,189.6145,5.3646,0.55,0.0,False,False
4,427,2104946064,4,forward_right,0.369,189.9836,5.3437,0.5586,0.0,False,False
4,428,41514303,3,forward_left,0.3318,190.3153,5.3246,0.5642,0.0,False,False
4,429,41514303,3,forward_left,0.3699,190.6852,5.3036,0.5575,0.0,False,False
4,430,41514303,3,forward_left,0.3698,191.055,5.2826,0.5488,0.0,False,False
4,431,2104946064,4,forward_right,0.2866,191.3416,5.2658,0.5471,0.0,False,False
4,432,5722347,4,forward_right,0.2776,191.6192,5.2494,0.5509,0.0,False,False
4,433,41514303,3,forward_left,0.4148,192.0339,5.2262,0.5509,0.0,False,False
4,434,41514303,3,forward_left,0.3692,192.4031,5.2052,0.5495,0.0,False,False
4,435,2104946064,4,forward_right,0.3304,192.7335,5.1862,0.5558,0.0,False,False
4,436,41514303,3,forward_left,0.3307,193.0643,5.1671,0.555,0.0,False,False
4,437,41514303,3,forward_left,0.3687,193.4329,5.1462,0.5487,0.0,False,False
4,438,2104946064,4,forward_right,0.3297,193.7626,5.1272,0.5378,0.0,False,False
4,439,2104946064,4,forward_right,0.3118,194.0744,5.1091,0.5429,0.0,False,False
4,440,5722347,4,forward_right,0.3607,194.4351,5.0886,0.5547,0.0,False,False
4,441,41514303,3,forward_left,0.3312,194.7663,5.0695,0.5575,0.0,False,False
4,442,41514303,3,forward_left,0.3691,195.1354,5.0486,0.5514,0.0,False,False
4,443,41514303,3,forward_left,0.2846,195.42,5.0319,0.5514,0.0,False,False
4,444,41514303,3,forward_left,0.45,195.87,5.0069,0.5433,0.0,False,False
4,445,2104946064,4,forward_right,0.3272,196.1971,4.988,0.529,0.0,False,False
4,446,2104946064,4,forward_right,0.3666,196.5637,4.9672,0.5392,0.0,False,False
4,447,2104946064,4,forward_right,0.368,196.9318,4.9463,0.5507,0.0,False,False
4,448,41514303,3,forward_left,0.331,197.2628,4.9272,0.5468,0.0,False,False
4,449,2104946064,4,forward_right,0.3304,197.5931,4.9082,0.5287,0.0,False,False
4,450,2104946064,4,forward_right,0.3687,197.9618,4.8873,0.5468,0.0,False,False
4,451,2104946064,4,forward_right,0.361,198.3227,4.8667,0.5513,0.0,False,False
4,452,1904866102,4,forward_right,0.2922,198.6149,4.8496,0.5588,0.0,False,False
4,453,41514303,3,forward_left,0.3303,198.9452,4.8306,0.5793,0.0,False,False
4,454,867707199,0,forward,0.3415,199.2867,4.811,0.5683,0.0,False,False
4,455,41514303,3,forward_left,0.5126,199.7993,4.7829,0.5634,0.0,False,False
4,456,41514303,3,forward_left,0.2017,200.001,4.7703,0.5548,0.0,False,False
4,457,41514303,3,forward_left,0.3688,200.3699,4.7494,0.5558,0.0,False,False
4,458,41514303,3,forward_left,0.2842,200.6541,4.7327,0.5339,0.0,False,False
4,459,2104946064,4,forward_right,0.4518,201.1059,4.7076,0.5373,0.0,False,False
4,460,2104946064,4,forward_right,0.3681,201.474,4.6867,0.5386,0.0,False,False
4,461,1482521591,4,forward_right,0.3673,201.8413,4.6658,0.546,0.0,False,False
4,462,1482521591,4,forward_right,0.285,202.1263,4.649,0.5459,0.0,False,False
4,463,1482521591,4,forward_right,0.3729,202.4992,4.6279,0.5621,0.0,False,False
4,464,1904866102,4,forward_right,0.3599,202.8591,4.6074,0.5695,0.0,False,False
4,465,867707199,0,forward,0.4356,203.2947,4.5831,0.5705,0.0,False,False
4,466,867707199,0,forward,0.4821,203.7768,4.5565,0.5752,0.0,False,False
4,467,867707199,0,forward,0.55,204.3268,4.5265,0.5814,0.0,False,False
4,468,867707199,0,forward,0.5498,204.8767,4.4965,0.5847,0.0,False,False
4,469,867707199,0,forward,0.5498,205.4265,4.4665,0.5849,0.0,False,False
4,470,867707199,0,forward,0.5498,205.9763,4.4365,0.5924,0.0,False,False
4,471,867707199,0,forward,0.5499,206.5262,4.4065,0.5843,0.0,False,False
4,472,867707199,0,forward,0.5502,207.0763,4.3765,0.6115,0.0,False,False
4,473,867707199,0,forward,0.5435,207.6198,4.3469,0.6283,0.0,False,False
4,474,118573733,3,forward_left,0.3078,207.9276,4.329,0.8238,0.0,False,False
4,475,867707199,0,forward,0.5445,208.4722,4.2992,0.9495,0.0,False,False
4,476,867707199,0,forward,0.543,209.0152,4.2696,1.0837,0.0,False,False
4,477,867707199,0,forward,0.5494,209.5646,4.2396,1.2444,0.0,False,False
4,478,926291406,4,forward_right,0.3779,209.9425,4.2182,4.1914,0.0,False,False
4,479,926291406,4,forward_right,0.4529,210.3955,4.1931,4.1885,0.0,False,False
4,480,926291406,4,forward_right,0.368,210.7634,4.1722,3.7106,0.0,False,False
4,481,926291406,4,forward_right,0.3668,211.1303,4.1513,2.0788,0.0,False,False
4,482,926291406,4,forward_right,0.3659,211.4961,4.1306,1.2398,0.0,False,False
4,483,926291406,4,forward_right,0.2237,211.7198,4.1169,0.9661,0.0,False,False
4,484,1309443777,2,turn_right,0.3531,212.0729,4.0942,2.3339,0.0,False,False
4,485,926291406,4,forward_right,0.3312,212.4041,4.0752,4.2191,0.0,False,False
4,486,926291406,4,forward_right,0.3505,212.7546,4.0551,4.2304,0.0,False,False
4,487,926291406,4,forward_right,0.3528,213.1075,4.035,4.2506,0.0,False,False
4,488,926291406,4,forward_right,0.3487,213.4562,4.0151,4.2515,0.0,False,False
4,489,926291406,4,forward_right,0.3442,213.8004,3.9953,4.2569,0.0,False,False
4,490,926291406,4,forward_right,0.3394,214.1398,3.9759,3.9201,0.0,False,False
4,491,926291406,4,forward_right,0.3345,214.4743,3.9566,2.4577,0.0,False,False
4,492,828879,1,turn_left,0.1516,214.6259,3.9441,1.3552,0.0,False,False
4,493,828879,1,turn_left,0.0026,214.6285,3.9389,1.119,0.0,False,False
4,494,926291406,4,forward_right,0.2444,214.873,3.9242,2.6255,0.0,False,False
4,495,926291406,4,forward_right,0.2938,215.1667,3.907,4.4013,0.0,False,False
4,496,828879,1,turn_left,0.1465,215.3133,3.8947,4.4342,0.0,False,False
4,497,828879,1,turn_left,-0.1,215.2133,3.8945,1.7552,0.0,False,False
4,498,926291406,4,forward_right,0.088,215.3013,3.8876,0.9543,0.0,False,False
4,499,1309443777,2,turn_right,0.214,215.5153,3.8719,1.5731,0.0,False,False
4,500,926291406,4,forward_right,0.2474,215.7626,3.857,3.1623,0.0,False,False
4,501,926291406,4,forward_right,0.3244,216.087,3.8383,4.395,0.0,False,False
4,502,828879,1,turn_left,0.0464,216.1334,3.831,4.3787,0.0,False,False
4,503,926291406,4,forward_right,0.2275,216.3609,3.8171,2.8787,0.0,False,False
4,504,926291406,4,forward_right,0.3312,216.6922,3.798,2.3074,0.0,False,False
4,505,828879,1,turn_left,0.0693,216.7614,3.7896,1.2021,0.0,False,False
4,506,828879,1,turn_left,-0.1,216.6614,3.7898,1.0903,0.0,False,False
4,507,1166997565,3,forward_left,0.1405,216.802,3.7803,1.0903,0.0,False,False
4,508,1166997565,3,forward_left,0.244,217.0459,3.7656,4.3344,0.0,False,False
4,509,926291406,4,forward_right,0.2307,217.2767,3.7516,4.3344,0.0,False,False
4,510,926291406,4,forward_right,0.3876,217.6643,3.7297,4.3586,0.0,False,False
4,511,926291406,4,forward_right,0.3397,218.004,3.7102,4.3586,0.0,False,False
4,512,926291406,4,forward_right,0.3346,218.3387,3.691,4.2107,0.0,False,False
4,513,828879,1,turn_left,0.1444,218.483,3.6788,1.3067,0.0,False,False
4,514,828879,1,turn_left,-0.1,218.383,3.6788,1.1538,0.0,False,False
4,515,926291406,4,forward_right,0.3413,218.7243,3.6592,3.7223,0.0,False,False
4,516,926291406,4,forward_right,0.2485,218.9728,3.6443,3.7223,0.0,False,False
4,517,828879,1,turn_left,0.1721,219.1449,3.6307,4.4726,0.0,False,False
4,518,828879,1,turn_left,-0.0221,219.1228,3.6268,4.4418,0.0,False,False
4,519,926291406,4,forward_right,0.2207,219.3435,3.6132,1.8454,0.0,False,False
4,520,926291406,4,forward_right,0.2542,219.5978,3.598,1.1608,0.0,False,False
4,521,1406925816,4,forward_right,0.2791,219.8768,3.5816,2.4121,0.0,False,False
4,522,828879,1,turn_left,0.0518,219.9287,3.574,4.4284,0.0,False,False
4,523,828879,1,turn_left,-0.1,219.8287,3.5739,4.4226,0.0,False,False
4,524,926291406,4,forward_right,0.1158,219.9445,3.5656,4.4302,0.0,False,False
4,525,926291406,4,forward_right,0.3342,220.2787,3.5464,4.43,0.0,False,False
4,526,926291406,4,forward_right,0.3344,220.6131,3.5271,4.4033,0.0,False,False
4,527,926291406,4,forward_right,0.3285,220.9416,3.5082,4.3854,0.0,False,False
4,528,828879,1,turn_left,0.1237,221.0653,3.497,2.6963,0.0,False,False
4,529,1508107506,3,forward_left,0.1811,221.2464,3.4855,1.4938,0.0,False,False
4,530,1508107506,3,forward_left,0.3303,221.5766,3.4665,1.0628,0.0,False,False
4,531,1263078535,3,forward_left,0.244,221.8207,3.4518,1.2397,0.0,False,False
4,532,2095099663,0,forward,0.3131,222.1337,3.4336,1.2397,0.0,False,False
4,533,2095099663,0,forward,0.4129,222.5467,3.4105,4.376,0.0,False,False
4,534,2095099663,0,forward,0.4491,222.9958,3.3855,4.3506,0.0,False,False
4,535,2095099663,0,forward,0.5083,223.5041,3.3576,4.3362,0.0,False,False
4,536,2095099663,0,forward,0.5075,224.0116,3.3297,4.3197,0.0,False,False
4,537,2095099663,0,forward,0.5067,224.5183,3.3019,4.2968,0.0,False,False
4,538,2095099663,0,forward,0.5059,225.0242,3.2741,4.2852,0.0,False,False
4,539,2095099663,0,forward,0.5051,225.5293,3.2463,4.2852,0.0,False,False
4,540,2095099663,0,forward,0.5044,226.0337,3.2186,3.4519,0.0,False,False
4,541,2095099663,0,forward,0.5039,226.5376,3.1909,2.1917,0.0,False,False
4,542,2095099663,0,forward,0.4787,227.0163,3.1645,0.9305,0.0,False,False
4,543,1341840061,1,turn_left,0.2699,227.2862,3.146,1.9079,0.0,False,False
4,544,2095099663,0,forward,0.4132,227.6994,3.1228,4.2366,0.0,False,False
4,545,2095099663,0,forward,0.456,228.1554,3.0975,4.2366,0.0,False,False
4,546,2095099663,0,forward,0.3899,228.5453,3.0755,4.2183,0.0,False,False
4,547,2095099663,0,forward,0.6085,229.1538,3.0426,4.2035,0.0,False,False
4,548,2095099663,0,forward,0.4977,229.6514,3.0152,4.1817,0.0,False,False
4,549,2095099663,0,forward,0.4966,230.1481,2.9879,4.1681,0.0,False,False
4,550,2095099663,0,forward,0.4956,230.6437,2.9606,4.1681,0.0,False,False
4,551,2095099663,0,forward,0.4947,231.1384,2.9334,3.0016,0.0,False,False
4,552,2095099663,0,forward,0.494,231.6324,2.9062,1.8228,0.0,False,False
4,553,1508107506,3,forward_left,0.2685,231.9009,2.8902,1.1849,0.0,False,False
4,554,1508107506,3,forward_left,0.296,232.1969,2.8729,1.0053,0.0,False,False
4,555,1341840061,1,turn_left,0.2121,232.4089,2.8573,3.6171,0.0,False,False
4,556,2095099663,0,forward,0.3249,232.7339,2.8386,4.1228,0.0,False,False
4,557,2095099663,0,forward,0.4305,233.1644,2.8146,4.1324,0.0,False,False
4,558,2095099663,0,forward,0.5012,233.6656,2.787,4.1121,0.0,False,False
4,559,2095099663,0,forward,0.3902,234.0558,2.765,4.1071,0.0,False,False
4,560,2095099663,0,forward,0.6091,234.6649,2.732,4.0888,0.0,False,False
4,561,2095099663,0,forward,0.498,235.1629,2.7046,4.0742,0.0,False,False
4,562,2095099663,0,forward,0.4969,235.6598,2.6773,4.0739,0.0,False,False
4,563,2095099663,0,forward,0.4957,236.1555,2.65,4.0623,0.0,False,False
4,564,2095099663,0,forward,0.4947,236.6502,2.6228,2.7773,0.0,False,False
4,565,2095099663,0,forward,0.4939,237.1441,2.5956,1.711,0.0,False,False
4,566,1508107506,3,forward_left,0.3091,237.4532,2.5776,1.0946,0.0,False,False
4,567,397735533,0,forward,0.4264,237.8795,2.5538,1.0733,0.0,False,False
4,568,397735533,0,forward,0.3898,238.2693,2.5318,4.0304,0.0,False,False
4,569,1508107506,3,forward_left,0.4046,238.6739,2.5091,4.0142,0.0,False,False
4,570,1508107506,3,forward_left,0.332,239.0059,2.49,4.0211,0.0,False,False
4,571,2095099663,0,forward,0.4528,239.4587,2.4649,2.7513,0.0,False,False
4,572,2095099663,0,forward,0.5015,239.9602,2.4373,1.9576,0.0,False,False
4,573,2095099663,0,forward,0.501,240.4612,2.4097,1.4235,0.0,False,False
4,574,2095099663,0,forward,0.417,240.8782,2.3864,0.9549,0.0,False,False
4,575,1341840061,1,turn_left,0.4051,241.2833,2.3611,1.5005,0.0,False,False
4,576,2095099663,0,forward,0.3911,241.6745,2.3391,3.2347,0.0,False,False
4,577,2095099663,0,forward,0.4663,242.1408,2.3133,3.9764,0.0,False,False
4,578,2095099663,0,forward,0.497,242.6378,2.2859,3.9759,0.0,False,False
4,579,2095099663,0,forward,0.4955,243.1333,2.2586,3.9684,0.0,False,False
4,580,2095099663,0,forward,0.4941,243.6274,2.2314,3.9508,0.0,False,False
4,581,1508107506,3,forward_left,0.4089,244.0362,2.2085,3.9449,0.0,False,False
4,582,2095099663,0,forward,0.4162,244.4524,2.1852,2.7337,0.0,False,False
4,583,2095099663,0,forward,0.4984,244.9509,2.1577,1.7268,0.0,False,False
4,584,2095099663,0,forward,0.363,245.3139,2.1371,1.1651,0.0,False,False
4,585,2095099663,0,forward,0.5314,245.8453,2.108,1.0724,0.0,False,False
4,586,1263078535,3,forward_left,0.4081,246.2533,2.0851,2.576,0.0,False,False
4,587,2095099663,0,forward,0.4088,246.6621,2.0622,3.9148,0.0,False,False
4,588,2095099663,0,forward,0.4978,247.1599,2.0348,3.9129,0.0,False,False
4,589,2095099663,0,forward,0.496,247.6559,2.0075,3.9015,0.0,False,False
4,590,2095099663,0,forward,0.4944,248.1502,1.9803,3.8976,0.0,False,False
4,591,1508107506,3,forward_left,0.4358,248.5861,1.956,3.9111,0.0,False,False
4,592,2095099663,0,forward,0.4474,249.0335,1.9311,3.3607,0.0,False,False
4,593,2095099663,0,forward,0.4947,249.5282,1.9039,2.1963,0.0,False,False
4,594,1508107506,3,forward_left,0.3979,249.9261,1.8815,1.462,0.0,False,False
4,595,2095099663,0,forward,0.2607,250.1868,1.866,0.9225,0.0,False,False
4,596,1341840061,1,turn_left,0.3571,250.5439,1.8431,2.4556,0.0,False,False
4,597,2095099663,0,forward,0.3486,250.8925,1.8232,3.8768,0.0,False,False
4,598,2095099663,0,forward,0.4909,251.3834,1.7961,3.8683,0.0,False,False
4,599,2095099663,0,forward,0.494,251.8774,1.7689,3.859,0.0,False,False
4,600,1508107506,3,forward_left,0.4089,252.2863,1.746,3.859,0.0,False,False
4,601,2095099663,0,forward,0.3064,252.5927,1.7282,3.859,0.0,False,False
4,602,2095099663,0,forward,0.6063,253.1991,1.6953,3.1074,0.0,False,False
4,603,2095099663,0,forward,0.4952,253.6942,1.6681,2.1737,0.0,False,False
4,604,2095099663,0,forward,0.4939,254.1881,1.6409,1.4998,0.0,False,False
4,605,1508107506,3,forward_left,0.4118,254.5999,1.6178,0.9692,0.0,False,False
4,606,1840798605,5,stop,0.3576,254.9575,1.5974,1.1989,0.0,False,False
4,607,1508107506,3,forward_left,0.3318,255.2893,1.5783,1.3547,0.0,False,False
4,608,2095099663,0,forward,0.4108,255.7,1.5553,1.2713,0.0,False,False
4,609,2095099663,0,forward,0.4988,256.1988,1.5278,1.238,0.0,False,False
4,610,2095099663,0,forward,0.4891,256.688,1.5009,1.1153,0.0,False,False
4,611,2095099663,0,forward,0.4802,257.1682,1.4744,0.9757,0.0,False,False
4,612,1341840061,1,turn_left,0.3482,257.5164,1.452,1.3,0.0,False,False
4,613,2095099663,0,forward,0.3293,257.8457,1.433,1.1774,0.0,False,False
4,614,2095099663,0,forward,0.4822,258.3279,1.4064,0.9759,0.0,False,False
4,615,1341840061,1,turn_left,0.3128,258.6407,1.3858,1.2356,0.0,False,False
4,616,2095099663,0,forward,0.281,258.9216,1.3692,1.0222,0.0,False,False
4,617,1086056247,1,turn_left,0.2645,259.1861,1.351,1.2211,0.0,False,False
4,618,2095099663,0,forward,0.3552,259.5414,1.3307,1.6762,0.0,False,False
4,619,2095099663,0,forward,0.3905,259.9318,1.3087,1.6947,0.0,False,False
4,620,2095099663,0,forward,0.5227,260.4545,1.2801,1.9786,0.0,False,False
4,621,2095099663,0,forward,0.5218,260.9763,1.2515,2.4672,0.0,False,False
4,622,2095099663,0,forward,500.0,760.9763,1.2286,2.6514,0.0,True,False
5,1,964610217,0,forward,0.0498,0.0498,15.9763,0.9608,0.0,False,False
5,2,964610217,0,forward,0.2207,0.2705,15.9627,1.167,0.0,False,False
5,3,1548021558,0,forward,0.3443,0.6148,15.943,1.5035,0.0,False,False
5,4,1548021558,0,forward,0.5143,1.1291,15.9148,2.3426,0.0,False,False
5,5,1548021558,0,forward,0.5439,1.6729,15.8851,3.9466,0.0,False,False
5,6,1548021558,0,forward,0.5284,2.2014,15.8562,3.9432,0.0,False,False
5,7,1548021558,0,forward,0.5439,2.7453,15.8265,3.8916,0.0,False,False
5,8,1548021558,0,forward,0.5439,3.2891,15.7968,3.8721,0.0,False,False
5,9,1548021558,0,forward,0.5438,3.833,15.7671,3.8412,0.0,False,False
5,10,1548021558,0,forward,0.5438,4.3767,15.7374,3.8212,0.0,False,False
5,11,1548021558,0,forward,0.5438,4.9205,15.7077,3.6475,0.0,False,False
5,12,1548021558,0,forward,0.5439,5.4644,15.678,2.2376,0.0,False,False
5,13,1548021558,0,forward,0.5445,6.0089,15.6483,1.4398,0.0,False,False
5,14,1548021558,0,forward,0.4278,6.4368,15.6244,0.9388,0.0,False,False
5,15,964610217,0,forward,0.5418,6.9786,15.5948,1.601,0.0,False,False
5,16,1548021558,0,forward,0.5353,7.5139,15.5656,3.6409,0.0,False,False
5,17,1548021558,0,forward,0.5136,8.0275,15.5374,3.6471,0.0,False,False
5,18,1548021558,0,forward,0.5432,8.5707,15.5077,3.6158,0.0,False,False
5,19,1548021558,0,forward,0.4245,8.9953,15.484,3.5827,0.0,False,False
5,20,1548021558,0,forward,0.6617,9.657,15.4484,3.5492,0.0,False,False
5,21,1548021558,0,forward,0.5431,10.2,15.4187,3.5275,0.0,False,False
5,22,1548021558,0,forward,0.5431,10.7431,15.3891,3.2835,0.0,False,False
5,23,1548021558,0,forward,0.5433,11.2864,15.3594,2.0666,0.0,False,False
5,24,1548021558,0,forward,0.5441,11.8305,15.3297,1.2888,0.0,False,False
5,25,1548021558,0,forward,0.4652,12.2957,15.304,0.9688,0.0,False,False
5,26,964610217,0,forward,0.5421,12.8378,15.2744,1.7911,0.0,False,False
5,27,1548021558,0,forward,0.5428,13.3806,15.2447,3.3678,0.0,False,False
5,28,1548021558,0,forward,0.5309,13.9115,15.2157,3.3506,0.0,False,False
5,29,1548021558,0,forward,0.543,14.4545,15.186,3.3195,0.0,False,False
5,30,1548021558,0,forward,0.5429,14.9974,15.1564,3.2968,0.0,False,False
5,31,1548021558,0,forward,0.5428,15.5402,15.1267,3.2653,0.0,False,False
5,32,1548021558,0,forward,0.5428,16.083,15.0971,3.2308,0.0,False,False
5,33,1548021558,0,forward,0.5428,16.6258,15.0675,3.1723,0.0,False,False
5,34,1548021558,0,forward,0.543,17.1688,15.0378,2.0481,0.0,False,False
5,35,1548021558,0,forward,0.5438,17.7126,15.0081,1.2941,0.0,False,False
5,36,1548021558,0,forward,0.412,18.1247,14.985,0.9509,0.0,False,False
5,37,964610217,0,forward,0.54,18.6647,14.9555,1.9425,0.0,False,False
5,38,1548021558,0,forward,0.5068,19.1714,14.9277,3.0818,0.0,False,False
5,39,1548021558,0,forward,0.538,19.7094,14.8983,3.056,0.0,False,False
5,40,1548021558,0,forward,0.5415,20.251,14.8687,3.0347,0.0,False,False
5,41,1548021558,0,forward,0.5414,20.7924,14.8391,3.001,0.0,False,False
5,42,1548021558,0,forward,0.5414,21.3338,14.8096,2.9703,0.0,False,False
5,43,1548021558,0,forward,0.5414,21.8751,14.78,2.9481,0.0,False,False
5,44,1548021558,0,forward,0.5414,22.4166,14.7504,2.4488,0.0,False,False
5,45,1548021558,0,forward,0.5418,22.9584,14.7208,1.5624,0.0,False,False
5,46,1548021558,0,forward,0.464,23.4224,14.6951,0.9803,0.0,False,False
5,47,964610217,0,forward,0.5169,23.9394,14.6668,1.3968,0.0,False,False
5,48,1548021558,0,forward,0.5409,24.4803,14.6372,2.8364,0.0,False,False
5,49,1548021558,0,forward,0.4813,24.9616,14.6107,2.821,0.0,False,False
5,50,1548021558,0,forward,0.5409,25.5025,14.5811,2.7923,0.0,False,False
5,51,1548021558,0,forward,0.5402,26.0427,14.5516,2.7599,0.0,False,False
5,52,1548021558,0,forward,0.5402,26.5828,14.5221,2.7237,0.0,False,False
5,53,1548021558,0,forward,0.5401,27.1229,14.4926,2.7134,0.0,False,False
5,54,1548021558,0,forward,0.54,27.6629,14.4631,2.6814,0.0,False,False
5,55,1548021558,0,forward,0.54,28.2029,14.4336,2.6487,0.0,False,False
5,56,1548021558,0,forward,0.5401,28.7431,14.4041,2.2047,0.0,False,False
5,57,1548021558,0,forward,0.5407,29.2837,14.3746,1.4062,0.0,False,False
5,58,1548021558,0,forward,0.4581,29.7418,14.3492,0.9495,0.0,False,False
5,59,964610217,0,forward,0.5298,30.2716,14.3202,1.4947,0.0,False,False
5,60,1548021558,0,forward,0.5388,30.8104,14.2907,2.531,0.0,False,False
5,61,1548021558,0,forward,0.5219,31.3323,14.2621,2.5274,0.0,False,False
5,62,1548021558,0,forward,0.5394,31.8717,14.2327,2.498,0.0,False,False
5,63,1548021558,0,forward,0.539,32.4107,14.2032,2.4711,0.0,False,False
5,64,1548021558,0,forward,0.5389,32.9496,14.1738,2.4444,0.0,False,False
5,65,1548021558,0,forward,0.5389,33.4885,14.1443,2.4168,0.0,False,False
5,66,1548021558,0,forward,0.5388,34.0273,14.1149,2.3928,0.0,False,False
5,67,1548021558,0,forward,0.5389,34.5663,14.0854,2.3455,0.0,False,False
5,68,1548021558,0,forward,0.6574,35.2237,14.0501,1.4645,0.0,False,False
5,69,1548021558,0,forward,0.3194,35.5431,14.0316,0.9461,0.0,False,False
5,70,964610217,0,forward,0.5364,36.0794,14.0023,1.5852,0.0,False,False
5,71,1548021558,0,forward,0.5386,36.618,13.9728,2.2669,0.0,False,False
5,72,1548021558,0,forward,0.5087,37.1267,13.9449,2.2589,0.0,False,False
5,73,1548021558,0,forward,0.5385,37.6653,13.9155,2.2377,0.0,False,False
5,74,1548021558,0,forward,0.5384,38.2037,13.8861,2.2037,0.0,False,False
5,75,1548021558,0,forward,0.5383,38.742,13.8566,2.1885,0.0,False,False
5,76,1548021558,0,forward,0.5383,39.2803,13.8272,2.1477,0.0,False,False
5,77,1548021558,0,forward,0.5383,39.8186,13.7978,2.13,0.0,False,False
5,78,1548021558,0,forward,0.5385,40.3571,13.7684,1.7602,0.0,False,False
5,79,1548021558,0,forward,0.5394,40.8965,13.7389,1.0645,0.0,False,False
5,80,1904234423,4,forward_right,0.3872,41.2837,13.7171,1.1821,0.0,False,False
5,81,1548021558,0,forward,0.4538,41.7375,13.6919,2.0492,0.0,False,False
5,82,1548021558,0,forward,0.5233,42.2607,13.6632,2.0443,0.0,False,False
5,83,1548021558,0,forward,0.5281,42.7888,13.6343,2.0224,0.0,False,False
5,84,1548021558,0,forward,0.5397,43.3285,13.6048,2.0009,0.0,False,False
5,85,1548021558,0,forward,0.5396,43.8681,13.5753,1.9736,0.0,False,False
5,86,1548021558,0,forward,0.5395,44.4076,13.5459,1.9514,0.0,False,False
5,87,1548021558,0,forward,0.5395,44.9471,13.5164,1.9206,0.0,False,False
5,88,1548021558,0,forward,0.5396,45.4867,13.4869,1.9084,0.0,False,False
5,89,1548021558,0,forward,0.5403,46.027,13.4574,1.2085,0.0,False,False
5,90,1548021558,0,forward,0.4613,46.4883,13.4318,1.058,0.0,False,False
5,91,1904234423,4,forward_right,0.4616,46.9499,13.4063,1.8519,0.0,False,False
5,92,1548021558,0,forward,0.4611,47.411,13.3807,1.847,0.0,False,False
5,93,1548021558,0,forward,0.6601,48.071,13.3452,1.8369,0.0,False,False
5,94,1548021558,0,forward,0.5336,48.6047,13.316,1.8077,0.0,False,False
5,95,1548021558,0,forward,0.4233,49.028,13.2923,1.7992,0.0,False,False
5,96,1548021558,0,forward,0.5416,49.5696,13.2628,1.778,0.0,False,False
5,97,1548021558,0,forward,0.5416,50.1112,13.2332,1.7422,0.0,False,False
5,98,1548021558,0,forward,0.5415,50.6527,13.2036,1.738,0.0,False,False
5,99,1548021558,0,forward,0.5415,51.1942,13.174,1.718,0.0,False,False
5,100,1548021558,0,forward,0.5418,51.736,13.1444,1.67,0.0,False,False
5,101,1548021558,0,forward,0.5427,52.2787,13.1148,1.0601,0.0,False,False
5,102,1904234423,4,forward_right,0.3676,52.6463,13.0939,1.1847,0.0,False,False
5,103,1548021558,0,forward,0.4558,53.1021,13.0686,1.6622,0.0,False,False
5,104,1548021558,0,forward,0.5434,53.6455,13.039,1.6428,0.0,False,False
5,105,1548021558,0,forward,0.5058,54.1514,13.0112,1.6358,0.0,False,False
5,106,1548021558,0,forward,0.5438,54.6952,12.9815,1.6262,0.0,False,False
5,107,1548021558,0,forward,0.5437,55.2389,12.9518,1.6071,0.0,False,False
5,108,1548021558,0,forward,0.5437,55.7826,12.9221,1.5846,0.0,False,False
5,109,1548021558,0,forward,0.5437,56.3264,12.8924,1.5715,0.0,False,False
5,110,1548021558,0,forward,0.544,56.8703,12.8627,1.552,0.0,False,False
5,111,1548021558,0,forward,0.5449,57.4153,12.833,1.0674,0.0,False,False
5,112,1904234423,4,forward_right,0.3882,57.8035,12.8111,1.1328,0.0,False,False
5,113,1548021558,0,forward,0.4625,58.266,12.7854,1.5336,0.0,False,False
5,114,1548021558,0,forward,0.5451,58.8112,12.7557,1.5291,0.0,False,False
5,115,1548021558,0,forward,0.5455,59.3566,12.7259,1.5229,0.0,False,False
5,116,1548021558,0,forward,0.5407,59.8974,12.6964,1.5148,0.0,False,False
5,117,1548021558,0,forward,0.5456,60.4429,12.6666,1.5148,0.0,False,False
5,118,1548021558,0,forward,0.6646,61.1075,12.6309,1.4641,0.0,False,False
5,119,1548021558,0,forward,0.6645,61.772,12.5951,1.4708,0.0,False,False
5,120,1548021558,0,forward,0.4263,62.1983,12.5713,1.4623,0.0,False,False
5,121,1548021558,0,forward,0.4263,62.6247,12.5475,1.4418,0.0,False,False
5,122,1548021558,0,forward,0.5456,63.1702,12.5177,1.4417,0.0,False,False
5,123,1548021558,0,forward,0.5462,63.7164,12.4879,1.1106,0.0,False,False
5,124,1548021558,0,forward,0.5917,64.3081,12.4558,1.1395,0.0,False,False
5,125,1548021558,0,forward,0.4253,64.7335,12.4321,1.4296,0.0,False,False
5,126,1548021558,0,forward,0.6641,65.3976,12.3964,1.4108,0.0,False,False
5,127,1548021558,0,forward,0.4167,65.8143,12.373,1.4148,0.0,False,False
5,128,1548021558,0,forward,0.5454,66.3598,12.3433,1.4221,0.0,False,False
5,129,1548021558,0,forward,0.5453,66.905,12.3135,1.4138,0.0,False,False
5,130,1548021558,0,forward,0.5452,67.4503,12.2837,1.4063,0.0,False,False
5,131,1548021558,0,forward,0.5452,67.9955,12.254,1.411,0.0,False,False
5,132,1548021558,0,forward,0.7833,68.7787,12.2123,1.3986,0.0,False,False
5,133,1548021558,0,forward,0.3072,69.0859,12.1945,1.3992,0.0,False,False
5,134,1548021558,0,forward,0.6651,69.751,12.1587,1.2084,0.0,False,False
5,135,1548021558,0,forward,0.3335,70.0844,12.1395,0.9766,0.0,False,False
5,136,964610217,0,forward,0.5414,70.6259,12.11,1.3855,0.0,False,False
5,137,1548021558,0,forward,0.6561,71.282,12.0746,1.3855,0.0,False,False
5,138,1548021558,0,forward,0.5166,71.7986,12.0463,1.3861,0.0,False,False
5,139,1548021558,0,forward,0.426,72.2246,12.0225,1.3861,0.0,False,False
5,140,1548021558,0,forward,0.5449,72.7695,11.9928,1.3896,0.0,False,False
5,141,1548021558,0,forward,0.5449,73.3143,11.963,1.3921,0.0,False,False
5,142,1548021558,0,forward,0.5449,73.8592,11.9333,1.3921,0.0,False,False
5,143,1548021558,0,forward,0.545,74.4042,11.9035,1.3979,0.0,False,False
5,144,1548021558,0,forward,0.5456,74.9497,11.8738,1.1666,0.0,False,False
5,145,1548021558,0,forward,0.4623,75.4121,11.8481,1.0695,0.0,False,False
5,146,1904234423,4,forward_right,0.5081,75.9201,11.8202,1.3965,0.0,False,False
5,147,1548021558,0,forward,0.433,76.3532,11.7961,1.4036,0.0,False,False
5,148,1548021558,0,forward,1.0171,77.3703,11.7427,1.4075,0.0,False,False
5,149,1548021558,0,forward,0.0692,77.4395,11.7368,1.4115,0.0,False,False
5,150,1548021558,0,forward,0.666,78.1055,11.701,1.4207,0.0,False,False
5,151,1548021558,0,forward,0.4272,78.5327,11.6771,1.4376,0.0,False,False
5,152,1548021558,0,forward,0.5465,79.0791,11.6473,1.4389,0.0,False,False
5,153,1548021558,0,forward,0.5464,79.6256,11.6175,1.447,0.0,False,False
5,154,1548021558,0,forward,0.5464,80.172,11.5876,1.4522,0.0,False,False
5,155,1548021558,0,forward,0.5465,80.7185,11.5578,1.4852,0.0,False,False
5,156,1548021558,0,forward,0.5471,81.2656,11.528,1.157,0.0,False,False
5,157,1548021558,0,forward,0.4758,81.7414,11.5017,1.0908,0.0,False,False
5,158,1904234423,4,forward_right,0.5393,82.2806,11.4722,1.4397,0.0,False,False
5,159,1548021558,0,forward,0.4378,82.7184,11.4478,1.4606,0.0,False,False
5,160,1548021558,0,forward,0.5473,83.2658,11.418,1.4496,0.0,False,False
5,161,1548021558,0,forward,0.5332,83.7989,11.3888,1.4306,0.0,False,False
5,162,1548021558,0,forward,0.5475,84.3464,11.3589,1.4311,0.0,False,False
5,163,1548021558,0,forward,0.6669,85.0133,11.3231,1.4311,0.0,False,False
5,164,1548021558,0,forward,0.5474,85.5607,11.2932,1.3887,0.0,False,False
5,165,1548021558,0,forward,0.4279,85.9885,11.2693,1.4047,0.0,False,False
5,166,1548021558,0,forward,0.6668,86.6553,11.2335,1.4024,0.0,False,False
5,167,1548021558,0,forward,0.4279,87.0833,11.2096,1.3854,0.0,False,False
5,168,1548021558,0,forward,0.5478,87.631,11.1797,1.3016,0.0,False,False
5,169,1548021558,0,forward,0.5036,88.1346,11.152,0.9397,0.0,False,False
5,170,964610217,0,forward,0.5165,88.6511,11.1237,1.37,0.0,False,False
5,171,1548021558,0,forward,0.5467,89.1978,11.0939,1.3534,0.0,False,False
5,172,1548021558,0,forward,0.5472,89.745,11.064,1.361,0.0,False,False
5,173,1548021558,0,forward,0.5364,90.2814,11.0347,1.361,0.0,False,False
5,174,1548021558,0,forward,0.5473,90.8287,11.0048,1.3539,0.0,False,False
5,175,1548021558,0,forward,0.5473,91.3759,10.975,1.3539,0.0,False,False
5,176,1548021558,0,forward,0.5472,91.9232,10.9451,1.3626,0.0,False,False
5,177,1548021558,0,forward,0.5472,92.4704,10.9152,1.3536,0.0,False,False
5,178,1548021558,0,forward,0.5472,93.0176,10.8854,1.348,0.0,False,False
5,179,1548021558,0,forward,0.5475,93.5651,10.8555,1.359,0.0,False,False
5,180,1548021558,0,forward,0.5483,94.1134,10.8256,0.9502,0.0,False,False
5,181,964610217,0,forward,0.4749,94.5883,10.7993,0.9502,0.0,False,False
5,182,964610217,0,forward,0.5459,95.1342,10.7695,1.3638,0.0,False,False
5,183,1548021558,0,forward,0.6664,95.8006,10.7337,1.3535,0.0,False,False
5,184,1548021558,0,forward,0.4118,96.2124,10.7106,1.3569,0.0,False,False
5,185,1548021558,0,forward,0.4279,96.6403,10.6867,1.358,0.0,False,False
5,186,1548021558,0,forward,0.6666,97.3069,10.6509,1.3612,0.0,False,False
5,187,1548021558,0,forward,0.5471,97.854,10.621,1.3633,0.0,False,False
5,188,1548021558,0,forward,0.5471,98.4011,10.5912,1.3599,0.0,False,False
5,189,1548021558,0,forward,0.6665,99.0677,10.5554,1.3599,0.0,False,False
5,190,1548021558,0,forward,0.5473,99.615,10.5255,1.3626,0.0,False,False
5,191,1548021558,0,forward,0.4284,100.0434,10.5016,1.3626,0.0,False,False
5,192,1548021558,0,forward,0.4744,100.5178,10.4754,1.0457,0.0,False,False
5,193,1548021558,0,forward,0.5457,101.0635,10.4456,1.2892,0.0,False,False
5,194,1548021558,0,forward,0.5467,101.6102,10.4157,1.3647,0.0,False,False
5,195,1548021558,0,forward,0.5307,102.1409,10.3867,1.3744,0.0,False,False
5,196,1548021558,0,forward,0.5474,102.6883,10.3568,1.3687,0.0,False,False
5,197,1548021558,0,forward,0.547,103.2353,10.327,1.362,0.0,False,False
5,198,1548021558,0,forward,0.547,103.7823,10.2971,1.375,0.0,False,False
5,199,1548021558,0,forward,0.5469,104.3292,10.2673,1.3752,0.0,False,False
5,200,1548021558,0,forward,0.5469,104.8761,10.2374,1.3745,0.0,False,False
5,201,1548021558,0,forward,0.6664,105.5425,10.2016,1.3876,0.0,False,False
5,202,1548021558,0,forward,0.4278,105.9703,10.1777,1.3743,0.0,False,False
5,203,1548021558,0,forward,0.5385,106.5088,10.1483,1.2618,0.0,False,False
5,204,1548021558,0,forward,0.4674,106.9762,10.1224,0.9689,0.0,False,False
5,205,964610217,0,forward,0.546,107.5222,10.0926,1.3801,0.0,False,False
5,206,1548021558,0,forward,0.5081,108.0302,10.0647,1.3864,0.0,False,False
5,207,1548021558,0,forward,0.7858,108.816,10.0229,1.375,0.0,False,False
5,208,1548021558,0,forward,0.308,109.1241,10.005,1.375,0.0,False,False
5,209,1548021558,0,forward,0.5467,109.6708,9.9752,1.3926,0.0,False,False
5,210,1548021558,0,forward,0.5467,110.2175,9.9454,1.3898,0.0,False,False
5,211,1548021558,0,forward,0.5466,110.7641,9.9155,1.4011,0.0,False,False
5,212,1548021558,0,forward,0.5467,111.3108,9.8857,1.4052,0.0,False,False
5,213,1548021558,0,forward,0.5471,111.8579,9.8559,1.4015,0.0,False,False
5,214,1548021558,0,forward,0.5057,112.3635,9.8281,1.2085,0.0,False,False
5,215,1548021558,0,forward,0.5149,112.8784,9.7998,1.0769,0.0,False,False
5,216,1904234423,4,forward_right,0.6744,113.5527,9.7636,1.391,0.0,False,False
5,217,1548021558,0,forward,0.2009,113.7537,9.7511,1.391,0.0,False,False
5,218,1548021558,0,forward,0.5437,114.2974,9.7214,1.3833,0.0,False,False
5,219,1548021558,0,forward,0.5392,114.8365,9.6919,1.3963,0.0,False,False
5,220,1548021558,0,forward,0.5486,115.3851,9.662,1.3828,0.0,False,False
5,221,1548021558,0,forward,0.5485,115.9336,9.6321,1.3923,0.0,False,False
5,222,1548021558,0,forward,0.5485,116.4821,9.6021,1.3992,0.0,False,False
5,223,1548021558,0,forward,0.5484,117.0305,9.5722,1.3954,0.0,False,False
5,224,1548021558,0,forward,0.6682,117.6987,9.5363,1.3946,0.0,False,False
5,225,1548021558,0,forward,0.429,118.1277,9.5124,1.39,0.0,False,False
5,226,1548021558,0,forward,0.5495,118.6772,9.4824,1.3249,0.0,False,False
5,227,1548021558,0,forward,0.7125,119.3897,9.4443,0.9509,0.0,False,False
5,228,964610217,0,forward,0.3086,119.6982,9.4263,1.3825,0.0,False,False
5,229,1548021558,0,forward,0.5482,120.2465,9.3964,1.3964,0.0,False,False
5,230,1548021558,0,forward,0.5307,120.7772,9.3674,1.3794,0.0,False,False
5,231,1548021558,0,forward,0.5485,121.3257,9.3375,1.3854,0.0,False,False
5,232,1548021558,0,forward,0.5484,121.8741,9.3075,1.3843,0.0,False,False
5,233,1548021558,0,forward,0.5484,122.4224,9.2776,1.3954,0.0,False,False
5,234,1548021558,0,forward,0.5484,122.9708,9.2477,1.386,0.0,False,False
5,235,1548021558,0,forward,0.5484,123.5192,9.2178,1.3964,0.0,False,False
5,236,1548021558,0,forward,0.6683,124.1874,9.1819,1.3946,0.0,False,False
5,237,1548021558,0,forward,0.4294,124.6168,9.1579,1.3866,0.0,False,False
5,238,1548021558,0,forward,0.613,125.2298,9.1248,0.9522,0.0,False,False
5,239,964610217,0,forward,0.4277,125.6575,9.1009,1.2818,0.0,False,False
5,240,1548021558,0,forward,0.5478,126.2052,9.071,1.3913,0.0,False,False
5,241,1548021558,0,forward,0.548,126.7533,9.0411,1.3893,0.0,False,False
5,242,1548021558,0,forward,0.5482,127.3014,9.0112,1.3848,0.0,False,False
5,243,1548021558,0,forward,0.5484,127.8498,8.9813,1.3976,0.0,False,False
5,244,1548021558,0,forward,0.549,128.3989,8.9513,1.215,0.0,False,False
5,245,1548021558,0,forward,0.4964,128.8952,8.924,0.959,0.0,False,False
5,246,964610217,0,forward,0.547,129.4423,8.8941,1.3599,0.0,False,False
5,247,1548021558,0,forward,0.6673,130.1096,8.8583,1.4024,0.0,False,False
5,248,1548021558,0,forward,0.4284,130.538,8.8343,1.3855,0.0,False,False
5,249,1548021558,0,forward,0.5481,131.086,8.8044,1.396,0.0,False,False
5,250,1548021558,0,forward,0.5481,131.6342,8.7745,1.3914,0.0,False,False
5,251,1548021558,0,forward,0.668,132.3022,8.7386,1.3979,0.0,False,False
5,252,1548021558,0,forward,0.4292,132.7314,8.7147,1.3464,0.0,False,False
5,253,1548021558,0,forward,0.4956,133.227,8.6874,0.9392,0.0,False,False
5,254,964610217,0,forward,0.5469,133.7739,8.6576,1.2798,0.0,False,False
5,255,1548021558,0,forward,0.5476,134.3215,8.6277,1.3989,0.0,False,False
5,256,1548021558,0,forward,0.6674,134.9889,8.5918,1.3897,0.0,False,False
5,257,1548021558,0,forward,0.4284,135.4173,8.5679,1.3939,0.0,False,False
5,258,1548021558,0,forward,0.5481,135.9653,8.538,1.4001,0.0,False,False
5,259,1548021558,0,forward,0.4286,136.394,8.514,1.4062,0.0,False,False
5,260,1548021558,0,forward,0.6612,137.0552,8.4785,1.1017,0.0,False,False
5,261,1548021558,0,forward,0.5007,137.5559,8.451,1.0607,0.0,False,False
5,262,1904234423,4,forward_right,0.4733,138.0292,8.4248,1.4096,0.0,False,False
5,263,1548021558,0,forward,0.4716,138.5009,8.3987,1.4012,0.0,False,False
5,264,1548021558,0,forward,0.5488,139.0497,8.3688,1.4055,0.0,False,False
5,265,1548021558,0,forward,0.6689,139.7186,8.3328,1.4223,0.0,False,False
5,266,1548021558,0,forward,0.4298,140.1484,8.3088,1.1692,0.0,False,False
5,267,1548021558,0,forward,0.5233,140.6717,8.2802,0.9871,0.0,False,False
5,268,964610217,0,forward,0.5484,141.2202,8.2502,1.1199,0.0,False,False
5,269,1548021558,0,forward,0.5491,141.7693,8.2203,1.0794,0.0,False,False
5,270,1904234423,4,forward_right,0.4534,142.2227,8.1951,0.9924,0.0,False,False
5,271,964610217,0,forward,0.3901,142.6128,8.1731,0.9902,0.0,False,False
5,272,964610217,0,forward,0.5491,143.1619,8.1432,1.1211,0.0,False,False
5,273,1548021558,0,forward,0.5496,143.7116,8.1132,1.178,0.0,False,False
5,274,1548021558,0,forward,0.6548,144.3663,8.0779,1.0666,0.0,False,False
5,275,1904234423,4,forward_right,0.4746,144.841,8.0517,1.0602,0.0,False,False
5,276,1904234423,4,forward_right,0.1745,145.0155,8.0405,0.9546,0.0,False,False
5,277,964610217,0,forward,0.3908,145.4062,8.0184,1.2928,0.0,False,False
5,278,1548021558,0,forward,0.6689,146.0752,7.9825,1.4102,0.0,False,False
5,279,926291406,4,forward_right,0.4753,146.5504,7.9562,1.3917,0.0,False,False
5,280,926291406,4,forward_right,0.3694,146.9199,7.9353,1.3685,0.0,False,False
5,281,926291406,4,forward_right,0.3686,147.2885,7.9143,1.3613,0.0,False,False
5,282,926291406,4,forward_right,0.3676,147.6561,7.8934,1.3425,0.0,False,False
5,283,926291406,4,forward_right,0.3666,148.0227,7.8726,1.3259,0.0,False,False
5,284,926291406,4,forward_right,0.2566,148.2794,7.8573,0.9549,0.0,False,False
5,285,1309443777,2,turn_right,0.3363,148.6156,7.8355,1.2778,0.0,False,False
5,286,926291406,4,forward_right,0.3563,148.9719,7.8152,1.3016,0.0,False,False
5,287,926291406,4,forward_right,0.3564,149.3284,7.7948,1.2823,0.0,False,False
5,288,926291406,4,forward_right,0.3568,149.6852,7.7745,1.2557,0.0,False,False
5,289,926291406,4,forward_right,0.3533,150.0385,7.7543,1.2644,0.0,False,False
5,290,926291406,4,forward_right,0.3494,150.3879,7.7344,1.2293,0.0,False,False
5,291,926291406,4,forward_right,0.3453,150.7332,7.7146,1.2232,0.0,False,False
5,292,926291406,4,forward_right,0.341,151.0742,7.695,1.2248,0.0,False,False
5,293,926291406,4,forward_right,0.3369,151.4111,7.6757,1.2015,0.0,False,False
5,294,926291406,4,forward_right,0.2602,151.6713,7.6602,0.9419,0.0,False,False
5,295,1406925816,4,forward_right,0.2428,151.9142,7.6455,1.1825,0.0,False,False
5,296,828879,1,turn_left,0.2161,152.1303,7.6297,1.19,0.0,False,False
5,297,828879,1,turn_left,-0.1,152.0303,7.6296,1.2022,0.0,False,False
5,298,828879,1,turn_left,-0.1,151.9303,7.6296,1.1645,0.0,False,False
5,299,926291406,4,forward_right,0.1271,152.0574,7.6208,1.1675,0.0,False,False
5,300,926291406,4,forward_right,0.3383,152.3957,7.6013,1.1601,0.0,False,False
5,301,926291406,4,forward_right,0.3368,152.7325,7.582,1.1522,0.0,False,False
5,302,926291406,4,forward_right,0.3312,153.0637,7.5629,1.1408,0.0,False,False
5,303,828879,1,turn_left,0.1541,153.2178,7.5502,1.1315,0.0,False,False
5,304,828879,1,turn_left,-0.1,153.1178,7.5502,1.1093,0.0,False,False
5,305,926291406,4,forward_right,0.1165,153.2343,7.5419,1.0924,0.0,False,False
5,306,1028496483,3,forward_left,0.3623,153.5966,7.5212,1.1149,0.0,False,False
5,307,926291406,4,forward_right,0.2288,153.8254,7.5073,1.1021,0.0,False,False
5,308,926291406,4,forward_right,0.3378,154.1632,7.4879,1.1062,0.0,False,False
5,309,926291406,4,forward_right,0.3305,154.4937,7.4689,1.0723,0.0,False,False
5,310,1440968876,0,forward,0.3529,154.8465,7.4487,1.0846,0.0,False,False
5,311,1440968876,0,forward,0.4794,155.3259,7.4223,1.0708,0.0,False,False
5,312,1440968876,0,forward,0.4793,155.8052,7.3958,1.072,0.0,False,False
5,313,1440968876,0,forward,0.4787,156.2839,7.3694,1.0496,0.0,False,False
5,314,1440968876,0,forward,0.4782,156.7621,7.343,1.0243,0.0,False,False
5,315,1440968876,0,forward,0.5832,157.3453,7.3113,1.0505,0.0,False,False
5,316,1440968876,0,forward,0.3719,157.7172,7.2902,1.0166,0.0,False,False
5,317,1440968876,0,forward,0.47,158.1872,7.2642,0.9736,0.0,False,False
5,318,57431672,0,forward,0.2259,158.4131,7.2504,1.0337,0.0,False,False
5,319,1440968876,0,forward,0.3606,158.7737,7.2299,1.0128,0.0,False,False
5,320,1440968876,0,forward,0.4337,159.2074,7.2057,1.0182,0.0,False,False
5,321,1440968876,0,forward,0.4708,159.6782,7.1797,0.9898,0.0,False,False
5,322,1440968876,0,forward,0.7822,160.4604,7.138,0.996,0.0,False,False
5,323,1440968876,0,forward,0.1578,160.6182,7.1277,1.0094,0.0,False,False
5,324,1440968876,0,forward,0.469,161.0872,7.1017,0.9888,0.0,False,False
5,325,1440968876,0,forward,0.4684,161.5556,7.0758,1.0148,0.0,False,False
5,326,1440968876,0,forward,0.4679,162.0235,7.0499,0.9962,0.0,False,False
5,327,1440968876,0,forward,0.4678,162.4913,7.024,1.0178,0.0,False,False
5,328,1440968876,0,forward,0.2123,162.7037,7.0109,0.9558,0.0,False,False
5,329,57431672,0,forward,0.4629,163.1666,6.9852,0.9987,0.0,False,False
5,330,1440968876,0,forward,0.3038,163.4704,6.9675,1.006,0.0,False,False
5,331,1440968876,0,forward,0.4643,163.9347,6.9418,0.9994,0.0,False,False
5,332,1440968876,0,forward,0.5659,164.5006,6.911,1.0077,0.0,False,False
5,333,1440968876,0,forward,0.36,164.8606,6.8905,1.0262,0.0,False,False
5,334,1440968876,0,forward,0.4619,165.3225,6.8649,1.0297,0.0,False,False
5,335,1440968876,0,forward,0.4612,165.7838,6.8394,1.0448,0.0,False,False
5,336,1440968876,0,forward,0.4607,166.2445,6.8138,1.0579,0.0,False,False
5,337,1440968876,0,forward,0.4934,166.7379,6.7867,0.9796,0.0,False,False
5,338,57431672,0,forward,0.1567,166.8946,6.7763,0.9796,0.0,False,False
5,339,828879,1,turn_left,0.3439,167.2386,6.7541,1.1069,0.0,False,False
5,340,828879,1,turn_left,0.236,167.4746,6.7373,1.103,0.0,False,False
5,341,828879,1,turn_left,0.1014,167.576,6.7273,1.1261,0.0,False,False
5,342,828879,1,turn_left,-0.1,167.476,6.7271,1.0891,0.0,False,False
5,343,1775452818,1,turn_left,-0.0066,167.4694,6.7225,1.1037,0.0,False,False
5,344,828879,1,turn_left,-0.1,167.3694,6.7213,1.0756,0.0,False,False
5,345,867707199,0,forward,0.1218,167.4912,6.7128,1.0511,0.0,False,False
5,346,867707199,0,forward,0.3109,167.8021,6.6947,1.0612,0.0,False,False
5,347,867707199,0,forward,0.4666,168.2687,6.6689,1.0735,0.0,False,False
5,348,867707199,0,forward,0.5033,168.772,6.6412,1.082,0.0,False,False
5,349,867707199,0,forward,0.9449,169.7169,6.5915,1.0928,0.0,False,False
5,350,867707199,0,forward,0.0605,169.7773,6.5859,1.0977,0.0,False,False
5,351,867707199,0,forward,0.6124,170.3897,6.5528,1.1287,0.0,False,False
5,352,926291406,4,forward_right,0.368,170.7577,6.5319,1.1476,0.0,False,False
5,353,926291406,4,forward_right,0.3354,171.0931,6.5127,1.1476,0.0,False,False
5,354,828879,1,turn_left,0.3126,171.4057,6.492,0.9327,0.0,False,False
5,355,1406925816,4,forward_right,0.1012,171.5068,6.4845,0.9327,0.0,False,False
5,356,1406925816,4,forward_right,0.3386,171.8454,6.465,1.1851,0.0,False,False
5,357,828879,1,turn_left,0.1411,171.9866,6.453,1.2186,0.0,False,False
5,358,828879,1,turn_left,-0.1,171.8866,6.452,1.208,0.0,False,False
5,359,828879,1,turn_left,-0.1,171.7866,6.4523,1.208,0.0,False,False
5,360,926291406,4,forward_right,0.1491,171.9356,6.4423,0.9355,0.0,False,False
5,361,926291406,4,forward_right,0.3347,172.2703,6.4231,1.205,0.0,False,False
5,362,828879,1,turn_left,0.114,172.3844,6.4124,1.205,0.0,False,False
5,363,926291406,4,forward_right,0.213,172.5974,6.3992,1.1888,0.0,False,False
5,364,926291406,4,forward_right,0.1819,172.7792,6.3877,1.1888,0.0,False,False
5,365,926291406,4,forward_right,0.4086,173.1878,6.3647,1.2171,0.0,False,False
5,366,828879,1,turn_left,0.116,173.3038,6.3539,1.2171,0.0,False,False
5,367,828879,1,turn_left,-0.1,173.2038,6.3541,0.9543,0.0,False,False
5,368,926291406,4,forward_right,0.0673,173.271,6.3483,1.2121,0.0,False,False
5,369,926291406,4,forward_right,0.2222,173.4933,6.3347,1.2121,0.0,False,False
5,370,926291406,4,forward_right,0.3719,173.8652,6.3136,1.2275,0.0,False,False
5,371,828879,1,turn_left,0.2098,174.075,6.2981,1.2607,0.0,False,False
5,372,828879,1,turn_left,-0.1,173.975,6.2983,1.2639,0.0,False,False
5,373,926291406,4,forward_right,0.107,174.082,6.2905,1.2414,0.0,False,False
5,374,926291406,4,forward_right,0.3776,174.4596,6.2691,1.0123,0.0,False,False
5,375,1166997565,3,forward_left,0.217,174.6766,6.2558,1.2518,0.0,False,False
5,376,926291406,4,forward_right,0.2818,174.9584,6.2392,1.2379,0.0,False,False
5,377,926291406,4,forward_right,0.3069,175.2653,6.2213,1.2561,0.0,False,False
5,378,828879,1,turn_left,0.211,175.4763,6.2058,1.2588,0.0,False,False
5,379,926291406,4,forward_right,0.0023,175.4786,6.2032,1.2927,0.0,False,False
5,380,926291406,4,forward_right,0.4109,175.8895,6.1801,1.2855,0.0,False,False
5,381,828879,1,turn_left,0.2124,176.1019,6.1645,1.3095,0.0,False,False
5,382,1406925816,4,forward_right,0.0633,176.1653,6.1588,1.3174,0.0,False,False
5,383,828879,1,turn_left,0.0568,176.222,6.151,1.3174,0.0,False,False
5,384,926291406,4,forward_right,0.1842,176.4063,6.1393,1.3113,0.0,False,False
5,385,926291406,4,forward_right,0.2297,176.636,6.1253,1.3113,0.0,False,False
5,386,828879,1,turn_left,0.134,176.77,6.1136,1.3117,0.0,False,False
5,387,828879,1,turn_left,-0.1,176.67,6.1132,1.3191,0.0,False,False
5,388,926291406,4,forward_right,-0.0036,176.6663,6.1109,1.2463,0.0,False,False
5,389,926291406,4,forward_right,0.4212,177.0875,6.0874,1.31,0.0,False,False
5,390,926291406,4,forward_right,0.2021,177.2896,6.0748,1.31,0.0,False,False
5,391,926291406,4,forward_right,0.3284,177.618,6.0558,1.3161,0.0,False,False
5,392,926291406,4,forward_right,0.3289,177.947,6.0369,1.3515,0.0,False,False
5,393,828879,1,turn_left,0.1336,178.0806,6.0252,1.3549,0.0,False,False
5,394,828879,1,turn_left,-0.1,177.9806,6.0254,1.3622,0.0,False,False
5,395,926291406,4,forward_right,0.0123,177.9929,6.0223,1.0474,0.0,False,False
5,396,1166997565,3,forward_left,0.2873,178.2802,6.0055,1.3366,0.0,False,False
5,397,926291406,4,forward_right,0.271,178.5512,5.9894,1.3379,0.0,False,False
5,398,926291406,4,forward_right,0.3951,178.9463,5.9671,1.3358,0.0,False,False
5,399,926291406,4,forward_right,0.2611,179.2074,5.9516,1.3557,0.0,False,False
5,400,926291406,4,forward_right,0.334,179.5414,5.9324,1.3583,0.0,False,False
5,401,926291406,4,forward_right,0.4032,179.9446,5.9097,1.3809,0.0,False,False
5,402,828879,1,turn_left,0.056,180.0006,5.9019,1.4167,0.0,False,False
5,403,828879,1,turn_left,-0.1,179.9006,5.9018,1.4011,0.0,False,False
5,404,926291406,4,forward_right,0.0764,179.977,5.8955,0.9341,0.0,False,False
5,405,1309443777,2,turn_right,0.2224,180.1994,5.8794,1.3894,0.0,False,False
5,406,926291406,4,forward_right,0.1826,180.382,5.8677,1.392,0.0,False,False
5,407,926291406,4,forward_right,0.3316,180.7136,5.8487,1.3984,0.0,False,False
5,408,828879,1,turn_left,0.1364,180.85,5.8368,1.4062,0.0,False,False
5,409,828879,1,turn_left,-0.1,180.75,5.837,1.4216,0.0,False,False
5,410,926291406,4,forward_right,-0.05,180.7,5.8374,1.0422,0.0,False,False
5,411,1166997565,3,forward_left,0.2233,180.9233,5.8237,1.1192,0.0,False,False
5,412,926291406,4,forward_right,0.2937,181.217,5.8065,1.3924,0.0,False,False
5,413,926291406,4,forward_right,0.2999,181.5169,5.789,1.3971,0.0,False,False
5,414,926291406,4,forward_right,0.3376,181.8545,5.7696,1.4129,0.0,False,False
5,415,926291406,4,forward_right,0.3336,182.1881,5.7505,1.4381,0.0,False,False
5,416,828879,1,turn_left,0.1374,182.3255,5.7386,1.4558,0.0,False,False
5,417,926291406,4,forward_right,-0.05,182.2755,5.7367,1.4574,0.0,False,False
5,418,926291406,4,forward_right,0.3325,182.608,5.7176,1.1403,0.0,False,False
5,419,926291406,4,forward_right,0.1766,182.7845,5.7063,1.0269,0.0,False,False
5,420,587486767,5,stop,0.4039,183.1884,5.6836,1.4826,0.0,False,False
5,421,828879,1,turn_left,0.0791,183.2675,5.6746,1.4777,0.0,False,False
5,422,828879,1,turn_left,-0.1,183.1675,5.6747,1.4609,0.0,False,False
5,423,926291406,4,forward_right,0.0667,183.2342,5.6689,1.4556,0.0,False,False
5,424,926291406,4,forward_right,0.3442,183.5784,5.6492,1.4551,0.0,False,False
5,425,926291406,4,forward_right,0.3389,183.9173,5.6297,1.4643,0.0,False,False
5,426,926291406,4,forward_right,0.4093,184.3266,5.6067,1.4902,0.0,False,False
5,427,828879,1,turn_left,0.2763,184.6029,5.5879,1.5093,0.0,False,False
5,428,828879,1,turn_left,-0.0225,184.5804,5.5841,1.5145,0.0,False,False
5,429,828879,1,turn_left,-0.1,184.4804,5.5846,0.9477,0.0,False,False
5,430,1309443777,2,turn_right,-0.0074,184.473,5.58,1.0988,0.0,False,False
5,431,1166997565,3,forward_left,0.0785,184.5515,5.5735,1.4973,0.0,False,False
5,432,926291406,4,forward_right,0.1769,184.7284,5.5622,1.4964,0.0,False,False
5,433,926291406,4,forward_right,0.3828,185.1112,5.5405,1.4896,0.0,False,False
5,434,926291406,4,forward_right,0.3202,185.4314,5.522,1.4914,0.0,False,False
5,435,926291406,4,forward_right,0.3334,185.7647,5.5029,1.5133,0.0,False,False
5,436,828879,1,turn_left,0.2217,185.9864,5.4868,1.5366,0.0,False,False
5,437,828879,1,turn_left,-0.1,185.8864,5.4867,1.5387,0.0,False,False
5,438,926291406,4,forward_right,-0.05,185.8364,5.4862,1.1156,0.0,False,False
5,439,926291406,4,forward_right,0.3292,186.1657,5.4672,1.4968,0.0,False,False
5,440,926291406,4,forward_right,0.3708,186.5365,5.4462,1.5261,0.0,False,False
5,441,926291406,4,forward_right,0.3341,186.8706,5.4269,1.5483,0.0,False,False
5,442,828879,1,turn_left,0.1551,187.0257,5.4142,1.5455,0.0,False,False
5,443,828879,1,turn_left,-0.1,186.9257,5.4144,1.5589,0.0,False,False
5,444,926291406,4,forward_right,-0.05,186.8757,5.4141,1.0983,0.0,False,False
5,445,1166997565,3,forward_left,0.3942,187.2699,5.3919,1.3672,0.0,False,False
5,446,926291406,4,forward_right,0.2404,187.5103,5.3774,1.5353,0.0,False,False
5,447,926291406,4,forward_right,0.2937,187.804,5.3602,1.5453,0.0,False,False
5,448,926291406,4,forward_right,0.3369,188.1409,5.3409,1.5692,0.0,False,False
5,449,926291406,4,forward_right,0.3312,188.4721,5.3218,1.5855,0.0,False,False
5,450,828879,1,turn_left,0.21,188.6822,5.3063,1.5927,0.0,False,False
5,451,828879,1,turn_left,-0.1,188.5822,5.3059,1.5854,0.0,False,False
5,452,926291406,4,forward_right,-0.05,188.5322,5.3043,0.9257,0.0,False,False
5,453,926291406,4,forward_right,0.4114,188.9436,5.2812,1.588,0.0,False,False
5,454,926291406,4,forward_right,0.2517,189.1953,5.2662,1.5985,0.0,False,False
5,455,828879,1,turn_left,0.1436,189.3389,5.254,1.6125,0.0,False,False
5,456,828879,1,turn_left,-0.1,189.2389,5.2542,1.5935,0.0,False,False
5,457,926291406,4,forward_right,0.0212,189.2601,5.2506,0.961,0.0,False,False
5,458,1309443777,2,turn_right,0.2828,189.5428,5.2315,1.5417,0.0,False,False
5,459,926291406,4,forward_right,0.2615,189.8043,5.2159,1.6066,0.0,False,False
5,460,926291406,4,forward_right,0.3237,190.128,5.1972,1.6129,0.0,False,False
5,461,926291406,4,forward_right,0.3226,190.4506,5.1786,1.6205,0.0,False,False
5,462,828879,1,turn_left,0.2196,190.6702,5.1626,1.6479,0.0,False,False
5,463,828879,1,turn_left,-0.1,190.5702,5.1629,1.6292,0.0,False,False
5,464,926291406,4,forward_right,-0.05,190.5202,5.1611,0.9596,0.0,False,False
5,465,1309443777,2,turn_right,0.2011,190.7213,5.146,1.5771,0.0,False,False
5,466,926291406,4,forward_right,0.2673,190.9886,5.1302,1.6291,0.0,False,False
5,467,926291406,4,forward_right,0.3394,191.3281,5.1107,1.6335,0.0,False,False
5,468,828879,1,turn_left,0.07,191.3981,5.1022,1.6366,0.0,False,False
5,469,926291406,4,forward_right,-0.05,191.3481,5.1003,1.6496,0.0,False,False
5,470,926291406,4,forward_right,0.3403,191.6884,5.0808,1.4471,0.0,False,False
5,471,926291406,4,forward_right,0.3493,192.0377,5.0608,1.0803,0.0,False,False
5,472,587486767,5,stop,0.1794,192.2171,5.0494,1.1653,0.0,False,False
5,473,828879,1,turn_left,0.1132,192.3303,5.0387,1.6868,0.0,False,False
5,474,828879,1,turn_left,0.0357,192.366,5.0319,1.6969,0.0,False,False
5,475,828879,1,turn_left,-0.1,192.266,5.0319,1.6787,0.0,False,False
5,476,926291406,4,forward_right,0.0598,192.3258,5.0264,1.2263,0.0,False,False
5,477,926291406,4,forward_right,0.3462,192.6719,5.0066,1.3388,0.0,False,False
5,478,926291406,4,forward_right,0.3415,193.0135,4.987,1.3088,0.0,False,False
5,479,926291406,4,forward_right,0.3371,193.3506,4.9677,1.095,0.0,False,False
5,480,587486767,5,stop,0.2016,193.5523,4.9551,1.0528,0.0,False,False
5,481,587486767,5,stop,0.0689,193.6211,4.9492,1.0896,0.0,False,False
5,482,587486767,5,stop,-0.05,193.5711,4.9492,0.9799,0.0,False,False
5,483,1406925816,4,forward_right,-0.05,193.5211,4.9477,0.9854,0.0,False,False
5,484,1309443777,2,turn_right,-0.0246,193.4965,4.9439,0.9839,0.0,False,False
5,485,1309443777,2,turn_right,0.0661,193.5627,4.9356,1.0041,0.0,False,False
5,486,1406925816,4,forward_right,0.0228,193.5855,4.932,0.9883,0.0,False,False
5,487,1406925816,4,forward_right,0.1892,193.7747,4.92,1.3055,0.0,False,False
5,488,828879,1,turn_left,0.2312,194.0059,4.9035,1.7529,0.0,False,False
5,489,828879,1,turn_left,-0.1,193.9059,4.9016,1.5616,0.0,False,False
5,490,828879,1,turn_left,-0.1,193.8059,4.9019,0.958,0.0,False,False
5,491,1309443777,2,turn_right,0.0632,193.8691,4.8937,1.2237,0.0,False,False
5,492,828879,1,turn_left,0.1945,194.0636,4.879,1.7338,0.0,False,False
5,493,828879,1,turn_left,0.0739,194.1375,4.8703,1.7309,0.0,False,False
5,494,828879,1,turn_left,-0.0397,194.0977,4.8673,1.7309,0.0,False,False
5,495,926291406,4,forward_right,0.0614,194.1592,4.8617,1.1252,0.0,False,False
5,496,926291406,4,forward_right,0.4168,194.576,4.8384,1.1162,0.0,False,False
5,497,926291406,4,forward_right,0.2915,194.8675,4.8213,0.9607,0.0,False,False
5,498,1406925816,4,forward_right,0.2451,195.1126,4.8065,1.4545,0.0,False,False
5,499,828879,1,turn_left,0.1795,195.2921,4.7926,1.7754,0.0,False,False
5,500,828879,1,turn_left,-0.1,195.1921,4.793,1.7754,0.0,False,False
5,501,926291406,4,forward_right,0.2149,195.407,4.7797,1.0057,0.0,False,False
5,502,1309443777,2,turn_right,0.1995,195.6065,4.7648,0.9685,0.0,False,False
5,503,1309443777,2,turn_right,-0.1,195.5065,4.763,0.9575,0.0,False,False
5,504,1406925816,4,forward_right,0.0335,195.5401,4.7588,0.9575,0.0,False,False
5,505,1406925816,4,forward_right,0.4503,195.9903,4.7338,1.7937,0.0,False,False
5,506,828879,1,turn_left,0.1201,196.1105,4.7228,1.8018,0.0,False,False
5,507,828879,1,turn_left,-0.1,196.0105,4.7228,1.5886,0.0,False,False
5,508,828879,1,turn_left,-0.1,195.9105,4.7231,0.9462,0.0,False,False
5,509,1309443777,2,turn_right,0.0425,195.953,4.716,1.3896,0.0,False,False
5,510,926291406,4,forward_right,0.1354,196.0884,4.7068,1.7658,0.0,False,False
5,511,926291406,4,forward_right,0.3794,196.4678,4.6853,1.7658,0.0,False,False
5,512,828879,1,turn_left,0.1914,196.6592,4.6707,1.7761,0.0,False,False
5,513,828879,1,turn_left,-0.1,196.5592,4.6706,1.7599,0.0,False,False
5,514,926291406,4,forward_right,0.225,196.7842,4.6569,1.2368,0.0,False,False
5,515,926291406,4,forward_right,0.3001,197.0842,4.6394,0.959,0.0,False,False
5,516,1309443777,2,turn_right,0.18,197.2642,4.6254,1.2852,0.0,False,False
5,517,828879,1,turn_left,0.1283,197.3926,4.6139,1.3483,0.0,False,False
5,518,828879,1,turn_left,0.034,197.4266,4.6072,1.0387,0.0,False,False
5,519,1166997565,3,forward_left,0.0912,197.5178,4.6002,1.1314,0.0,False,False
5,520,926291406,4,forward_right,0.2018,197.7196,4.5876,1.782,0.0,False,False
5,521,926291406,4,forward_right,0.3123,198.0319,4.5695,1.7895,0.0,False,False
5,522,926291406,4,forward_right,0.3342,198.3661,4.5503,1.7895,0.0,False,False
5,523,828879,1,turn_left,0.2057,198.5718,4.535,1.8259,0.0,False,False
5,524,828879,1,turn_left,-0.1,198.4718,4.5348,1.7927,0.0,False,False
5,525,926291406,4,forward_right,-0.05,198.4218,4.5346,0.9418,0.0,False,False
5,526,1309443777,2,turn_right,0.2043,198.6261,4.5194,1.7962,0.0,False,False
5,527,926291406,4,forward_right,0.2113,198.8375,4.5064,1.7962,0.0,False,False
5,528,926291406,4,forward_right,0.3767,199.2141,4.485,1.8093,0.0,False,False
5,529,926291406,4,forward_right,0.3349,199.549,4.4658,1.8117,0.0,False,False
5,530,926291406,4,forward_right,0.4041,199.9531,4.4431,3.7376,0.0,False,False
5,531,828879,1,turn_left,0.142,200.0951,4.431,3.7274,0.0,False,False
5,532,828879,1,turn_left,-0.1,199.9951,4.4312,1.205,0.0,False,False
5,533,926291406,4,forward_right,0.0583,200.0534,4.4258,1.205,0.0,False,False
5,534,926291406,4,forward_right,0.3416,200.3949,4.4062,1.8557,0.0,False,False
5,535,926291406,4,forward_right,0.2809,200.6758,4.3896,3.714,0.0,False,False
5,536,828879,1,turn_left,0.2613,200.9372,4.3716,3.714,0.0,False,False
5,537,828879,1,turn_left,-0.1,200.8372,4.3697,3.6912,0.0,False,False
5,538,926291406,4,forward_right,0.0727,200.9099,4.3635,1.8108,0.0,False,False
5,539,1166997565,3,forward_left,0.292,201.2018,4.3464,1.0597,0.0,False,False
5,540,1166997565,3,forward_left,0.0863,201.2881,4.3396,1.0798,0.0,False,False
5,541,926291406,4,forward_right,0.6852,201.9733,4.3029,1.8518,0.0,False,False
5,542,926291406,4,forward_right,0.16,202.1334,4.2924,1.8518,0.0,False,False
5,543,926291406,4,forward_right,0.3424,202.4758,4.2727,2.062,0.0,False,False
5,544,926291406,4,forward_right,0.3372,202.8129,4.2534,3.0776,0.0,False,False
5,545,926291406,4,forward_right,0.2556,203.0686,4.2381,3.1047,0.0,False,False
5,546,828879,1,turn_left,0.2202,203.2887,4.2221,1.3595,0.0,False,False
5,547,828879,1,turn_left,-0.1,203.1887,4.2219,1.3595,0.0,False,False
5,548,926291406,4,forward_right,0.1439,203.3326,4.2122,1.8958,0.0,False,False
5,549,926291406,4,forward_right,0.3377,203.6703,4.1928,1.8958,0.0,False,False
5,550,926291406,4,forward_right,0.2968,203.9671,4.1755,3.6147,0.0,False,False
5,551,828879,1,turn_left,0.1428,204.1099,4.1634,3.5943,0.0,False,False
5,552,828879,1,turn_left,-0.1,204.0099,4.1632,3.5829,0.0,False,False
5,553,926291406,4,forward_right,-0.05,203.9599,4.1612,1.2442,0.0,False,False
5,554,926291406,4,forward_right,0.3452,204.3051,4.1414,1.1896,0.0,False,False
5,555,926291406,4,forward_right,0.34,204.6451,4.1219,3.1353,0.0,False,False
5,556,926291406,4,forward_right,0.2808,204.9259,4.1054,3.5717,0.0,False,False
5,557,828879,1,turn_left,0.2232,205.149,4.0892,3.5664,0.0,False,False
5,558,828879,1,turn_left,-0.1,205.049,4.0891,3.5764,0.0,False,False
5,559,926291406,4,forward_right,0.096,205.145,4.0818,1.3838,0.0,False,False
5,560,926291406,4,forward_right,0.3443,205.4893,4.0621,1.0391,0.0,False,False
5,561,1166997565,3,forward_left,0.2343,205.7236,4.0479,1.8172,0.0,False,False
5,562,926291406,4,forward_right,0.3019,206.0256,4.0303,2.7702,0.0,False,False
5,563,926291406,4,forward_right,0.2951,206.3207,4.013,3.547,0.0,False,False
5,564,926291406,4,forward_right,0.3373,206.6579,3.9936,3.5508,0.0,False,False
5,565,926291406,4,forward_right,0.3307,206.9887,3.9746,3.5172,0.0,False,False
5,566,828879,1,turn_left,0.1489,207.1376,3.9622,3.4996,0.0,False,False
5,567,926291406,4,forward_right,0.1444,207.282,3.9524,3.4824,0.0,False,False
5,568,926291406,4,forward_right,0.3316,207.6136,3.9334,2.1267,0.0,False,False
5,569,828879,1,turn_left,0.1493,207.763,3.9209,1.5816,0.0,False,False
5,570,828879,1,turn_left,-0.1,207.663,3.9212,0.9354,0.0,False,False
5,571,1309443777,2,turn_right,-0.0064,207.6566,3.9165,1.0934,0.0,False,False
5,572,1166997565,3,forward_left,0.3273,207.9839,3.8976,1.5582,0.0,False,False
5,573,926291406,4,forward_right,0.1824,208.1663,3.886,2.381,0.0,False,False
5,574,926291406,4,forward_right,0.2893,208.4556,3.869,3.4929,0.0,False,False
5,575,926291406,4,forward_right,0.3094,208.7649,3.8511,3.4865,0.0,False,False
5,576,926291406,4,forward_right,0.2477,209.0126,3.8362,3.4579,0.0,False,False
5,577,828879,1,turn_left,0.1564,209.169,3.8234,3.4434,0.0,False,False
5,578,828879,1,turn_left,-0.1,209.069,3.8235,2.4701,0.0,False,False
5,579,926291406,4,forward_right,-0.05,209.019,3.8218,0.9319,0.0,False,False
5,580,1309443777,2,turn_right,0.3055,209.3245,3.8015,1.5544,0.0,False,False
5,581,926291406,4,forward_right,0.1844,209.5089,3.7898,3.4503,0.0,False,False
5,582,926291406,4,forward_right,0.2414,209.7503,3.7753,3.4371,0.0,False,False
5,583,926291406,4,forward_right,0.3284,210.0787,3.7563,3.4505,0.0,False,False
5,584,828879,1,turn_left,0.1898,210.2685,3.7418,3.42,0.0,False,False
5,585,828879,1,turn_left,-0.0592,210.2092,3.7398,3.4351,0.0,False,False
5,586,926291406,4,forward_right,-0.0094,210.1998,3.7378,1.2984,0.0,False,False
5,587,926291406,4,forward_right,0.3277,210.5275,3.7189,1.0581,0.0,False,False
5,588,1166997565,3,forward_left,0.3956,210.9231,3.6966,1.2072,0.0,False,False
5,589,926291406,4,forward_right,0.2383,211.1614,3.6822,1.1538,0.0,False,False
5,590,926291406,4,forward_right,0.5821,211.7435,3.6506,1.1756,0.0,False,False
5,591,926291406,4,forward_right,0.1034,211.8469,3.6429,1.1756,0.0,False,False
5,592,828879,1,turn_left,0.1574,212.0043,3.63,1.3829,0.0,False,False
5,593,828879,1,turn_left,-0.1,211.9043,3.6298,0.9354,0.0,False,False
5,594,1309443777,2,turn_right,0.0594,211.9637,3.6219,1.0718,0.0,False,False
5,595,1166997565,3,forward_left,0.1846,212.1483,3.6101,1.6959,0.0,False,False
5,596,926291406,4,forward_right,0.2254,212.3737,3.5964,2.5378,0.0,False,False
5,597,926291406,4,forward_right,0.2426,212.6164,3.5817,3.3875,0.0,False,False
5,598,828879,1,turn_left,0.2263,212.8427,3.5654,3.3858,0.0,False,False
5,599,828879,1,turn_left,-0.1,212.7427,3.5653,3.385,0.0,False,False
5,600,926291406,4,forward_right,-0.05,212.6927,3.5655,1.878,0.0,False,False
5,601,926291406,4,forward_right,0.2321,212.9247,3.5514,1.2098,0.0,False,False
5,602,926291406,4,forward_right,0.3495,213.2743,3.5314,1.1499,0.0,False,False
5,603,926291406,4,forward_right,0.244,213.5183,3.5167,0.9536,0.0,False,False
5,604,1309443777,2,turn_right,0.2666,213.7849,3.4984,1.1977,0.0,False,False
5,605,2095099663,0,forward,0.1875,213.9725,3.4865,1.1808,0.0,False,False
5,606,1508107506,3,forward_left,0.4093,214.3818,3.4635,1.126,0.0,False,False
5,607,1508107506,3,forward_left,0.4128,214.7946,3.4404,0.971,0.0,False,False
5,608,1840798605,5,stop,0.2487,215.0433,3.4255,1.0286,0.0,False,False
5,609,1263078535,3,forward_left,0.3073,215.3506,3.4076,0.9749,0.0,False,False
5,610,1341840061,1,turn_left,0.2817,215.6323,3.3885,1.02,0.0,False,False
5,611,1055658224,3,forward_left,0.2584,215.8906,3.3731,0.9776,0.0,False,False
5,612,1341840061,1,turn_left,0.2905,216.1811,3.3536,1.4417,0.0,False,False
5,613,2095099663,0,forward,0.2871,216.4682,3.3367,1.7469,0.0,False,False
5,614,2095099663,0,forward,0.3986,216.8669,3.3143,2.2399,0.0,False,False
5,615,2095099663,0,forward,0.5227,217.3896,3.2856,3.3766,0.0,False,False
5,616,2095099663,0,forward,0.6371,218.0267,3.2513,3.3697,0.0,False,False
5,617,2095099663,0,forward,0.4058,218.4324,3.2285,3.369,0.0,False,False
5,618,2095099663,0,forward,0.5218,218.9543,3.1999,3.3671,0.0,False,False
5,619,2095099663,0,forward,0.5211,219.4754,3.1714,3.3758,0.0,False,False
5,620,2095099663,0,forward,0.5206,219.996,3.1428,3.3723,0.0,False,False
5,621,2095099663,0,forward,0.52,220.516,3.1143,3.3764,0.0,False,False
5,622,2095099663,0,forward,0.6333,221.1493,3.0802,3.1355,0.0,False,False
5,623,2095099663,0,forward,0.4052,221.5545,3.0574,1.9921,0.0,False,False
5,624,2095099663,0,forward,0.519,222.0736,3.029,1.2355,0.0,False,False
5,625,2095099663,0,forward,0.579,222.6525,2.9975,0.9933,0.0,False,False
5,626,1341840061,1,turn_left,0.3336,222.9862,2.9758,1.3806,0.0,False,False
5,627,2095099663,0,forward,0.3777,223.3639,2.9544,1.3722,0.0,False,False
5,628,2095099663,0,forward,0.372,223.7358,2.9333,1.295,0.0,False,False
5,629,2095099663,0,forward,0.636,224.3718,2.899,1.159,0.0,False,False
5,630,2095099663,0,forward,0.4956,224.8674,2.8718,0.9633,0.0,False,False
5,631,1341840061,1,turn_left,0.3975,225.2649,2.8469,1.1743,0.0,False,False
5,632,2095099663,0,forward,0.2916,225.5565,2.8298,0.9879,0.0,False,False
5,633,1341840061,1,turn_left,0.1745,225.7309,2.8161,1.225,0.0,False,False
5,634,2095099663,0,forward,0.1921,225.923,2.804,1.5464,0.0,False,False
5,635,2095099663,0,forward,0.4542,226.3772,2.7788,1.8966,0.0,False,False
5,636,2095099663,0,forward,0.2404,226.6176,2.7642,2.7862,0.0,False,False
5,637,2095099663,0,forward,0.6525,227.27,2.7291,3.4184,0.0,False,False
5,638,2095099663,0,forward,0.4125,227.6825,2.706,3.4194,0.0,False,False
5,639,2095099663,0,forward,0.5352,228.2177,2.6767,3.426,0.0,False,False
5,640,2095099663,0,forward,0.6517,228.8694,2.6417,3.432,0.0,False,False
5,641,2095099663,0,forward,0.4175,229.2868,2.6183,3.4399,0.0,False,False
5,642,2095099663,0,forward,0.6508,229.9376,2.5832,3.4358,0.0,False,False
5,643,2095099663,0,forward,0.5336,230.4713,2.5541,2.7333,0.0,False,False
5,644,2095099663,0,forward,0.4168,230.8881,2.5307,1.7834,0.0,False,False
5,645,2095099663,0,forward,0.534,231.4221,2.5015,1.1344,0.0,False,False
5,646,2095099663,0,forward,0.4498,231.8718,2.4765,1.1576,0.0,False,False
5,647,2095099663,0,forward,0.6471,232.5189,2.4417,2.2916,0.0,False,False
5,648,2095099663,0,forward,0.415,232.934,2.4184,3.4591,0.0,False,False
5,649,2095099663,0,forward,0.5203,233.4543,2.3899,3.469,0.0,False,False
5,650,2095099663,0,forward,0.5306,233.9849,2.3609,3.4672,0.0,False,False
5,651,2095099663,0,forward,0.5301,234.515,2.3319,3.4778,0.0,False,False
5,652,2095099663,0,forward,0.5296,235.0446,2.3029,3.483,0.0,False,False
5,653,2095099663,0,forward,0.4133,235.4578,2.2797,3.4836,0.0,False,False
5,654,2095099663,0,forward,0.6443,236.1021,2.245,2.8557,0.0,False,False
5,655,2095099663,0,forward,0.5281,236.6303,2.2161,1.8147,0.0,False,False
5,656,2095099663,0,forward,0.5283,237.1586,2.1872,1.1594,0.0,False,False
5,657,2095099663,0,forward,0.444,237.6026,2.1625,1.1527,0.0,False,False
5,658,2095099663,0,forward,0.5246,238.1272,2.1338,2.1792,0.0,False,False
5,659,2095099663,0,forward,0.64,238.7672,2.0993,3.5158,0.0,False,False
5,660,2095099663,0,forward,0.3928,239.16,2.0771,3.5235,0.0,False,False
5,661,2095099663,0,forward,0.5239,239.6839,2.0484,3.5204,0.0,False,False
5,662,2095099663,0,forward,0.6376,240.3215,2.0141,3.5304,0.0,False,False
5,663,2095099663,0,forward,0.4077,240.7293,1.9912,3.5422,0.0,False,False
5,664,2095099663,0,forward,0.5214,241.2507,1.9626,3.5422,0.0,False,False
5,665,2095099663,0,forward,0.6346,241.8853,1.9284,3.5289,0.0,False,False
5,666,2095099663,0,forward,0.4058,242.291,1.9056,1.8379,0.0,False,False
5,667,2095099663,0,forward,0.5194,242.8104,1.8771,1.8379,0.0,False,False
5,668,2095099663,0,forward,0.4135,243.224,1.8539,1.0818,0.0,False,False
5,669,1263078535,3,forward_left,0.5006,243.7246,1.8264,2.4998,0.0,False,False
5,670,2095099663,0,forward,0.4255,244.1501,1.8026,3.5557,0.0,False,False
5,671,2095099663,0,forward,0.4818,244.6319,1.776,3.5722,0.0,False,False
5,672,2095099663,0,forward,0.5179,245.1498,1.7476,3.5722,0.0,False,False
5,673,2095099663,0,forward,0.7432,245.893,1.708,3.5718,0.0,False,False
5,674,2095099663,0,forward,0.4022,246.2952,1.6854,3.5818,0.0,False,False
5,675,2095099663,0,forward,0.4014,246.6966,1.6628,3.5818,0.0,False,False
5,676,2095099663,0,forward,0.5131,247.2097,1.6346,3.586,0.0,False,False
5,677,2095099663,0,forward,0.6242,247.8339,1.6009,2.8443,0.0,False,False
5,678,2095099663,0,forward,0.5109,248.3448,1.5729,1.766,0.0,False,False
5,679,2095099663,0,forward,0.4221,248.7669,1.5493,1.1483,0.0,False,False
5,680,2095099663,0,forward,0.506,249.2729,1.5215,2.1917,0.0,False,False
5,681,2095099663,0,forward,0.3941,249.667,1.4993,3.6206,0.0,False,False
5,682,2095099663,0,forward,0.492,250.159,1.4722,3.631,0.0,False,False
5,683,2095099663,0,forward,0.5024,250.6614,1.4446,3.6305,0.0,False,False
5,684,2095099663,0,forward,0.5002,251.1616,1.417,3.6305,0.0,False,False
5,685,2095099663,0,forward,0.6075,251.7691,1.3842,3.6339,0.0,False,False
5,686,2095099663,0,forward,0.3866,252.1556,1.3623,3.6339,0.0,False,False
5,687,2095099663,0,forward,0.4936,252.6492,1.3352,3.6399,0.0,False,False
5,688,1508107506,3,forward_left,0.4913,253.1405,1.3081,2.8486,0.0,False,False
5,689,1508107506,3,forward_left,0.3517,253.4923,1.288,1.793,0.0,False,False
5,690,2095099663,0,forward,0.1907,253.6829,1.276,0.9201,0.0,False,False
5,691,2095099663,0,forward,500.0,753.6829,1.246,3.6592,0.0,True,False
6,1,964610217,0,forward,0.023,0.023,15.9917,0.9977,0.0,False,False
6,2,964610217,0,forward,0.1725,0.1955,15.9806,1.1475,0.0,False,False
6,3,1548021558,0,forward,0.2973,0.4928,15.9632,1.3681,0.0,False,False
6,4,1548021558,0,forward,0.4217,0.9144,15.9396,1.7988,0.0,False,False
6,5,1548021558,0,forward,0.4276,1.3421,15.9157,2.979,0.0,False,False
6,6,1548021558,0,forward,0.4281,1.7701,15.8918,2.979,0.0,False,False
6,7,1548021558,0,forward,0.7868,2.557,15.85,3.8977,0.0,False,False
6,8,1548021558,0,forward,0.5463,3.1032,15.8202,3.8982,0.0,False,False
6,9,1548021558,0,forward,0.5478,3.651,15.7903,3.8764,0.0,False,False
6,10,1548021558,0,forward,0.4282,4.0792,15.7664,3.8422,0.0,False,False
6,11,1548021558,0,forward,0.6672,4.7464,15.7305,3.8163,0.0,False,False
6,12,1548021558,0,forward,0.4281,5.1746,15.7066,3.7726,0.0,False,False
6,13,1548021558,0,forward,0.6673,5.8418,15.6707,2.4832,0.0,False,False
6,14,1548021558,0,forward,0.6677,6.5095,15.6349,1.6073,0.0,False,False
6,15,1548021558,0,forward,0.4218,6.9313,15.6113,0.9956,0.0,False,False
6,16,964610217,0,forward,0.4792,7.4106,15.5848,1.331,0.0,False,False
6,17,1548021558,0,forward,0.6662,8.0768,15.549,2.6614,0.0,False,False
6,18,1548021558,0,forward,0.5476,8.6244,15.5191,3.6383,0.0,False,False
6,19,1548021558,0,forward,0.2917,8.9161,15.502,3.6156,0.0,False,False
6,20,1548021558,0,forward,0.5478,9.4639,15.4721,3.5777,0.0,False,False
6,21,1548021558,0,forward,0.5477,10.0116,15.4423,3.5777,0.0,False,False
6,22,1548021558,0,forward,0.6672,10.6788,15.4064,3.5258,0.0,False,False
6,23,1548021558,0,forward,0.5476,11.2264,15.3765,3.4946,0.0,False,False
6,24,1548021558,0,forward,0.5476,11.774,15.3466,3.2248,0.0,False,False
6,25,1548021558,0,forward,0.4282,12.2022,15.3227,3.2248,0.0,False,False
6,26,1548021558,0,forward,0.6678,12.87,15.2868,1.2432,0.0,False,False
6,27,1548021558,0,forward,0.4543,13.3243,15.2616,1.2432,0.0,False,False
6,28,1548021558,0,forward,0.5241,13.8484,15.2329,0.9991,0.0,False,False
6,29,964610217,0,forward,0.5469,14.3953,15.2031,3.3592,0.0,False,False
6,30,1548021558,0,forward,0.5145,14.9099,15.1748,3.3271,0.0,False,False
6,31,1548021558,0,forward,0.5473,15.4572,15.145,3.3271,0.0,False,False
6,32,1548021558,0,forward,0.6667,16.1238,15.1091,3.2744,0.0,False,False
6,33,1548021558,0,forward,0.5472,16.671,15.0793,3.2537,0.0,False,False
6,34,1548021558,0,forward,0.4277,17.0988,15.0554,3.2091,0.0,False,False
6,35,1548021558,0,forward,0.5472,17.646,15.0255,3.2091,0.0,False,False
6,36,1548021558,0,forward,0.5476,18.1936,14.9956,1.3397,0.0,False,False
6,37,1548021558,0,forward,0.5129,18.7066,14.9675,1.3397,0.0,False,False
6,38,964610217,0,forward,0.4859,19.1924,14.9407,0.9431,0.0,False,False
6,39,964610217,0,forward,0.5466,19.7391,14.9109,1.9537,0.0,False,False
6,40,1548021558,0,forward,0.5075,20.2466,14.883,3.1076,0.0,False,False
6,41,1548021558,0,forward,0.5476,20.7942,14.8531,3.0794,0.0,False,False
6,42,1548021558,0,forward,0.5472,21.3414,14.8233,3.0415,0.0,False,False
6,43,1548021558,0,forward,0.5471,21.8885,14.7934,3.0266,0.0,False,False
6,44,1548021558,0,forward,0.5471,22.4356,14.7635,3.0032,0.0,False,False
6,45,1548021558,0,forward,0.5471,22.9828,14.7337,2.9729,0.0,False,False
6,46,1548021558,0,forward,0.5473,23.5301,14.7038,2.2356,0.0,False,False
6,47,1548021558,0,forward,0.548,24.0781,14.6739,1.4245,0.0,False,False
6,48,1548021558,0,forward,0.4517,24.5298,14.6488,0.9372,0.0,False,False
6,49,964610217,0,forward,0.5458,25.0756,14.6191,1.5745,0.0,False,False
6,50,1548021558,0,forward,0.5137,25.5893,14.5909,2.8569,0.0,False,False
6,51,1548021558,0,forward,0.5413,26.1307,14.5613,2.843,0.0,False,False
6,52,1548021558,0,forward,0.5471,26.6778,14.5314,2.8091,0.0,False,False
6,53,1548021558,0,forward,0.5471,27.2249,14.5016,2.7797,0.0,False,False
6,54,1548021558,0,forward,0.547,27.7719,14.4717,2.7702,0.0,False,False
6,55,1548021558,0,forward,0.4276,28.1995,14.4479,2.7311,0.0,False,False
6,56,1548021558,0,forward,0.786,28.9855,14.4061,2.6865,0.0,False,False
6,57,1548021558,0,forward,0.4281,29.4136,14.3822,1.7435,0.0,False,False
6,58,1548021558,0,forward,0.412,29.8256,14.3591,1.0865,0.0,False,False
6,59,1904234423,4,forward_right,0.4384,30.264,14.3346,1.185,0.0,False,False
6,60,1548021558,0,forward,0.442,30.706,14.31,2.1869,0.0,False,False
6,61,1548021558,0,forward,0.5292,31.2352,14.2811,2.6225,0.0,False,False
6,62,1548021558,0,forward,0.6512,31.8864,14.246,2.5977,0.0,False,False
6,63,1548021558,0,forward,0.4281,32.3144,14.2221,2.5748,0.0,False,False
6,64,1548021558,0,forward,0.5476,32.862,14.1922,2.5556,0.0,False,False
6,65,1548021558,0,forward,0.667,33.529,14.1564,2.5199,0.0,False,False
6,66,1548021558,0,forward,0.5475,34.0765,14.1265,2.5043,0.0,False,False
6,67,1548021558,0,forward,0.5475,34.624,14.0966,2.4738,0.0,False,False
6,68,1548021558,0,forward,0.5478,35.1718,14.0667,1.9323,0.0,False,False
6,69,1548021558,0,forward,0.5487,35.7205,14.0368,1.2555,0.0,False,False
6,70,1548021558,0,forward,0.5921,36.3126,14.0047,1.0297,0.0,False,False
6,71,1904234423,4,forward_right,0.1886,36.5012,13.9928,1.836,0.0,False,False
6,72,1548021558,0,forward,0.7302,37.2314,13.9538,2.3741,0.0,False,False
6,73,1548021558,0,forward,0.5408,37.7721,13.9242,2.3648,0.0,False,False
6,74,1548021558,0,forward,0.548,38.3201,13.8943,2.3469,0.0,False,False
6,75,1548021558,0,forward,0.5478,38.8679,13.8644,2.3206,0.0,False,False
6,76,1548021558,0,forward,0.5478,39.4157,13.8345,2.3009,0.0,False,False
6,77,1548021558,0,forward,0.4282,39.8439,13.8106,2.2781,0.0,False,False
6,78,1548021558,0,forward,0.6673,40.5112,13.7748,2.2634,0.0,False,False
6,79,1548021558,0,forward,0.5479,41.0591,13.7449,2.2495,0.0,False,False
6,80,1548021558,0,forward,0.5484,41.6075,13.715,1.484,0.0,False,False
6,81,1548021558,0,forward,0.4654,42.073,13.6892,0.9486,0.0,False,False
6,82,964610217,0,forward,0.546,42.619,13.6594,1.5178,0.0,False,False
6,83,1548021558,0,forward,0.6669,43.2859,13.6235,2.1651,0.0,False,False
6,84,1548021558,0,forward,0.4213,43.7072,13.6,2.1545,0.0,False,False
6,85,1548021558,0,forward,0.6587,44.3659,13.5645,2.1332,0.0,False,False
6,86,1548021558,0,forward,0.4283,44.7942,13.5406,2.1109,0.0,False,False
6,87,1548021558,0,forward,0.5478,45.342,13.5107,2.0996,0.0,False,False
6,88,1548021558,0,forward,0.5478,45.8898,13.4808,2.077,0.0,False,False
6,89,1548021558,0,forward,0.4282,46.318,13.4569,2.0719,0.0,False,False
6,90,1548021558,0,forward,0.6674,46.9854,13.4211,2.0481,0.0,False,False
6,91,1548021558,0,forward,0.5482,47.5336,13.3912,1.695,0.0,False,False
6,92,1548021558,0,forward,0.4293,47.9629,13.3672,1.0788,0.0,False,False
6,93,1904234423,4,forward_right,0.579,48.5419,13.3357,1.1703,0.0,False,False
6,94,1548021558,0,forward,0.5903,49.1321,13.3037,1.8661,0.0,False,False
6,95,1548021558,0,forward,0.4286,49.5607,13.2798,1.9749,0.0,False,False
6,96,1548021558,0,forward,0.5373,50.0981,13.2504,1.9551,0.0,False,False
6,97,1548021558,0,forward,0.5486,50.6467,13.2205,1.957,0.0,False,False
6,98,1548021558,0,forward,0.5484,51.1951,13.1906,1.9301,0.0,False,False
6,99,1548021558,0,forward,0.5484,51.7435,13.1607,1.9187,0.0,False,False
6,100,1548021558,0,forward,0.5484,52.2919,13.1307,1.9055,0.0,False,False
6,101,1548021558,0,forward,0.5484,52.8402,13.1008,1.8837,0.0,False,False
6,102,1548021558,0,forward,0.5485,53.3887,13.0709,1.8623,0.0,False,False
6,103,1548021558,0,forward,0.549,53.9377,13.0409,1.3219,0.0,False,False
6,104,1548021558,0,forward,0.4772,54.4149,13.0146,1.3219,0.0,False,False
6,105,964610217,0,forward,0.4272,54.842,12.9907,1.7188,0.0,False,False
6,106,1548021558,0,forward,0.6674,55.5094,12.9549,1.828,0.0,False,False
6,107,1548021558,0,forward,0.5369,56.0464,12.9255,1.828,0.0,False,False
6,108,1548021558,0,forward,0.5482,56.5945,12.8956,1.8027,0.0,False,False
6,109,1548021558,0,forward,0.5484,57.1429,12.8657,1.7857,0.0,False,False
6,110,1548021558,0,forward,0.668,57.8109,12.8298,1.7829,0.0,False,False
6,111,1548021558,0,forward,0.4286,58.2395,12.8059,1.7829,0.0,False,False
6,112,1548021558,0,forward,0.5483,58.7878,12.7759,1.7473,0.0,False,False
6,113,1548021558,0,forward,0.4287,59.2165,12.752,1.7473,0.0,False,False
6,114,1548021558,0,forward,0.7883,60.0048,12.7101,1.4291,0.0,False,False
6,115,1548021558,0,forward,0.3023,60.3071,12.6925,0.9548,0.0,False,False
6,116,964610217,0,forward,0.6004,60.9075,12.66,0.9548,0.0,False,False
6,117,964610217,0,forward,0.5477,61.4552,12.6301,1.7121,0.0,False,False
6,118,1548021558,0,forward,0.5358,61.9911,12.6008,1.7135,0.0,False,False
6,119,1548021558,0,forward,0.5478,62.5389,12.5709,1.7002,0.0,False,False
6,120,1548021558,0,forward,0.4286,62.9675,12.547,1.7002,0.0,False,False
6,121,1548021558,0,forward,0.6679,63.6354,12.5111,1.699,0.0,False,False
6,122,1548021558,0,forward,0.5482,64.1837,12.4811,1.6833,0.0,False,False
6,123,1548021558,0,forward,0.4286,64.6122,12.4572,1.6628,0.0,False,False
6,124,1548021558,0,forward,0.5483,65.1605,12.4273,1.6624,0.0,False,False
6,125,1548021558,0,forward,0.7882,65.9487,12.3854,1.4683,0.0,False,False
6,126,1548021558,0,forward,0.3862,66.3349,12.3636,0.9676,0.0,False,False
6,127,964610217,0,forward,0.3979,66.7329,12.3412,1.5543,0.0,False,False
6,128,1548021558,0,forward,0.667,67.3999,12.3053,1.6592,0.0,False,False
6,129,1548021558,0,forward,0.5334,67.9333,12.2762,1.6495,0.0,False,False
6,130,1548021558,0,forward,0.5463,68.4796,12.2464,1.6508,0.0,False,False
6,131,1548021558,0,forward,0.5483,69.0279,12.2164,1.6496,0.0,False,False
6,132,1548021558,0,forward,0.5482,69.5761,12.1865,1.6344,0.0,False,False
6,133,1548021558,0,forward,0.5482,70.1243,12.1566,1.6437,0.0,False,False
6,134,1548021558,0,forward,0.5482,70.6724,12.1267,1.6264,0.0,False,False
6,135,1548021558,0,forward,0.4286,71.101,12.1028,1.5899,0.0,False,False
6,136,1548021558,0,forward,0.6682,71.7692,12.0669,1.5868,0.0,False,False
6,137,1548021558,0,forward,0.543,72.3122,12.0372,1.0294,0.0,False,False
6,138,1904234423,4,forward_right,0.3572,72.6694,12.0169,1.2849,0.0,False,False
6,139,1548021558,0,forward,0.58,73.2494,11.9854,1.2849,0.0,False,False
6,140,1548021558,0,forward,0.5485,73.7978,11.9554,1.5239,0.0,False,False
6,141,1548021558,0,forward,0.429,74.2268,11.9315,1.5239,0.0,False,False
6,142,1548021558,0,forward,0.5388,74.7656,11.902,1.4818,0.0,False,False
6,143,1548021558,0,forward,0.5488,75.3144,11.8721,1.4525,0.0,False,False
6,144,1548021558,0,forward,0.5487,75.8631,11.8422,1.4525,0.0,False,False
6,145,1548021558,0,forward,0.6684,76.5316,11.8063,1.4334,0.0,False,False
6,146,1548021558,0,forward,0.5487,77.0802,11.7763,1.3986,0.0,False,False
6,147,1548021558,0,forward,0.5488,77.629,11.7464,1.3926,0.0,False,False
6,148,1548021558,0,forward,0.5492,78.1782,11.7164,1.2246,0.0,False,False
6,149,1548021558,0,forward,0.596,78.7742,11.6841,1.2246,0.0,False,False
6,150,668304872,1,turn_left,0.3774,79.1516,11.6603,1.3128,0.0,False,False
6,151,1548021558,0,forward,0.528,79.6796,11.6314,1.3128,0.0,False,False
6,152,1548021558,0,forward,0.5486,80.2282,11.6014,1.298,0.0,False,False
6,153,1548021558,0,forward,0.536,80.7642,11.5721,1.2763,0.0,False,False
6,154,1548021558,0,forward,0.5487,81.3129,11.5422,1.2695,0.0,False,False
6,155,1548021558,0,forward,0.5487,81.8616,11.5123,1.2715,0.0,False,False
6,156,1548021558,0,forward,0.5486,82.4102,11.4823,1.2579,0.0,False,False
6,157,1548021558,0,forward,0.5486,82.9589,11.4524,1.2279,0.0,False,False
6,158,1548021558,0,forward,0.6684,83.6273,11.4165,1.2159,0.0,False,False
6,159,1548021558,0,forward,0.4291,84.0564,11.3925,1.1749,0.0,False,False
6,160,1548021558,0,forward,0.5497,84.6061,11.3625,1.1664,0.0,False,False
6,161,1548021558,0,forward,0.4861,85.0922,11.3357,0.9617,0.0,False,False
6,162,964610217,0,forward,0.5475,85.6398,11.3058,1.1585,0.0,False,False
6,163,1548021558,0,forward,0.5482,86.1879,11.2759,1.166,0.0,False,False
6,164,1548021558,0,forward,0.5484,86.7363,11.246,1.1443,0.0,False,False
6,165,1548021558,0,forward,0.5485,87.2848,11.2161,1.1358,0.0,False,False
6,166,1548021558,0,forward,0.5485,87.8333,11.1862,1.1297,0.0,False,False
6,167,1548021558,0,forward,0.4288,88.2622,11.1622,1.1341,0.0,False,False
6,168,1548021558,0,forward,0.5485,88.8107,11.1323,1.1269,0.0,False,False
6,169,1548021558,0,forward,0.6682,89.479,11.0964,1.1071,0.0,False,False
6,170,1548021558,0,forward,0.4288,89.9078,11.0724,1.0967,0.0,False,False
6,171,909969137,0,forward,0.6682,90.5759,11.0365,1.0982,0.0,False,False
6,172,909969137,0,forward,0.5485,91.1244,11.0066,1.0931,0.0,False,False
6,173,909969137,0,forward,0.6682,91.7926,10.9707,1.0864,0.0,False,False
6,174,909969137,0,forward,0.1895,91.9821,10.9587,1.0864,0.0,False,False
6,175,909969137,0,forward,0.669,92.6511,10.9228,1.0778,0.0,False,False
6,176,909969137,0,forward,0.3576,93.0087,10.9024,0.9389,0.0,False,False
6,177,555146084,3,forward_left,0.6614,93.6701,10.8668,1.0777,0.0,False,False
6,178,909969137,0,forward,0.58,94.25,10.8353,1.0929,0.0,False,False
6,179,909969137,0,forward,0.5445,94.7945,10.8056,1.0882,0.0,False,False
6,180,909969137,0,forward,0.5437,95.3382,10.7759,1.1011,0.0,False,False
6,181,1548021558,0,forward,0.4283,95.7665,10.752,1.0866,0.0,False,False
6,182,909969137,0,forward,0.6674,96.4339,10.7161,1.0884,0.0,False,False
6,183,909969137,0,forward,0.5478,96.9817,10.6862,1.0992,0.0,False,False
6,184,909969137,0,forward,0.5478,97.5295,10.6564,1.0941,0.0,False,False
6,185,909969137,0,forward,0.4283,97.9577,10.6324,1.108,0.0,False,False
6,186,1548021558,0,forward,0.6678,98.6256,10.5966,1.0968,0.0,False,False
6,187,1548021558,0,forward,0.8346,99.4602,10.5523,1.0833,0.0,False,False
6,188,1904234423,4,forward_right,0.0692,99.5293,10.5464,1.0833,0.0,False,False
6,189,1904234423,4,forward_right,0.5823,100.1117,10.5147,1.1132,0.0,False,False
6,190,1548021558,0,forward,0.4686,100.5803,10.4888,1.106,0.0,False,False
6,191,1548021558,0,forward,0.4291,101.0094,10.4649,1.1084,0.0,False,False
6,192,1548021558,0,forward,0.6548,101.6642,10.4296,1.0972,0.0,False,False
6,193,909969137,0,forward,0.4292,102.0934,10.4057,1.1096,0.0,False,False
6,194,1548021558,0,forward,0.6687,102.7621,10.3697,1.1046,0.0,False,False
6,195,1548021558,0,forward,0.5489,103.311,10.3398,1.1113,0.0,False,False
6,196,1548021558,0,forward,0.5489,103.8598,10.3098,1.1018,0.0,False,False
6,197,1548021558,0,forward,0.5489,104.4087,10.2799,1.108,0.0,False,False
6,198,1548021558,0,forward,0.5491,104.9577,10.2499,1.1155,0.0,False,False
6,199,1548021558,0,forward,0.5498,105.5075,10.22,1.1084,0.0,False,False
6,200,1548021558,0,forward,0.487,105.9945,10.1931,0.9426,0.0,False,False
6,201,964610217,0,forward,0.5476,106.5421,10.1632,1.1179,0.0,False,False
6,202,1548021558,0,forward,0.5483,107.0905,10.1333,1.1065,0.0,False,False
6,203,1548021558,0,forward,0.4289,107.5194,10.1094,1.1063,0.0,False,False
6,204,1548021558,0,forward,0.6684,108.1878,10.0734,1.1134,0.0,False,False
6,205,1548021558,0,forward,0.5488,108.7366,10.0435,1.1213,0.0,False,False
6,206,1548021558,0,forward,0.5488,109.2853,10.0136,1.1192,0.0,False,False
6,207,1548021558,0,forward,0.429,109.7143,9.9896,1.1257,0.0,False,False
6,208,1548021558,0,forward,0.6685,110.3828,9.9537,1.1198,0.0,False,False
6,209,1548021558,0,forward,0.5487,110.9316,9.9238,1.1145,0.0,False,False
6,210,1548021558,0,forward,0.5487,111.4803,9.8938,1.1198,0.0,False,False
6,211,1548021558,0,forward,0.5487,112.029,9.8639,1.1206,0.0,False,False
6,212,1548021558,0,forward,0.5487,112.5777,9.8339,1.1261,0.0,False,False
6,213,1548021558,0,forward,0.5489,113.1267,9.804,1.1206,0.0,False,False
6,214,1548021558,0,forward,0.5497,113.6763,9.774,1.1306,0.0,False,False
6,215,1548021558,0,forward,0.4762,114.1525,9.7477,0.9539,0.0,False,False
6,216,964610217,0,forward,0.5475,114.7,9.7178,1.1208,0.0,False,False
6,217,1548021558,0,forward,0.5485,115.2484,9.6879,1.1251,0.0,False,False
6,218,1548021558,0,forward,0.5327,115.7811,9.6588,1.1252,0.0,False,False
6,219,1548021558,0,forward,0.5491,116.3302,9.6288,1.1366,0.0,False,False
6,220,1548021558,0,forward,0.5487,116.8789,9.5989,1.1343,0.0,False,False
6,221,1548021558,0,forward,0.4289,117.3079,9.5749,1.1334,0.0,False,False
6,222,1548021558,0,forward,0.6684,117.9762,9.539,1.1336,0.0,False,False
6,223,1548021558,0,forward,0.4289,118.4052,9.5151,1.1284,0.0,False,False
6,224,1548021558,0,forward,0.6685,119.0737,9.4791,1.1235,0.0,False,False
6,225,1548021558,0,forward,0.5493,119.623,9.4492,1.1306,0.0,False,False
6,226,1548021558,0,forward,0.4759,120.0989,9.4229,0.9458,0.0,False,False
6,227,964610217,0,forward,0.4274,120.5264,9.399,1.1406,0.0,False,False
6,228,1548021558,0,forward,0.6678,121.1942,9.3631,1.1392,0.0,False,False
6,229,1548021558,0,forward,0.5395,121.7337,9.3336,1.128,0.0,False,False
6,230,1548021558,0,forward,0.5483,122.282,9.3037,1.1279,0.0,False,False
6,231,1548021558,0,forward,0.5487,122.8306,9.2738,1.1269,0.0,False,False
6,232,1548021558,0,forward,0.5486,123.3792,9.2439,1.1399,0.0,False,False
6,233,1548021558,0,forward,0.4289,123.8081,9.2199,1.1332,0.0,False,False
6,234,1548021558,0,forward,0.6683,124.4764,9.184,1.1334,0.0,False,False
6,235,1548021558,0,forward,0.5487,125.0251,9.1541,1.1332,0.0,False,False
6,236,1548021558,0,forward,0.549,125.5741,9.1241,1.1481,0.0,False,False
6,237,1548021558,0,forward,0.0699,125.644,9.1181,0.9473,0.0,False,False
6,238,964610217,0,forward,0.9432,126.5872,9.0685,1.1385,0.0,False,False
6,239,1548021558,0,forward,0.7873,127.3745,9.0266,1.1461,0.0,False,False
6,240,1548021558,0,forward,0.3091,127.6837,9.0086,1.1348,0.0,False,False
6,241,1548021558,0,forward,0.5326,128.2162,8.9795,1.1465,0.0,False,False
6,242,1548021558,0,forward,0.5487,128.7649,8.9496,1.1494,0.0,False,False
6,243,1548021558,0,forward,0.5486,129.3135,8.9197,1.1473,0.0,False,False
6,244,1548021558,0,forward,0.5486,129.8621,8.8897,1.1512,0.0,False,False
6,245,1548021558,0,forward,0.5486,130.4107,8.8598,1.1443,0.0,False,False
6,246,1548021558,0,forward,0.5486,130.9592,8.8299,1.1535,0.0,False,False
6,247,1548021558,0,forward,0.5487,131.5079,8.7999,1.1508,0.0,False,False
6,248,1548021558,0,forward,0.4293,131.9372,8.776,1.154,0.0,False,False
6,249,1548021558,0,forward,0.5952,132.5324,8.7437,0.9528,0.0,False,False
6,250,964610217,0,forward,0.5469,133.0794,8.7139,1.1526,0.0,False,False
6,251,1548021558,0,forward,0.5481,133.6275,8.684,1.1525,0.0,False,False
6,252,1548021558,0,forward,0.542,134.1695,8.6544,1.149,0.0,False,False
6,253,1548021558,0,forward,0.5472,134.7166,8.6245,1.1573,0.0,False,False
6,254,1548021558,0,forward,0.5485,135.2652,8.5946,1.1379,0.0,False,False
6,255,1548021558,0,forward,0.5485,135.8137,8.5646,1.1596,0.0,False,False
6,256,1548021558,0,forward,0.5485,136.3622,8.5347,1.1596,0.0,False,False
6,257,1548021558,0,forward,0.5485,136.9107,8.5048,1.1594,0.0,False,False
6,258,1548021558,0,forward,0.4288,137.3395,8.4809,1.1527,0.0,False,False
6,259,1548021558,0,forward,0.6686,138.0081,8.4449,1.1527,0.0,False,False
6,260,1548021558,0,forward,0.5151,138.5232,8.4167,0.9515,0.0,False,False
6,261,964610217,0,forward,0.4996,139.0228,8.3892,1.1793,0.0,False,False
6,262,1548021558,0,forward,0.5478,139.5706,8.3593,1.1847,0.0,False,False
6,263,1548021558,0,forward,0.6681,140.2387,8.3234,1.1864,0.0,False,False
6,264,1548021558,0,forward,0.4124,140.6511,8.3003,1.1863,0.0,False,False
6,265,1548021558,0,forward,0.5486,141.1996,8.2703,1.1896,0.0,False,False
6,266,1548021558,0,forward,0.5485,141.7481,8.2404,1.2031,0.0,False,False
6,267,1548021558,0,forward,0.5485,142.2966,8.2105,1.2047,0.0,False,False
6,268,1548021558,0,forward,0.5484,142.8451,8.1806,1.3392,0.0,False,False
6,269,1548021558,0,forward,0.5484,143.3935,8.1507,1.5027,0.0,False,False
6,270,1548021558,0,forward,0.5485,143.942,8.1207,1.611,0.0,False,False
6,271,1548021558,0,forward,0.549,144.4911,8.0908,1.3187,0.0,False,False
6,272,1548021558,0,forward,0.4757,144.9668,8.0645,1.3187,0.0,False,False
6,273,1548021558,0,forward,0.5466,145.5134,8.0347,1.5345,0.0,False,False
6,274,1548021558,0,forward,0.4283,145.9417,8.0107,1.5345,0.0,False,False
6,275,1548021558,0,forward,0.5483,146.49,7.9808,1.5127,0.0,False,False
6,276,926291406,4,forward_right,0.6956,147.1856,7.9436,1.4883,0.0,False,False
6,277,926291406,4,forward_right,0.2855,147.4711,7.9268,1.454,0.0,False,False
6,278,926291406,4,forward_right,0.3701,147.8412,7.9058,1.4262,0.0,False,False
6,279,926291406,4,forward_right,0.3714,148.2126,7.8847,1.4026,0.0,False,False
6,280,926291406,4,forward_right,0.2639,148.4764,7.869,0.9383,0.0,False,False
6,281,926291406,4,forward_right,0.2825,148.7589,7.8524,1.3721,0.0,False,False
6,282,926291406,4,forward_right,0.4515,149.2104,7.8273,1.3679,0.0,False,False
6,283,926291406,4,forward_right,0.3592,149.5696,7.8068,1.3744,0.0,False,False
6,284,926291406,4,forward_right,0.3644,149.934,7.7861,1.3427,0.0,False,False
6,285,926291406,4,forward_right,0.3615,150.2956,7.7656,1.3355,0.0,False,False
6,286,926291406,4,forward_right,0.3587,150.6542,7.7451,1.3329,0.0,False,False
6,287,926291406,4,forward_right,0.3555,151.0097,7.7248,1.322,0.0,False,False
6,288,926291406,4,forward_right,0.2719,151.2816,7.7088,1.2913,0.0,False,False
6,289,926291406,4,forward_right,0.4286,151.7102,7.6848,1.285,0.0,False,False
6,290,926291406,4,forward_right,0.3452,152.0554,7.6651,1.2861,0.0,False,False
6,291,926291406,4,forward_right,0.1894,152.2448,7.6531,1.0444,0.0,False,False
6,292,1166997565,3,forward_left,0.3623,152.6071,7.6325,1.1936,0.0,False,False
6,293,926291406,4,forward_right,0.2976,152.9047,7.6151,1.2694,0.0,False,False
6,294,926291406,4,forward_right,0.3233,153.228,7.5964,1.2844,0.0,False,False
6,295,828879,1,turn_left,0.302,153.53,7.5763,1.2704,0.0,False,False
6,296,828879,1,turn_left,0.2329,153.7629,7.5597,1.2472,0.0,False,False
6,297,828879,1,turn_left,0.0238,153.7866,7.5535,1.2372,0.0,False,False
6,298,926291406,4,forward_right,0.0527,153.8393,7.5484,1.2181,0.0,False,False
6,299,926291406,4,forward_right,0.2463,154.0856,7.5336,1.0121,0.0,False,False
6,300,1309443777,2,turn_right,0.258,154.3436,7.5157,1.2086,0.0,False,False
6,301,828879,1,turn_left,-0.0104,154.3332,7.5112,1.2182,0.0,False,False
6,302,828879,1,turn_left,-0.1,154.2332,7.5107,1.1956,0.0,False,False
6,303,926291406,4,forward_right,0.0628,154.296,7.5051,1.2163,0.0,False,False
6,304,926291406,4,forward_right,0.401,154.697,7.4825,1.205,0.0,False,False
6,305,926291406,4,forward_right,0.3323,155.0293,7.4634,1.2058,0.0,False,False
6,306,828879,1,turn_left,0.116,155.1452,7.4526,1.1851,0.0,False,False
6,307,926291406,4,forward_right,-0.05,155.0952,7.4507,1.1816,0.0,False,False
6,308,926291406,4,forward_right,0.4152,155.5105,7.4275,1.1684,0.0,False,False
6,309,926291406,4,forward_right,0.1587,155.6692,7.417,0.9459,0.0,False,False
6,310,1406925816,4,forward_right,0.3793,156.0485,7.3956,1.1786,0.0,False,False
6,311,828879,1,turn_left,0.1869,156.2354,7.3812,1.1886,0.0,False,False
6,312,828879,1,turn_left,-0.1,156.1354,7.3812,1.1735,0.0,False,False
6,313,926291406,4,forward_right,-0.05,156.0854,7.3796,1.1445,0.0,False,False
6,314,926291406,4,forward_right,0.3205,156.4059,7.3611,1.1476,0.0,False,False
6,315,926291406,4,forward_right,0.2597,156.6656,7.3456,1.1489,0.0,False,False
6,316,926291406,4,forward_right,0.4079,157.0735,7.3227,1.1568,0.0,False,False
6,317,828879,1,turn_left,0.1149,157.1883,7.312,1.1589,0.0,False,False
6,318,828879,1,turn_left,-0.1,157.0883,7.312,1.1104,0.0,False,False
6,319,926291406,4,forward_right,-0.05,157.0383,7.312,1.0344,0.0,False,False
6,320,1166997565,3,forward_left,0.2125,157.2509,7.2989,1.1014,0.0,False,False
6,321,926291406,4,forward_right,0.2004,157.4513,7.2863,1.1091,0.0,False,False
6,322,926291406,4,forward_right,0.2512,157.7025,7.2713,1.0894,0.0,False,False
6,323,867707199,0,forward,0.3335,158.036,7.2521,1.0938,0.0,False,False
6,324,867707199,0,forward,0.4951,158.5311,7.2249,1.1095,0.0,False,False
6,325,926291406,4,forward_right,0.4106,158.9417,7.2018,1.1032,0.0,False,False
6,326,926291406,4,forward_right,0.3377,159.2794,7.1824,1.0934,0.0,False,False
6,327,867707199,0,forward,0.1984,159.4778,7.17,1.0934,0.0,False,False
6,328,867707199,0,forward,0.81,160.2877,7.127,1.071,0.0,False,False
6,329,1440968876,0,forward,0.3846,160.6723,7.1053,1.0782,0.0,False,False
6,330,1440968876,0,forward,0.3534,161.0258,7.0851,0.9408,0.0,False,False
6,331,57431672,0,forward,0.1992,161.2249,7.0727,0.9408,0.0,False,False
6,332,57431672,0,forward,0.5721,161.797,7.0416,1.0816,0.0,False,False
6,333,1440968876,0,forward,0.5958,162.3928,7.0093,1.0912,0.0,False,False
6,334,1440968876,0,forward,0.3814,162.7742,6.9877,1.0806,0.0,False,False
6,335,1440968876,0,forward,0.4888,163.263,6.9608,1.0732,0.0,False,False
6,336,1440968876,0,forward,0.3807,163.6436,6.9392,1.0894,0.0,False,False
6,337,1440968876,0,forward,0.5955,164.2391,6.907,1.092,0.0,False,False
6,338,1440968876,0,forward,0.4878,164.7269,6.8801,1.0682,0.0,False,False
6,339,828879,1,turn_left,0.2693,164.9963,6.8616,1.1048,0.0,False,False
6,340,828879,1,turn_left,-0.0474,164.9489,6.859,0.9563,0.0,False,False
6,341,1904866102,4,forward_right,0.0781,165.0269,6.8526,1.1046,0.0,False,False
6,342,926291406,4,forward_right,0.3922,165.4191,6.8305,1.0811,0.0,False,False
6,343,867707199,0,forward,0.5053,165.9245,6.8027,1.0957,0.0,False,False
6,344,1440968876,0,forward,0.3843,166.3088,6.781,1.0916,0.0,False,False
6,345,1440968876,0,forward,0.3839,166.6927,6.7593,1.1085,0.0,False,False
6,346,828879,1,turn_left,0.4951,167.1878,6.7295,1.1258,0.0,False,False
6,347,828879,1,turn_left,0.2578,167.4456,6.7116,1.139,0.0,False,False
6,348,828879,1,turn_left,-0.0104,167.4351,6.7072,1.1633,0.0,False,False
6,349,926291406,4,forward_right,0.1601,167.5953,6.6966,0.9469,0.0,False,False
6,350,1406925816,4,forward_right,0.3012,167.8965,6.6791,1.1537,0.0,False,False
6,351,828879,1,turn_left,0.0967,167.9932,6.6693,1.1765,0.0,False,False
6,352,828879,1,turn_left,-0.1,167.8932,6.6678,1.1711,0.0,False,False
6,353,926291406,4,forward_right,0.0612,167.9544,6.6622,1.1459,0.0,False,False
6,354,926291406,4,forward_right,0.3417,168.2961,6.6426,1.1647,0.0,False,False
6,355,926291406,4,forward_right,0.2497,168.5458,6.6277,0.9481,0.0,False,False
6,356,1406925816,4,forward_right,0.3289,168.8746,6.6087,1.1857,0.0,False,False
6,357,828879,1,turn_left,0.2082,169.0828,6.5933,1.1989,0.0,False,False
6,358,828879,1,turn_left,-0.1,168.9828,6.5933,1.2071,0.0,False,False
6,359,926291406,4,forward_right,0.0668,169.0497,6.5874,1.163,0.0,False,False
6,360,926291406,4,forward_right,0.4132,169.4629,6.5642,1.1761,0.0,False,False
6,361,926291406,4,forward_right,0.2536,169.7165,6.5491,1.1953,0.0,False,False
6,362,828879,1,turn_left,0.2082,169.9247,6.5337,1.2256,0.0,False,False
6,363,828879,1,turn_left,-0.1,169.8247,6.5338,1.2236,0.0,False,False
6,364,926291406,4,forward_right,0.1385,169.9633,6.5244,1.1985,0.0,False,False
6,365,926291406,4,forward_right,0.3373,170.3005,6.505,0.9812,0.0,False,False
6,366,1309443777,2,turn_right,0.2408,170.5413,6.488,1.0071,0.0,False,False
6,367,1309443777,2,turn_right,0.0106,170.5519,6.4825,0.9796,0.0,False,False
6,368,1406925816,4,forward_right,0.0856,170.6375,6.4757,1.0426,0.0,False,False
6,369,587486767,5,stop,0.2244,170.8619,6.462,1.2284,0.0,False,False
6,370,828879,1,turn_left,0.0859,170.9478,6.4527,1.2571,0.0,False,False
6,371,828879,1,turn_left,-0.0152,170.9326,6.4484,1.0075,0.0,False,False
6,372,645740840,5,stop,0.0088,170.9414,6.4455,1.0816,0.0,False,False
6,373,587486767,5,stop,0.0359,170.9772,6.4412,1.2761,0.0,False,False
6,374,828879,1,turn_left,-0.1,170.8772,6.4412,1.2618,0.0,False,False
6,375,828879,1,turn_left,-0.1,170.7772,6.4396,1.2726,0.0,False,False
6,376,926291406,4,forward_right,0.0367,170.8139,6.4353,1.1075,0.0,False,False
6,377,926291406,4,forward_right,0.4144,171.2283,6.412,1.1659,0.0,False,False
6,378,926291406,4,forward_right,0.3321,171.5604,6.3929,1.1929,0.0,False,False
6,379,828879,1,turn_left,0.0878,171.6482,6.3835,1.0114,0.0,False,False
6,380,1406925816,4,forward_right,0.0175,171.6656,6.3802,1.0693,0.0,False,False
6,381,1166997565,3,forward_left,0.1935,171.8592,6.368,1.2744,0.0,False,False
6,382,926291406,4,forward_right,0.1041,171.9633,6.3603,1.2567,0.0,False,False
6,383,926291406,4,forward_right,0.245,172.2082,6.3455,1.2553,0.0,False,False
6,384,926291406,4,forward_right,0.3329,172.5411,6.3264,1.27,0.0,False,False
6,385,926291406,4,forward_right,0.4155,172.9566,6.3031,1.2708,0.0,False,False
6,386,926291406,4,forward_right,0.1794,173.136,6.2917,1.2905,0.0,False,False
6,387,828879,1,turn_left,0.2485,173.3845,6.2742,1.3198,0.0,False,False
6,388,828879,1,turn_left,-0.1,173.2845,6.2745,1.3032,0.0,False,False
6,389,926291406,4,forward_right,-0.05,173.2345,6.2725,0.9222,0.0,False,False
6,390,1309443777,2,turn_right,0.091,173.3256,6.263,1.3022,0.0,False,False
6,391,926291406,4,forward_right,0.1952,173.5208,6.2507,1.2886,0.0,False,False
6,392,926291406,4,forward_right,0.2938,173.8146,6.2335,1.2966,0.0,False,False
6,393,926291406,4,forward_right,0.2966,174.1112,6.2162,1.3102,0.0,False,False
6,394,926291406,4,forward_right,0.3376,174.4488,6.1968,1.3291,0.0,False,False
6,395,926291406,4,forward_right,0.256,174.7048,6.1815,1.3331,0.0,False,False
6,396,828879,1,turn_left,0.2018,174.9066,6.1664,1.3625,0.0,False,False
6,397,828879,1,turn_left,-0.1,174.8066,6.1662,1.344,0.0,False,False
6,398,926291406,4,forward_right,-0.05,174.7566,6.1662,1.0011,0.0,False,False
6,399,1309443777,2,turn_right,0.2676,175.0243,6.1478,1.3387,0.0,False,False
6,400,926291406,4,forward_right,0.1329,175.1572,6.1387,1.3637,0.0,False,False
6,401,828879,1,turn_left,0.1908,175.3479,6.1242,1.3832,0.0,False,False
6,402,926291406,4,forward_right,-0.05,175.2979,6.1241,1.3547,0.0,False,False
6,403,926291406,4,forward_right,0.2995,175.5974,6.1067,1.3473,0.0,False,False
6,404,926291406,4,forward_right,0.26,175.8574,6.0912,1.3456,0.0,False,False
6,405,926291406,4,forward_right,0.3326,176.19,6.072,1.3919,0.0,False,False
6,406,828879,1,turn_left,0.123,176.313,6.0609,1.4035,0.0,False,False
6,407,828879,1,turn_left,-0.1,176.213,6.0614,0.9674,0.0,False,False
6,408,1309443777,2,turn_right,-0.0582,176.1548,6.0593,1.2649,0.0,False,False
6,409,926291406,4,forward_right,-0.05,176.1048,6.0587,1.3921,0.0,False,False
6,410,926291406,4,forward_right,0.2745,176.3793,6.0425,1.3925,0.0,False,False
6,411,926291406,4,forward_right,0.2536,176.6329,6.0273,1.4139,0.0,False,False
6,412,828879,1,turn_left,0.1565,176.7894,6.0145,1.4185,0.0,False,False
6,413,828879,1,turn_left,-0.1,176.6894,6.0147,1.4008,0.0,False,False
6,414,926291406,4,forward_right,0.0477,176.7371,6.0098,1.0081,0.0,False,False
6,415,1889449069,4,forward_right,0.2644,177.0016,5.9941,1.4039,0.0,False,False
6,416,926291406,4,forward_right,0.3385,177.3401,5.9746,1.4235,0.0,False,False
6,417,926291406,4,forward_right,0.3919,177.732,5.9525,1.4339,0.0,False,False
6,418,828879,1,turn_left,0.1256,177.8576,5.9413,1.455,0.0,False,False
6,419,828879,1,turn_left,-0.1,177.7576,5.9413,1.4215,0.0,False,False
6,420,926291406,4,forward_right,-0.05,177.7076,5.9399,0.9617,0.0,False,False
6,421,1309443777,2,turn_right,0.2461,177.9538,5.9226,1.4308,0.0,False,False
6,422,926291406,4,forward_right,0.1581,178.1118,5.9122,1.4254,0.0,False,False
6,423,926291406,4,forward_right,0.2938,178.4056,5.895,1.4365,0.0,False,False
6,424,926291406,4,forward_right,0.2538,178.6594,5.8798,1.4589,0.0,False,False
6,425,828879,1,turn_left,0.2042,178.8637,5.8646,1.4736,0.0,False,False
6,426,828879,1,turn_left,-0.1,178.7637,5.8648,1.4546,0.0,False,False
6,427,926291406,4,forward_right,0.0234,178.7871,5.8611,0.992,0.0,False,False
6,428,1309443777,2,turn_right,0.1419,178.929,5.849,1.4397,0.0,False,False
6,429,926291406,4,forward_right,0.0985,179.0276,5.8416,1.458,0.0,False,False
6,430,926291406,4,forward_right,0.2985,179.3261,5.8241,1.462,0.0,False,False
6,431,828879,1,turn_left,0.1211,179.4472,5.8131,1.4828,0.0,False,False
6,432,828879,1,turn_left,-0.1,179.3472,5.8129,1.4816,0.0,False,False
6,433,926291406,4,forward_right,0.0956,179.4428,5.8056,0.9526,0.0,False,False
6,434,1309443777,2,turn_right,0.117,179.5598,5.7947,1.4675,0.0,False,False
6,435,926291406,4,forward_right,0.2064,179.7662,5.7819,1.4665,0.0,False,False
6,436,926291406,4,forward_right,0.3402,180.1064,5.7624,1.4845,0.0,False,False
6,437,926291406,4,forward_right,0.3127,180.4191,5.7443,1.5029,0.0,False,False
6,438,926291406,4,forward_right,0.2525,180.6716,5.7291,1.5029,0.0,False,False
6,439,828879,1,turn_left,0.328,180.9996,5.7077,1.5367,0.0,False,False
6,440,828879,1,turn_left,-0.1,180.8996,5.7068,1.5345,0.0,False,False
6,441,926291406,4,forward_right,0.142,181.0416,5.6972,1.0112,0.0,False,False
6,442,1166997565,3,forward_left,0.2146,181.2561,5.684,1.2299,0.0,False,False
6,443,926291406,4,forward_right,0.2957,181.5518,5.6667,1.2299,0.0,False,False
6,444,926291406,4,forward_right,0.2548,181.8067,5.6515,1.5389,0.0,False,False
6,445,828879,1,turn_left,0.1729,181.9796,5.6378,1.5308,0.0,False,False
6,446,828879,1,turn_left,-0.1,181.8796,5.6377,1.5424,0.0,False,False
6,447,926291406,4,forward_right,-0.05,181.8296,5.6371,1.5424,0.0,False,False
6,448,1309443777,2,turn_right,0.1976,182.0272,5.6222,1.5192,0.0,False,False
6,449,926291406,4,forward_right,0.1849,182.2121,5.6105,1.5188,0.0,False,False
6,450,926291406,4,forward_right,0.2473,182.4594,5.5956,1.5312,0.0,False,False
6,451,926291406,4,forward_right,0.2559,182.7153,5.5803,1.5589,0.0,False,False
6,452,926291406,4,forward_right,0.3294,183.0447,5.5614,1.5589,0.0,False,False
6,453,828879,1,turn_left,0.1344,183.179,5.5496,1.5823,0.0,False,False
6,454,828879,1,turn_left,-0.1,183.079,5.5499,1.5776,0.0,False,False
6,455,1166997565,3,forward_left,0.1261,183.2051,5.5411,1.083,0.0,False,False
6,456,926291406,4,forward_right,0.2099,183.415,5.5281,1.3902,0.0,False,False
6,457,926291406,4,forward_right,0.2769,183.6919,5.5118,1.5566,0.0,False,False
6,458,926291406,4,forward_right,0.3251,184.017,5.493,1.575,0.0,False,False
6,459,926291406,4,forward_right,0.3302,184.3473,5.474,1.5762,0.0,False,False
6,460,828879,1,turn_left,0.1349,184.4822,5.4623,1.6044,0.0,False,False
6,461,828879,1,turn_left,-0.1,184.3822,5.4625,1.5946,0.0,False,False
6,462,926291406,4,forward_right,-0.0068,184.3755,5.4603,1.1002,0.0,False,False
6,463,926291406,4,forward_right,0.3427,184.7182,5.4407,1.2492,0.0,False,False
6,464,926291406,4,forward_right,0.2882,185.0064,5.4238,1.6009,0.0,False,False
6,465,926291406,4,forward_right,0.331,185.3373,5.4047,1.6154,0.0,False,False
6,466,828879,1,turn_left,0.2112,185.5485,5.3892,1.6154,0.0,False,False
6,467,828879,1,turn_left,-0.1,185.4485,5.3893,1.6302,0.0,False,False
6,468,926291406,4,forward_right,-0.05,185.3985,5.3888,1.4144,0.0,False,False
6,469,926291406,4,forward_right,0.3502,185.7487,5.3688,1.0998,0.0,False,False
6,470,1166997565,3,forward_left,0.2861,186.0349,5.352,1.6125,0.0,False,False
6,471,926291406,4,forward_right,0.3006,186.3355,5.3344,1.6177,0.0,False,False
6,472,926291406,4,forward_right,0.3104,186.6459,5.3164,1.6188,0.0,False,False
6,473,926291406,4,forward_right,0.3345,186.9804,5.2972,1.6366,0.0,False,False
6,474,926291406,4,forward_right,0.3287,187.3091,5.2783,1.6405,0.0,False,False
6,475,828879,1,turn_left,0.0588,187.368,5.2703,1.6709,0.0,False,False
6,476,828879,1,turn_left,-0.1,187.268,5.2702,0.9422,0.0,False,False
6,477,1309443777,2,turn_right,-0.0075,187.2605,5.2655,1.2257,0.0,False,False
6,478,926291406,4,forward_right,-0.05,187.2105,5.2655,1.2257,0.0,False,False
6,479,926291406,4,forward_right,0.2111,187.4216,5.2525,1.6375,0.0,False,False
6,480,926291406,4,forward_right,0.249,187.6706,5.2375,1.651,0.0,False,False
6,481,926291406,4,forward_right,0.3039,187.9745,5.2198,1.6528,0.0,False,False
6,482,926291406,4,forward_right,0.3263,188.3008,5.201,1.6654,0.0,False,False
6,483,828879,1,turn_left,0.1429,188.4437,5.1889,1.697,0.0,False,False
6,484,828879,1,turn_left,-0.1,188.3437,5.1891,1.6836,0.0,False,False
6,485,926291406,4,forward_right,0.0338,188.3775,5.1849,1.1164,0.0,False,False
6,486,926291406,4,forward_right,0.3344,188.7119,5.1657,1.442,0.0,False,False
6,487,926291406,4,forward_right,0.2781,188.9899,5.1493,1.6773,0.0,False,False
6,488,926291406,4,forward_right,0.325,189.3149,5.1305,1.6988,0.0,False,False
6,489,828879,1,turn_left,0.1507,189.4656,5.118,1.7097,0.0,False,False
6,490,828879,1,turn_left,-0.1,189.3656,5.1181,1.7028,0.0,False,False
6,491,926291406,4,forward_right,0.0511,189.4167,5.1131,1.0838,0.0,False,False
6,492,1166997565,3,forward_left,0.3292,189.7459,5.0941,1.2488,0.0,False,False
6,493,926291406,4,forward_right,0.3186,190.0645,5.0757,1.7027,0.0,False,False
6,494,926291406,4,forward_right,0.252,190.3165,5.0606,1.7029,0.0,False,False
6,495,926291406,4,forward_right,0.3867,190.7032,5.0388,1.7098,0.0,False,False
6,496,828879,1,turn_left,0.0775,190.7807,5.0299,1.725,0.0,False,False
6,497,926291406,4,forward_right,0.2215,191.0022,5.0163,1.7265,0.0,False,False
6,498,926291406,4,forward_right,0.332,191.3343,4.9972,1.723,0.0,False,False
6,499,828879,1,turn_left,0.0794,191.4136,4.9882,1.2149,0.0,False,False
6,500,828879,1,turn_left,0.0407,191.4544,4.9812,1.1494,0.0,False,False
6,501,828879,1,turn_left,-0.1,191.3544,4.9815,1.7343,0.0,False,False
6,502,926291406,4,forward_right,0.2252,191.5796,4.9677,1.7233,0.0,False,False
6,503,926291406,4,forward_right,0.2152,191.7948,4.9544,1.7388,0.0,False,False
6,504,926291406,4,forward_right,0.3339,192.1287,4.9352,1.7466,0.0,False,False
6,505,926291406,4,forward_right,0.3279,192.4566,4.9164,1.7667,0.0,False,False
6,506,828879,1,turn_left,0.1378,192.5945,4.9045,1.776,0.0,False,False
6,507,828879,1,turn_left,-0.1,192.4945,4.9051,1.5884,0.0,False,False
6,508,926291406,4,forward_right,0.2025,192.697,4.8924,0.9574,0.0,False,False
6,509,1309443777,2,turn_right,0.2073,192.9043,4.8771,1.7534,0.0,False,False
6,510,926291406,4,forward_right,0.1865,193.0908,4.8652,1.7543,0.0,False,False
6,511,926291406,4,forward_right,0.3157,193.4065,4.847,1.7757,0.0,False,False
6,512,828879,1,turn_left,0.1437,193.5502,4.8348,1.785,0.0,False,False
6,513,828879,1,turn_left,-0.1,193.4502,4.835,1.7931,0.0,False,False
6,514,926291406,4,forward_right,0.1278,193.578,4.8261,1.0859,0.0,False,False
6,515,1166997565,3,forward_left,0.372,193.95,4.805,1.124,0.0,False,False
6,516,926291406,4,forward_right,0.2348,194.1848,4.7907,1.4034,0.0,False,False
6,517,926291406,4,forward_right,0.3066,194.4914,4.7729,1.5332,0.0,False,False
6,518,926291406,4,forward_right,0.3395,194.8309,4.7534,1.525,0.0,False,False
6,519,926291406,4,forward_right,0.3347,195.1656,4.7342,1.3567,0.0,False,False
6,520,828879,1,turn_left,0.1452,195.3107,4.7219,1.0332,0.0,False,False
6,521,587486767,5,stop,0.1508,195.4616,4.7119,1.1056,0.0,False,False
6,522,828879,1,turn_left,0.1195,195.5811,4.7009,1.8145,0.0,False,False
6,523,828879,1,turn_left,-0.035,195.5461,4.6977,1.8363,0.0,False,False
6,524,926291406,4,forward_right,0.1635,195.7096,4.687,1.8092,0.0,False,False
6,525,828879,1,turn_left,0.0488,195.7584,4.6796,1.81,0.0,False,False
6,526,926291406,4,forward_right,0.2203,195.9787,4.666,1.8089,0.0,False,False
6,527,926291406,4,forward_right,0.3356,196.3143,4.6468,1.818,0.0,False,False
6,528,828879,1,turn_left,0.0466,196.3609,4.6394,1.3698,0.0,False,False
6,529,926291406,4,forward_right,0.196,196.5569,4.6271,1.04,0.0,False,False
6,530,587486767,5,stop,0.1548,196.7117,4.6169,1.8389,0.0,False,False
6,531,828879,1,turn_left,0.0212,196.7328,4.6108,1.8434,0.0,False,False
6,532,926291406,4,forward_right,0.1543,196.8871,4.6006,1.8176,0.0,False,False
6,533,926291406,4,forward_right,0.3312,197.2182,4.5816,1.8308,0.0,False,False
6,534,828879,1,turn_left,0.1051,197.3234,4.5713,1.8605,0.0,False,False
6,535,828879,1,turn_left,-0.1,197.2234,4.5714,1.8372,0.0,False,False
6,536,926291406,4,forward_right,0.0977,197.321,4.564,0.9748,0.0,False,False
6,537,1309443777,2,turn_right,0.1073,197.4283,4.5536,1.3907,0.0,False,False
6,538,926291406,4,forward_right,0.1161,197.5444,4.5453,1.7294,0.0,False,False
6,539,926291406,4,forward_right,0.2602,197.8046,4.5298,1.8401,0.0,False,False
6,540,926291406,4,forward_right,0.342,198.1466,4.5102,1.8323,0.0,False,False
6,541,926291406,4,forward_right,0.3273,198.4739,4.4914,1.8629,0.0,False,False
6,542,926291406,4,forward_right,0.3301,198.804,4.4723,1.8493,0.0,False,False
6,543,828879,1,turn_left,0.0482,198.8522,4.4649,3.7075,0.0,False,False
6,544,926291406,4,forward_right,0.1442,198.9963,4.4552,1.8688,0.0,False,False
6,545,926291406,4,forward_right,0.3362,199.3325,4.4359,1.3725,0.0,False,False
6,546,828879,1,turn_left,0.0393,199.3719,4.429,0.9533,0.0,False,False
6,547,1406925816,4,forward_right,0.2126,199.5845,4.4158,1.2067,0.0,False,False
6,548,828879,1,turn_left,0.055,199.6395,4.4081,3.6951,0.0,False,False
6,549,926291406,4,forward_right,0.1317,199.7712,4.399,1.8861,0.0,False,False
6,550,926291406,4,forward_right,0.334,200.1053,4.3798,1.8878,0.0,False,False
6,551,926291406,4,forward_right,0.3285,200.4338,4.3609,3.6509,0.0,False,False
6,552,828879,1,turn_left,0.0571,200.4909,4.353,3.6412,0.0,False,False
6,553,828879,1,turn_left,-0.1,200.3909,4.3532,1.5983,0.0,False,False
6,554,926291406,4,forward_right,0.1496,200.5406,4.3432,0.9625,0.0,False,False
6,555,1309443777,2,turn_right,0.2104,200.751,4.3277,1.9082,0.0,False,False
6,556,926291406,4,forward_right,0.1504,200.9014,4.3177,2.4145,0.0,False,False
6,557,926291406,4,forward_right,0.3176,201.219,4.2993,3.6251,0.0,False,False
6,558,828879,1,turn_left,0.0582,201.2772,4.2914,3.6004,0.0,False,False
6,559,926291406,4,forward_right,0.225,201.5022,4.2777,2.3734,0.0,False,False
6,560,926291406,4,forward_right,0.3334,201.8356,4.2585,1.888,0.0,False,False
6,561,828879,1,turn_left,0.0568,201.8924,4.2506,1.2719,0.0,False,False
6,562,926291406,4,forward_right,0.199,202.0914,4.2382,1.0895,0.0,False,False
6,563,587486767,5,stop,0.2143,202.3057,4.225,3.5661,0.0,False,False
6,564,828879,1,turn_left,0.0428,202.3485,4.2178,3.5816,0.0,False,False
6,565,828879,1,turn_left,-0.1,202.2485,4.2173,3.5915,0.0,False,False
6,566,926291406,4,forward_right,0.2121,202.4606,4.2042,3.5909,0.0,False,False
6,567,926291406,4,forward_right,0.3357,202.7963,4.1849,3.5803,0.0,False,False
6,568,926291406,4,forward_right,0.3294,203.1257,4.1659,3.5489,0.0,False,False
6,569,828879,1,turn_left,0.0401,203.1658,4.1589,3.5412,0.0,False,False
6,570,926291406,4,forward_right,0.1342,203.3,4.1497,2.4273,0.0,False,False
6,571,926291406,4,forward_right,0.3355,203.6355,4.1305,2.1014,0.0,False,False
6,572,828879,1,turn_left,0.0392,203.6746,4.1235,1.516,0.0,False,False
6,573,926291406,4,forward_right,0.1572,203.8318,4.1131,1.0136,0.0,False,False
6,574,1309443777,2,turn_right,0.1348,203.9666,4.1014,2.4477,0.0,False,False
6,575,926291406,4,forward_right,0.1699,204.1364,4.0904,3.5266,0.0,False,False
6,576,926291406,4,forward_right,0.2122,204.3486,4.0773,3.5053,0.0,False,False
6,577,828879,1,turn_left,0.1343,204.4829,4.0656,3.5196,0.0,False,False
6,578,926291406,4,forward_right,0.146,204.6289,4.0558,1.9307,0.0,False,False
6,579,926291406,4,forward_right,0.3373,204.9662,4.0364,1.4651,0.0,False,False
6,580,926291406,4,forward_right,0.3053,205.2716,4.0186,1.05,0.0,False,False
6,581,587486767,5,stop,0.2144,205.4859,4.0054,1.1968,0.0,False,False
6,582,828879,1,turn_left,0.0723,205.5582,3.9968,1.5426,0.0,False,False
6,583,828879,1,turn_left,-0.1,205.4582,3.9971,1.2947,0.0,False,False
6,584,926291406,4,forward_right,0.2148,205.673,3.9839,0.9998,0.0,False,False
6,585,1309443777,2,turn_right,0.1512,205.8242,3.9713,0.9749,0.0,False,False
6,586,1309443777,2,turn_right,-0.0339,205.7904,3.968,0.9609,0.0,False,False
6,587,1406925816,4,forward_right,0.1379,205.9283,3.9586,1.0295,0.0,False,False
6,588,587486767,5,stop,0.2128,206.1411,3.9455,1.3719,0.0,False,False
6,589,828879,1,turn_left,0.0941,206.2352,3.9358,1.4133,0.0,False,False
6,590,828879,1,turn_left,-0.1,206.1352,3.9348,1.064,0.0,False,False
6,591,587486767,5,stop,0.0139,206.1491,3.9316,1.092,0.0,False,False
6,592,1166997565,3,forward_left,0.1604,206.3096,3.9211,1.4544,0.0,False,False
6,593,926291406,4,forward_right,0.3052,206.6148,3.9034,2.395,0.0,False,False
6,594,926291406,4,forward_right,0.3294,206.9442,3.8844,3.4288,0.0,False,False
6,595,828879,1,turn_left,0.1023,207.0465,3.8743,3.414,0.0,False,False
6,596,828879,1,turn_left,-0.1,206.9465,3.8745,2.342,0.0,False,False
6,597,926291406,4,forward_right,0.2218,207.1683,3.8609,1.1088,0.0,False,False
6,598,926291406,4,forward_right,0.3184,207.4867,3.8424,1.0256,0.0,False,False
6,599,1166997565,3,forward_left,0.2618,207.7485,3.8269,1.2786,0.0,False,False
6,600,926291406,4,forward_right,0.2826,208.0311,3.8102,1.3143,0.0,False,False
6,601,926291406,4,forward_right,0.3354,208.3665,3.791,1.226,0.0,False,False
6,602,828879,1,turn_left,0.1382,208.5047,3.779,1.0197,0.0,False,False
6,603,645740840,5,stop,0.1753,208.68,3.7678,1.2458,0.0,False,False
6,604,828879,1,turn_left,0.0769,208.7569,3.7589,1.9429,0.0,False,False
6,605,828879,1,turn_left,-0.1,208.6569,3.7583,2.2129,0.0,False,False
6,606,926291406,4,forward_right,0.2112,208.868,3.7452,2.0078,0.0,False,False
6,607,926291406,4,forward_right,0.3378,209.2058,3.7258,3.3826,0.0,False,False
6,608,926291406,4,forward_right,0.3298,209.5356,3.7068,3.3852,0.0,False,False
6,609,828879,1,turn_left,0.1112,209.6468,3.6963,3.347,0.0,False,False
6,610,828879,1,turn_left,-0.1,209.5468,3.6961,2.2144,0.0,False,False
6,611,926291406,4,forward_right,0.2022,209.7489,3.6835,1.0431,0.0,False,False
6,612,1166997565,3,forward_left,0.2257,209.9746,3.6697,1.0513,0.0,False,False
6,613,1166997565,3,forward_left,0.2969,210.2715,3.6524,1.1126,0.0,False,False
6,614,926291406,4,forward_right,0.3304,210.602,3.6334,1.1437,0.0,False,False
6,615,926291406,4,forward_right,0.3121,210.9141,3.6153,1.0039,0.0,False,False
6,616,1309443777,2,turn_right,0.2515,211.1656,3.5977,1.154,0.0,False,False
6,617,926291406,4,forward_right,0.2381,211.4037,3.5833,1.2062,0.0,False,False
6,618,926291406,4,forward_right,0.3259,211.7297,3.5645,1.1514,0.0,False,False
6,619,926291406,4,forward_right,0.3217,212.0513,3.5459,1.0295,0.0,False,False
6,620,867743375,3,forward_left,0.2971,212.3484,3.5285,1.1057,0.0,False,False
6,621,828879,1,turn_left,0.2265,212.5749,3.5122,1.4041,0.0,False,False
6,622,828879,1,turn_left,0.1,212.6748,3.5022,1.3457,0.0,False,False
6,623,828879,1,turn_left,-0.1,212.5748,3.5019,0.9692,0.0,False,False
6,624,1309443777,2,turn_right,0.0532,212.628,3.4943,1.0412,0.0,False,False
6,625,1263078535,3,forward_left,0.2218,212.8498,3.4807,1.1463,0.0,False,False
6,626,2095099663,0,forward,0.2631,213.1129,3.465,1.4274,0.0,False,False
6,627,2095099663,0,forward,0.3422,213.4551,3.4454,1.5046,0.0,False,False
6,628,2095099663,0,forward,0.4601,213.9153,3.4199,1.7147,0.0,False,False
6,629,2095099663,0,forward,0.5017,214.4169,3.3923,2.1183,0.0,False,False
6,630,2095099663,0,forward,0.501,214.9179,3.3648,2.2916,0.0,False,False
6,631,2095099663,0,forward,0.5002,215.4181,3.3373,2.1296,0.0,False,False
6,632,2095099663,0,forward,0.4995,215.9177,3.3098,1.7429,0.0,False,False
6,633,2095099663,0,forward,0.4992,216.4169,3.2823,1.2892,0.0,False,False
6,634,2095099663,0,forward,0.4483,216.8651,3.2574,0.9659,0.0,False,False
6,635,1341840061,1,turn_left,0.3633,217.2285,3.2343,1.4512,0.0,False,False
6,636,2095099663,0,forward,0.3771,217.6055,3.2129,1.7556,0.0,False,False
6,637,1508107506,3,forward_left,0.3788,217.9843,3.1915,2.0734,0.0,False,False
6,638,1508107506,3,forward_left,0.3297,218.314,3.1725,1.7508,0.0,False,False
6,639,2095099663,0,forward,0.4588,218.7728,3.147,1.4065,0.0,False,False
6,640,2095099663,0,forward,0.5003,219.2731,3.1195,1.2417,0.0,False,False
6,641,2095099663,0,forward,0.4666,219.7397,3.0937,0.9455,0.0,False,False
6,642,1341840061,1,turn_left,0.3813,220.121,3.0696,1.2295,0.0,False,False
6,643,2095099663,0,forward,0.4022,220.5232,3.047,1.3689,0.0,False,False
6,644,2095099663,0,forward,0.488,221.0112,3.0201,1.4911,0.0,False,False
6,645,1508107506,3,forward_left,0.4201,221.4313,2.9966,1.4858,0.0,False,False
6,646,2095099663,0,forward,0.4545,221.8858,2.9714,1.0875,0.0,False,False
6,647,1263078535,3,forward_left,0.3641,222.2499,2.9507,1.0091,0.0,False,False
6,648,1341840061,1,turn_left,0.3248,222.5747,2.9295,0.994,0.0,False,False
6,649,1341840061,1,turn_left,0.2516,222.8264,2.9119,0.9754,0.0,False,False
6,650,1341840061,1,turn_left,0.0377,222.8641,2.905,0.9779,0.0,False,False
6,651,1341840061,1,turn_left,-0.1,222.7641,2.9054,0.9654,0.0,False,False
6,652,1341840061,1,turn_left,-0.1,222.6641,2.9057,0.9622,0.0,False,False
6,653,1341840061,1,turn_left,-0.1,222.5641,2.906,0.9683,0.0,False,False
6,654,1341840061,1,turn_left,-0.1,222.4641,2.9063,0.9641,0.0,False,False
6,655,1341840061,1,turn_left,-0.1,222.3641,2.9064,0.9696,0.0,False,False
6,656,1341840061,1,turn_left,-0.1,222.2641,2.9065,0.9612,0.0,False,False
6,657,1341840061,1,turn_left,-0.1,222.1641,2.9064,0.9596,0.0,False,False
6,658,1341840061,1,turn_left,-0.1,222.0641,2.9063,0.9623,0.0,False,False
6,659,1341840061,1,turn_left,-0.1,221.9641,2.906,0.9735,0.0,False,False
6,660,1341840061,1,turn_left,-0.1,221.8641,2.9057,0.9642,0.0,False,False
6,661,1341840061,1,turn_left,-0.1,221.7641,2.9053,0.9591,0.0,False,False
6,662,1341840061,1,turn_left,-0.1,221.6641,2.9049,0.9659,0.0,False,False
6,663,628034558,2,turn_right,0.0648,221.7289,2.8967,1.0382,0.0,False,False
6,664,1735607660,2,turn_right,-0.1,221.6289,2.8968,1.0902,0.0,False,False
6,665,1263078535,3,forward_left,0.1395,221.7684,2.8874,0.9946,0.0,False,False
6,666,1341840061,1,turn_left,0.1455,221.9139,2.8751,1.5021,0.0,False,False
6,667,2095099663,0,forward,0.2006,222.1145,2.8626,1.7487,0.0,False,False
6,668,2095099663,0,forward,0.313,222.4275,2.8444,2.1885,0.0,False,False
6,669,2095099663,0,forward,0.4283,222.8558,2.8205,2.5448,0.0,False,False
6,670,775643194,4,forward_right,0.4351,223.2909,2.7962,2.5406,0.0,False,False
6,671,775643194,4,forward_right,0.3311,223.622,2.7772,2.554,0.0,False,False
6,672,2095099663,0,forward,0.4495,224.0715,2.7522,2.5279,0.0,False,False
6,673,2095099663,0,forward,0.4987,224.5702,2.7248,2.5508,0.0,False,False
6,674,2095099663,0,forward,0.4975,225.0678,2.6974,2.536,0.0,False,False
6,675,2095099663,0,forward,0.4964,225.5642,2.6701,2.5505,0.0,False,False
6,676,2095099663,0,forward,0.4952,226.0594,2.6428,2.5432,0.0,False,False
6,677,2095099663,0,forward,0.494,226.5534,2.6156,2.5471,0.0,False,False
6,678,775643194,4,forward_right,0.4037,226.9571,2.5929,2.5521,0.0,False,False
6,679,2095099663,0,forward,0.4484,227.4055,2.568,1.4292,0.0,False,False
6,680,2095099663,0,forward,0.2659,227.6714,2.5522,0.9786,0.0,False,False
6,681,1341840061,1,turn_left,0.3056,227.977,2.5319,1.6445,0.0,False,False
6,682,2095099663,0,forward,0.2754,228.2524,2.5157,2.553,0.0,False,False
6,683,2095099663,0,forward,0.4881,228.7405,2.4888,2.5767,0.0,False,False
6,684,2095099663,0,forward,0.4963,229.2369,2.4614,2.5857,0.0,False,False
6,685,2095099663,0,forward,0.4951,229.732,2.4342,2.5742,0.0,False,False
6,686,2095099663,0,forward,0.4938,230.2258,2.407,2.5871,0.0,False,False
6,687,775643194,4,forward_right,0.4415,230.6672,2.3824,2.5709,0.0,False,False
6,688,2095099663,0,forward,0.4439,231.1111,2.3577,2.0896,0.0,False,False
6,689,2095099663,0,forward,0.4954,231.6065,2.3305,1.3763,0.0,False,False
6,690,2095099663,0,forward,0.2139,231.8204,2.3173,0.9207,0.0,False,False
6,691,628034558,2,turn_right,0.358,232.1784,2.2944,2.0415,0.0,False,False
6,692,775643194,4,forward_right,0.2529,232.4312,2.2792,2.6313,0.0,False,False
6,693,2095099663,0,forward,0.4178,232.8491,2.2558,2.6757,0.0,False,False
6,694,2095099663,0,forward,0.5003,233.3494,2.2283,2.7036,0.0,False,False
6,695,2095099663,0,forward,0.4988,233.8482,2.2009,2.7391,0.0,False,False
6,696,2095099663,0,forward,0.4974,234.3456,2.1735,2.7462,0.0,False,False
6,697,2095099663,0,forward,0.496,234.8416,2.1462,2.7928,0.0,False,False
6,698,2095099663,0,forward,0.4945,235.3362,2.119,2.8181,0.0,False,False
6,699,775643194,4,forward_right,0.3748,235.7109,2.0977,2.1704,0.0,False,False
6,700,2095099663,0,forward,0.4239,236.1348,2.074,1.116,0.0,False,False
6,701,2095099663,0,forward,0.1849,236.3197,2.0623,1.0074,0.0,False,False
6,702,1341840061,1,turn_left,0.324,236.6436,2.0411,3.0442,0.0,False,False
6,703,2095099663,0,forward,0.2824,236.9261,2.0245,3.1299,0.0,False,False
6,704,2095099663,0,forward,0.5096,237.4357,1.9965,4.2829,0.0,False,False
6,705,2095099663,0,forward,0.51,237.9457,1.9685,4.3058,0.0,False,False
6,706,2095099663,0,forward,0.5088,238.4544,1.9406,4.3169,0.0,False,False
6,707,2095099663,0,forward,0.5075,238.9619,1.9127,4.3364,0.0,False,False
6,708,2095099663,0,forward,0.5062,239.4681,1.8849,4.3655,0.0,False,False
6,709,2095099663,0,forward,0.5049,239.973,1.8571,2.7284,0.0,False,False
6,710,2095099663,0,forward,0.5037,240.4767,1.8294,1.7444,0.0,False,False
6,711,2095099663,0,forward,0.3926,240.8693,1.8073,1.1387,0.0,False,False
6,712,2095099663,0,forward,0.2764,241.1457,1.791,1.0102,0.0,False,False
6,713,1263078535,3,forward_left,0.3404,241.4861,1.7715,4.4287,0.0,False,False
6,714,2095099663,0,forward,0.4091,241.8952,1.7485,4.3923,0.0,False,False
6,715,2095099663,0,forward,0.5031,242.3984,1.7209,4.4178,0.0,False,False
6,716,2095099663,0,forward,0.5015,242.8998,1.6933,4.4378,0.0,False,False
6,717,2095099663,0,forward,0.4998,243.3996,1.6658,4.4314,0.0,False,False
6,718,2095099663,0,forward,0.498,243.8976,1.6384,4.4567,0.0,False,False
6,719,2095099663,0,forward,0.4961,244.3937,1.6111,4.4949,0.0,False,False
6,720,2095099663,0,forward,0.4942,244.8878,1.5839,3.7911,0.0,False,False
6,721,775643194,4,forward_right,0.4117,245.2995,1.5608,2.3484,0.0,False,False
6,722,2095099663,0,forward,0.455,245.7545,1.5356,1.2352,0.0,False,False
6,723,2095099663,0,forward,0.222,245.9765,1.522,0.9353,0.0,False,False
6,724,628034558,2,turn_right,0.4128,246.3893,1.4963,3.3087,0.0,False,False
6,725,775643194,4,forward_right,0.1979,246.5872,1.4839,4.4308,0.0,False,False
6,726,775643194,4,forward_right,0.4862,247.0734,1.4571,4.4244,0.0,False,False
6,727,2095099663,0,forward,0.3337,247.407,1.4379,4.4336,0.0,False,False
6,728,2095099663,0,forward,0.5026,247.9096,1.4103,4.4128,0.0,False,False
6,729,2095099663,0,forward,0.5005,248.4101,1.3828,4.3949,0.0,False,False
6,730,2095099663,0,forward,0.4984,248.9085,1.3554,4.3736,0.0,False,False
6,731,2095099663,0,forward,0.6051,249.5136,1.3226,3.703,0.0,False,False
6,732,2095099663,0,forward,0.3849,249.8985,1.3009,2.5127,0.0,False,False
6,733,775643194,4,forward_right,0.4261,250.3246,1.2771,1.6808,0.0,False,False
6,734,775643194,4,forward_right,0.1436,250.4682,1.2674,0.9341,0.0,False,False
6,735,1341840061,1,turn_left,500.0,750.4682,1.2485,1.7657,0.0,True,False
7,1,964610217,0,forward,0.0843,0.0843,15.9933,0.9658,0.0,False,False
7,2,964610217,0,forward,0.3932,0.4775,15.9711,2.6082,0.0,False,False
7,3,1548021558,0,forward,0.5223,0.9998,15.9425,4.0045,0.0,False,False
7,4,1548021558,0,forward,0.5105,1.5103,15.9145,3.9763,0.0,False,False
7,5,1548021558,0,forward,0.55,2.0603,15.8845,3.945,0.0,False,False
7,6,1548021558,0,forward,0.6699,2.7302,15.8485,3.9331,0.0,False,False
7,7,1548021558,0,forward,0.5499,3.2801,15.8185,3.901,0.0,False,False
7,8,1548021558,0,forward,0.4299,3.71,15.7945,3.8158,0.0,False,False
7,9,1548021558,0,forward,0.5499,4.26,15.7645,2.4464,0.0,False,False
7,10,1548021558,0,forward,0.5501,4.8101,15.7345,1.5633,0.0,False,False
7,11,1548021558,0,forward,0.6713,5.4814,15.6984,0.992,0.0,False,False
7,12,964610217,0,forward,0.4655,5.9468,15.6727,1.3044,0.0,False,False
7,13,1548021558,0,forward,0.429,6.3759,15.6487,1.3044,0.0,False,False
7,14,1548021558,0,forward,0.5496,6.9255,15.6187,2.6306,0.0,False,False
7,15,1548021558,0,forward,0.533,7.4585,15.5896,3.735,0.0,False,False
7,16,1548021558,0,forward,0.5506,8.0091,15.5595,3.7089,0.0,False,False
7,17,1548021558,0,forward,0.55,8.5591,15.5296,3.6955,0.0,False,False
7,18,1548021558,0,forward,0.6699,9.229,15.4936,3.6825,0.0,False,False
7,19,1548021558,0,forward,0.4299,9.659,15.4696,3.6434,0.0,False,False
7,20,1548021558,0,forward,0.5499,10.2089,15.4396,3.616,0.0,False,False
7,21,1548021558,0,forward,0.55,10.7588,15.4096,3.2875,0.0,False,False
7,22,1548021558,0,forward,0.5502,11.3091,15.3796,2.0371,0.0,False,False
7,23,1548021558,0,forward,0.6373,11.9463,15.3452,1.3111,0.0,False,False
7,24,1548021558,0,forward,0.5076,12.4539,15.3173,0.9614,0.0,False,False
7,25,964610217,0,forward,0.5492,13.0032,15.2873,1.7434,0.0,False,False
7,26,1548021558,0,forward,0.4298,13.433,15.2634,3.4821,0.0,False,False
7,27,1548021558,0,forward,0.5424,13.9754,15.2337,3.4576,0.0,False,False
7,28,1548021558,0,forward,0.55,14.5254,15.2037,3.4426,0.0,False,False
7,29,1548021558,0,forward,0.5499,15.0754,15.1737,3.4136,0.0,False,False
7,30,1548021558,0,forward,0.5499,15.6253,15.1437,3.379,0.0,False,False
7,31,1548021558,0,forward,0.6699,16.2952,15.1077,3.3473,0.0,False,False
7,32,1548021558,0,forward,0.5499,16.8452,15.0777,3.328,0.0,False,False
7,33,1548021558,0,forward,0.4301,17.2753,15.0537,2.1989,0.0,False,False
7,34,1548021558,0,forward,0.5508,17.8261,15.0237,1.3897,0.0,False,False
7,35,1548021558,0,forward,0.4667,18.2927,14.9979,0.946,0.0,False,False
7,36,964610217,0,forward,0.6684,18.9612,14.9619,1.5056,0.0,False,False
7,37,1548021558,0,forward,0.5497,19.5109,14.932,3.1158,0.0,False,False
7,38,1548021558,0,forward,0.4128,19.9236,14.9088,3.2148,0.0,False,False
7,39,1548021558,0,forward,0.6707,20.5943,14.8728,3.1759,0.0,False,False
7,40,1548021558,0,forward,0.43,21.0243,14.8488,3.1601,0.0,False,False
7,41,1548021558,0,forward,0.5499,21.5743,14.8188,3.125,0.0,False,False
7,42,1548021558,0,forward,0.5499,22.1242,14.7888,3.1235,0.0,False,False
7,43,1548021558,0,forward,0.6699,22.7941,14.7528,3.0861,0.0,False,False
7,44,1548021558,0,forward,0.55,23.3441,14.7228,3.0734,0.0,False,False
7,45,1548021558,0,forward,0.5503,23.8944,14.6928,1.9545,0.0,False,False
7,46,1548021558,0,forward,0.431,24.3255,14.6687,1.2446,0.0,False,False
7,47,1548021558,0,forward,0.5945,24.92,14.6365,0.9577,0.0,False,False
7,48,964610217,0,forward,0.4293,25.3492,14.6125,1.8048,0.0,False,False
7,49,1548021558,0,forward,0.6697,26.0189,14.5766,2.9597,0.0,False,False
7,50,1548021558,0,forward,0.4227,26.4417,14.5529,2.9433,0.0,False,False
7,51,1548021558,0,forward,0.55,26.9917,14.5229,2.9298,0.0,False,False
7,52,1548021558,0,forward,0.6699,27.6616,14.4869,2.9044,0.0,False,False
7,53,1548021558,0,forward,0.5499,28.2116,14.4569,2.8923,0.0,False,False
7,54,1548021558,0,forward,0.4299,28.6415,14.4329,2.8553,0.0,False,False
7,55,1548021558,0,forward,0.5499,29.1914,14.4029,2.8481,0.0,False,False
7,56,1548021558,0,forward,0.6702,29.8616,14.3669,2.276,0.0,False,False
7,57,1548021558,0,forward,0.551,30.4126,14.3369,1.4224,0.0,False,False
7,58,1548021558,0,forward,0.3302,30.7428,14.3179,0.94,0.0,False,False
7,59,964610217,0,forward,0.6661,31.409,14.2821,1.5338,0.0,False,False
7,60,1548021558,0,forward,0.5283,31.9373,14.2531,2.7657,0.0,False,False
7,61,1548021558,0,forward,0.427,32.3642,14.2293,2.7386,0.0,False,False
7,62,1548021558,0,forward,0.6697,33.034,14.1933,2.7224,0.0,False,False
7,63,1548021558,0,forward,0.5497,33.5837,14.1633,2.6998,0.0,False,False
7,64,1548021558,0,forward,0.4298,34.0135,14.1393,2.6735,0.0,False,False
7,65,1548021558,0,forward,0.6698,34.6833,14.1033,2.6499,0.0,False,False
7,66,1548021558,0,forward,0.4302,35.1135,14.0793,1.6922,0.0,False,False
7,67,1548021558,0,forward,0.6163,35.7298,14.046,1.0672,0.0,False,False
7,68,1904234423,4,forward_right,0.3837,36.1135,14.0243,1.2302,0.0,False,False
7,69,1548021558,0,forward,0.4468,36.5603,13.9995,1.5779,0.0,False,False
7,70,1548021558,0,forward,0.6684,37.2287,13.9636,2.2547,0.0,False,False
7,71,1548021558,0,forward,0.5488,37.7775,13.9336,2.5508,0.0,False,False
7,72,1548021558,0,forward,0.4291,38.2066,13.9097,2.5522,0.0,False,False
7,73,1548021558,0,forward,0.6687,38.8753,13.8737,2.5199,0.0,False,False
7,74,1548021558,0,forward,0.5489,39.4242,13.8438,2.5192,0.0,False,False
7,75,1548021558,0,forward,0.5489,39.9732,13.8138,2.5024,0.0,False,False
7,76,1548021558,0,forward,0.4292,40.4024,13.7899,2.4803,0.0,False,False
7,77,1548021558,0,forward,0.6692,41.0716,13.7539,1.7697,0.0,False,False
7,78,1548021558,0,forward,0.5164,41.588,13.7256,1.1744,0.0,False,False
7,79,1548021558,0,forward,0.388,41.976,13.7037,1.0847,0.0,False,False
7,80,1904234423,4,forward_right,0.5651,42.5411,13.6729,1.9892,0.0,False,False
7,81,1548021558,0,forward,0.4814,43.0225,13.6464,2.4217,0.0,False,False
7,82,1548021558,0,forward,0.5436,43.5661,13.6167,2.4125,0.0,False,False
7,83,1548021558,0,forward,0.5406,44.1066,13.5872,2.4092,0.0,False,False
7,84,1548021558,0,forward,0.5476,44.6543,13.5573,2.3848,0.0,False,False
7,85,1548021558,0,forward,0.4281,45.0824,13.5334,2.3803,0.0,False,False
7,86,1548021558,0,forward,0.5476,45.6299,13.5035,2.3595,0.0,False,False
7,87,1548021558,0,forward,0.6671,46.297,13.4677,2.3511,0.0,False,False
7,88,1548021558,0,forward,0.5478,46.8448,13.4378,2.2232,0.0,False,False
7,89,1548021558,0,forward,0.4288,47.2736,13.4138,1.3707,0.0,False,False
7,90,1548021558,0,forward,0.4739,47.7475,13.3876,0.9522,0.0,False,False
7,91,964610217,0,forward,0.5462,48.2937,13.3578,1.6628,0.0,False,False
7,92,1548021558,0,forward,0.5472,48.8409,13.328,2.2914,0.0,False,False
7,93,1548021558,0,forward,0.6498,49.4907,13.293,2.2844,0.0,False,False
7,94,1548021558,0,forward,0.4282,49.9189,13.2691,2.2901,0.0,False,False
7,95,1548021558,0,forward,0.5475,50.4664,13.2392,2.2641,0.0,False,False
7,96,1548021558,0,forward,0.5475,51.0139,13.2093,2.2626,0.0,False,False
7,97,1548021558,0,forward,0.6669,51.6808,13.1735,2.2592,0.0,False,False
7,98,1548021558,0,forward,0.5474,52.2283,13.1436,2.2503,0.0,False,False
7,99,1548021558,0,forward,0.5475,52.7758,13.1137,2.2216,0.0,False,False
7,100,1548021558,0,forward,0.4283,53.2041,13.0898,1.7185,0.0,False,False
7,101,1548021558,0,forward,0.61,53.8141,13.0568,1.119,0.0,False,False
7,102,1548021558,0,forward,0.4094,54.2235,13.0338,1.1464,0.0,False,False
7,103,1548021558,0,forward,0.5466,54.7702,13.004,2.1827,0.0,False,False
7,104,1548021558,0,forward,0.6668,55.4369,12.9682,2.1904,0.0,False,False
7,105,1548021558,0,forward,0.4119,55.8488,12.9451,2.1745,0.0,False,False
7,106,1548021558,0,forward,0.6669,56.5157,12.9092,2.1412,0.0,False,False
7,107,1548021558,0,forward,0.5474,57.0631,12.8794,2.1114,0.0,False,False
7,108,1548021558,0,forward,0.5473,57.6104,12.8495,2.0886,0.0,False,False
7,109,1548021558,0,forward,0.4278,58.0382,12.8256,2.0499,0.0,False,False
7,110,1548021558,0,forward,0.5473,58.5855,12.7957,1.9798,0.0,False,False
7,111,1548021558,0,forward,0.667,59.2525,12.7599,1.987,0.0,False,False
7,112,1548021558,0,forward,0.5482,59.8007,12.73,1.3719,0.0,False,False
7,113,1548021558,0,forward,0.3537,60.1543,12.7098,0.9503,0.0,False,False
7,114,964610217,0,forward,0.665,60.8193,12.674,1.546,0.0,False,False
7,115,1548021558,0,forward,0.4276,61.2469,12.6502,1.8628,0.0,False,False
7,116,1548021558,0,forward,0.6499,61.8968,12.6152,1.8403,0.0,False,False
7,117,1548021558,0,forward,0.5475,62.4442,12.5853,1.8423,0.0,False,False
7,118,1548021558,0,forward,0.4278,62.872,12.5614,1.7791,0.0,False,False
7,119,1548021558,0,forward,0.5472,63.4192,12.5315,1.7576,0.0,False,False
7,120,1548021558,0,forward,0.5472,63.9664,12.5017,1.7042,0.0,False,False
7,121,1548021558,0,forward,0.6666,64.633,12.4659,1.7034,0.0,False,False
7,122,1548021558,0,forward,0.5472,65.1802,12.436,1.6588,0.0,False,False
7,123,1548021558,0,forward,0.428,65.6082,12.4121,1.6286,0.0,False,False
7,124,1548021558,0,forward,0.5484,66.1566,12.3822,1.1118,0.0,False,False
7,125,1548021558,0,forward,0.5892,66.7458,12.3502,1.1421,0.0,False,False
7,126,1548021558,0,forward,0.5464,67.2922,12.3204,1.5527,0.0,False,False
7,127,1548021558,0,forward,0.4276,67.7198,12.2965,1.5341,0.0,False,False
7,128,1548021558,0,forward,0.5352,68.255,12.2673,1.5204,0.0,False,False
7,129,1548021558,0,forward,0.5472,68.8022,12.2374,1.4805,0.0,False,False
7,130,1548021558,0,forward,0.6665,69.4687,12.2016,1.4522,0.0,False,False
7,131,1548021558,0,forward,0.547,70.0158,12.1717,1.4268,0.0,False,False
7,132,1548021558,0,forward,0.4276,70.4434,12.1478,1.3674,0.0,False,False
7,133,1548021558,0,forward,0.6665,71.1098,12.112,1.3573,0.0,False,False
7,134,1548021558,0,forward,0.4278,71.5376,12.0881,1.3066,0.0,False,False
7,135,1548021558,0,forward,0.5479,72.0856,12.0582,1.2001,0.0,False,False
7,136,1548021558,0,forward,0.4722,72.5577,12.0321,1.017,0.0,False,False
7,137,668304872,1,turn_left,0.4336,72.9913,12.0054,1.2335,0.0,False,False
7,138,1548021558,0,forward,0.4659,73.4572,11.9796,1.228,0.0,False,False
7,139,1548021558,0,forward,0.4972,73.9544,11.9523,1.189,0.0,False,False
7,140,1548021558,0,forward,0.4258,74.3802,11.9285,1.1749,0.0,False,False
7,141,1548021558,0,forward,0.5412,74.9214,11.8989,1.1408,0.0,False,False
7,142,1548021558,0,forward,0.5448,75.4663,11.8692,1.1199,0.0,False,False
7,143,1548021558,0,forward,0.6637,76.1299,11.8335,1.0966,0.0,False,False
7,144,1971047854,3,forward_left,0.3945,76.5244,11.8113,1.0705,0.0,False,False
7,145,1971047854,3,forward_left,0.4898,77.0143,11.7843,1.0479,0.0,False,False
7,146,1971047854,3,forward_left,0.3685,77.3827,11.7634,0.9955,0.0,False,False
7,147,1971047854,3,forward_left,0.2725,77.6552,11.7472,0.9431,0.0,False,False
7,148,964610217,0,forward,0.3728,78.028,11.7261,0.961,0.0,False,False
7,149,1971047854,3,forward_left,0.4868,78.5149,11.6993,0.9774,0.0,False,False
7,150,1971047854,3,forward_left,0.4304,78.9453,11.6752,0.9489,0.0,False,False
7,151,1971047854,3,forward_left,0.3698,79.3151,11.6543,0.9611,0.0,False,False
7,152,1971047854,3,forward_left,0.2856,79.6007,11.6375,0.9254,0.0,False,False
7,153,1971047854,3,forward_left,0.4524,80.053,11.6124,0.8949,0.0,False,False
7,154,1971047854,3,forward_left,0.2839,80.337,11.5957,0.909,0.0,False,False
7,155,1971047854,3,forward_left,0.4491,80.7861,11.5707,0.8857,0.0,False,False
7,156,851696946,3,forward_left,0.3643,81.1504,11.55,0.8682,0.0,False,False
7,157,851696946,3,forward_left,0.3633,81.5137,11.5293,0.8626,0.0,False,False
7,158,851696946,3,forward_left,0.1642,81.6779,11.5186,0.8465,0.0,False,False
7,159,394836670,1,turn_left,0.3296,82.0074,11.4971,0.8413,0.0,False,False
7,160,851696946,3,forward_left,0.3011,82.3086,11.4796,0.8527,0.0,False,False
7,161,851696946,3,forward_left,0.3506,82.6592,11.4595,0.8525,0.0,False,False
7,162,851696946,3,forward_left,0.346,83.0052,11.4397,0.8487,0.0,False,False
7,163,851696946,3,forward_left,0.3414,83.3466,11.4202,0.8475,0.0,False,False
7,164,851696946,3,forward_left,0.3364,83.683,11.4009,0.8286,0.0,False,False
7,165,909969137,0,forward,0.4636,84.1466,11.3752,0.8475,0.0,False,False
7,166,269267653,0,forward,0.4897,84.6363,11.3482,0.8384,0.0,False,False
7,167,269267653,0,forward,0.3812,85.0174,11.3266,0.8247,0.0,False,False
7,168,269267653,0,forward,0.4887,85.5061,11.2997,0.8355,0.0,False,False
7,169,269267653,0,forward,0.4885,85.9946,11.2728,0.8353,0.0,False,False
7,170,269267653,0,forward,0.5963,86.5909,11.2405,0.8272,0.0,False,False
7,171,269267653,0,forward,0.2859,86.8768,11.2237,0.8291,0.0,False,False
7,172,137084343,1,turn_left,0.2399,87.1167,11.2067,0.8366,0.0,False,False
7,173,269267653,0,forward,0.2728,87.3894,11.1905,0.8421,0.0,False,False
7,174,269267653,0,forward,0.5009,87.8903,11.163,0.8491,0.0,False,False
7,175,269267653,0,forward,0.3667,88.257,11.1422,0.8453,0.0,False,False
7,176,269267653,0,forward,0.4706,88.7276,11.1161,0.8596,0.0,False,False
7,177,269267653,0,forward,0.5742,89.3018,11.0849,0.8751,0.0,False,False
7,178,269267653,0,forward,0.4698,89.7716,11.0589,0.8771,0.0,False,False
7,179,269267653,0,forward,0.3657,90.1373,11.0381,0.909,0.0,False,False
7,180,269267653,0,forward,0.4699,90.6072,11.0121,0.9267,0.0,False,False
7,181,269267653,0,forward,0.2163,90.8235,10.9988,0.9322,0.0,False,False
7,182,269267653,0,forward,0.4888,91.3123,10.9719,0.9156,0.0,False,False
7,183,269267653,0,forward,0.3062,91.6185,10.9541,0.9347,0.0,False,False
7,184,269267653,0,forward,0.4689,92.0873,10.9281,0.9449,0.0,False,False
7,185,269267653,0,forward,0.4683,92.5557,10.9022,0.9639,0.0,False,False
7,186,269267653,0,forward,0.4679,93.0236,10.8763,0.9826,0.0,False,False
7,187,269267653,0,forward,0.5709,93.5945,10.8453,1.0006,0.0,False,False
7,188,269267653,0,forward,0.3636,93.9581,10.8246,1.0219,0.0,False,False
7,189,269267653,0,forward,0.4668,94.4249,10.7988,1.0452,0.0,False,False
7,190,269267653,0,forward,0.4671,94.892,10.7729,1.0681,0.0,False,False
7,191,269267653,0,forward,0.2219,95.1139,10.7593,1.0585,0.0,False,False
7,192,1119390622,1,turn_left,0.384,95.4979,10.7351,1.0731,0.0,False,False
7,193,269267653,0,forward,0.2176,95.7155,10.7217,1.0838,0.0,False,False
7,194,269267653,0,forward,0.4276,96.1431,10.6978,1.1077,0.0,False,False
7,195,909280383,2,turn_right,0.3905,96.5336,10.6733,1.1381,0.0,False,False
7,196,909280383,2,turn_right,-0.0112,96.5224,10.6689,1.1424,0.0,False,False
7,197,909280383,2,turn_right,-0.1,96.4224,10.6694,0.9578,0.0,False,False
7,198,2113935175,4,forward_right,0.1283,96.5507,10.6605,1.1144,0.0,False,False
7,199,909280383,2,turn_right,0.2521,96.8029,10.6429,1.1153,0.0,False,False
7,200,909280383,2,turn_right,-0.0543,96.7486,10.6406,1.1008,0.0,False,False
7,201,909280383,2,turn_right,-0.1,96.6486,10.6412,1.0825,0.0,False,False
7,202,909969137,0,forward,0.1787,96.8273,10.6297,1.0727,0.0,False,False
7,203,909969137,0,forward,0.3641,97.1914,10.609,1.0844,0.0,False,False
7,204,909969137,0,forward,0.3651,97.5564,10.5883,1.0903,0.0,False,False
7,205,909969137,0,forward,0.6211,98.1775,10.5547,1.1099,0.0,False,False
7,206,1548021558,0,forward,0.3977,98.5752,10.5323,1.0501,0.0,False,False
7,207,1904234423,4,forward_right,0.3894,98.9647,10.5103,1.1183,0.0,False,False
7,208,1548021558,0,forward,0.5454,99.51,10.4806,1.1079,0.0,False,False
7,209,1548021558,0,forward,0.5128,100.0229,10.4524,1.1182,0.0,False,False
7,210,1548021558,0,forward,0.5084,100.5313,10.4245,1.1276,0.0,False,False
7,211,1548021558,0,forward,0.5076,101.0389,10.3966,1.1273,0.0,False,False
7,212,1548021558,0,forward,0.4,101.4388,10.3741,1.1444,0.0,False,False
7,213,1548021558,0,forward,0.6247,102.0635,10.3404,1.1593,0.0,False,False
7,214,1548021558,0,forward,0.3996,102.4631,10.3179,1.1652,0.0,False,False
7,215,1548021558,0,forward,0.6241,103.0872,10.2842,1.1822,0.0,False,False
7,216,1548021558,0,forward,0.3993,103.4865,10.2618,1.188,0.0,False,False
7,217,1548021558,0,forward,0.624,104.1105,10.2281,1.2,0.0,False,False
7,218,1548021558,0,forward,0.4664,104.5769,10.2022,1.0175,0.0,False,False
7,219,668304872,1,turn_left,0.3119,104.8888,10.1816,1.2123,0.0,False,False
7,220,1548021558,0,forward,0.4342,105.323,10.1574,1.2149,0.0,False,False
7,221,1548021558,0,forward,0.343,105.666,10.1378,1.2291,0.0,False,False
7,222,1548021558,0,forward,0.5103,106.1764,10.1098,1.229,0.0,False,False
7,223,1548021558,0,forward,0.6224,106.7987,10.0761,1.2407,0.0,False,False
7,224,1548021558,0,forward,0.51,107.3087,10.0481,1.2475,0.0,False,False
7,225,1548021558,0,forward,0.3978,107.7066,10.0258,1.2553,0.0,False,False
7,226,1548021558,0,forward,0.5096,108.2161,9.9978,1.2681,0.0,False,False
7,227,1548021558,0,forward,0.6213,108.8374,9.9642,1.2734,0.0,False,False
7,228,1548021558,0,forward,0.5095,109.3469,9.9362,1.3024,0.0,False,False
7,229,1548021558,0,forward,0.4517,109.7986,9.9112,1.0062,0.0,False,False
7,230,964610217,0,forward,0.4248,110.2234,9.8874,1.3145,0.0,False,False
7,231,1548021558,0,forward,0.5075,110.7309,9.8595,1.32,0.0,False,False
7,232,1548021558,0,forward,0.4503,111.1812,9.8345,1.3216,0.0,False,False
7,233,1548021558,0,forward,0.3967,111.5779,9.8122,1.3329,0.0,False,False
7,234,1548021558,0,forward,0.6191,112.1971,9.7787,1.3384,0.0,False,False
7,235,1548021558,0,forward,0.3959,112.5929,9.7564,1.3497,0.0,False,False
7,236,1548021558,0,forward,0.5071,113.1,9.7286,1.367,0.0,False,False
7,237,1548021558,0,forward,0.6182,113.7182,9.6952,1.3762,0.0,False,False
7,238,1548021558,0,forward,0.3953,114.1135,9.6729,1.3861,0.0,False,False
7,239,1548021558,0,forward,0.5067,114.6202,9.6451,1.3951,0.0,False,False
7,240,1548021558,0,forward,0.5886,115.2088,9.6131,0.9451,0.0,False,False
7,241,964610217,0,forward,0.2817,115.4905,9.5966,1.3989,0.0,False,False
7,242,1548021558,0,forward,0.5957,116.0862,9.5643,1.4181,0.0,False,False
7,243,1548021558,0,forward,0.3582,116.4445,9.5439,1.4112,0.0,False,False
7,244,1548021558,0,forward,0.5052,116.9496,9.5161,1.4358,0.0,False,False
7,245,1548021558,0,forward,0.5046,117.4542,9.4884,1.4283,0.0,False,False
7,246,1548021558,0,forward,0.5043,117.9586,9.4607,1.4656,0.0,False,False
7,247,1548021558,0,forward,0.504,118.4626,9.433,1.4688,0.0,False,False
7,248,1548021558,0,forward,0.6146,119.0772,9.3997,1.4732,0.0,False,False
7,249,1548021558,0,forward,0.504,119.5811,9.372,1.4814,0.0,False,False
7,250,1548021558,0,forward,0.392,119.9731,9.3499,0.9369,0.0,False,False
7,251,964610217,0,forward,0.2513,120.2244,9.3349,1.5083,0.0,False,False
7,252,1548021558,0,forward,0.6119,120.8363,9.3018,1.5036,0.0,False,False
7,253,1548021558,0,forward,0.4512,121.2875,9.2767,1.5204,0.0,False,False
7,254,1548021558,0,forward,0.6122,121.8998,9.2436,1.5246,0.0,False,False
7,255,1548021558,0,forward,0.5016,122.4013,9.216,1.5305,0.0,False,False
7,256,1548021558,0,forward,0.5012,122.9026,9.1885,1.5426,0.0,False,False
7,257,1548021558,0,forward,0.3908,123.2934,9.1664,1.5521,0.0,False,False
7,258,1548021558,0,forward,0.611,123.9044,9.1334,1.5669,0.0,False,False
7,259,1548021558,0,forward,0.3909,124.2953,9.1113,1.2654,0.0,False,False
7,260,1548021558,0,forward,0.3586,124.6539,9.0909,0.9433,0.0,False,False
7,261,964610217,0,forward,0.4969,125.1508,9.0635,1.5956,0.0,False,False
7,262,1548021558,0,forward,0.4541,125.6049,9.0383,1.5929,0.0,False,False
7,263,1548021558,0,forward,0.6038,126.2087,9.0056,1.6093,0.0,False,False
7,264,1548021558,0,forward,0.3889,126.5976,8.9837,1.6155,0.0,False,False
7,265,1548021558,0,forward,0.4983,127.0959,8.9563,1.6378,0.0,False,False
7,266,1548021558,0,forward,0.498,127.5938,8.9289,1.6387,0.0,False,False
7,267,1548021558,0,forward,0.4976,128.0915,8.9015,1.6499,0.0,False,False
7,268,1548021558,0,forward,0.4975,128.5889,8.8741,1.6631,0.0,False,False
7,269,1548021558,0,forward,0.6075,129.1964,8.8413,1.1446,0.0,False,False
7,270,1548021558,0,forward,0.2468,129.4432,8.8264,1.105,0.0,False,False
7,271,1548021558,0,forward,0.4945,129.9378,8.7992,1.6839,0.0,False,False
7,272,1548021558,0,forward,0.551,130.4887,8.7691,1.6829,0.0,False,False
7,273,1548021558,0,forward,0.4959,130.9847,8.7418,1.7045,0.0,False,False
7,274,1548021558,0,forward,0.386,131.3707,8.72,1.7066,0.0,False,False
7,275,1548021558,0,forward,0.6036,131.9743,8.6874,1.7148,0.0,False,False
7,276,1548021558,0,forward,0.3854,132.3598,8.6656,1.7287,0.0,False,False
7,277,1548021558,0,forward,0.6028,132.9625,8.633,2.0091,0.0,False,False
7,278,909280383,2,turn_right,0.3188,133.2813,8.612,1.7481,0.0,False,False
7,279,909280383,2,turn_right,0.3238,133.6052,8.5908,0.981,0.0,False,False
7,280,2113935175,4,forward_right,0.1222,133.7273,8.5822,1.4407,0.0,False,False
7,281,909280383,2,turn_right,0.2595,133.9868,8.5642,1.9258,0.0,False,False
7,282,1548021558,0,forward,0.1119,134.0987,8.5561,1.9213,0.0,False,False
7,283,1548021558,0,forward,0.3175,134.4161,8.5378,1.8951,0.0,False,False
7,284,1548021558,0,forward,0.5521,134.9682,8.5077,1.8828,0.0,False,False
7,285,1548021558,0,forward,0.397,135.3652,8.4853,1.85,0.0,False,False
7,286,1548021558,0,forward,0.5085,135.8737,8.4574,1.8161,0.0,False,False
7,287,1548021558,0,forward,0.6198,136.4935,8.4239,1.7876,0.0,False,False
7,288,1548021558,0,forward,0.5078,137.0012,8.396,1.7528,0.0,False,False
7,289,1548021558,0,forward,0.396,137.3973,8.3737,1.7194,0.0,False,False
7,290,1548021558,0,forward,0.5073,137.9046,8.3459,1.6779,0.0,False,False
7,291,1548021558,0,forward,0.5073,138.4119,8.318,1.5249,0.0,False,False
7,292,1548021558,0,forward,0.5664,138.9783,8.2872,0.9374,0.0,False,False
7,293,964610217,0,forward,0.3163,139.2945,8.2689,1.5035,0.0,False,False
7,294,1548021558,0,forward,0.592,139.8866,8.2368,1.581,0.0,False,False
7,295,1548021558,0,forward,0.3319,140.2185,8.2177,1.5652,0.0,False,False
7,296,1548021558,0,forward,0.506,140.7245,8.1899,1.5308,0.0,False,False
7,297,1548021558,0,forward,0.5056,141.2301,8.1621,1.5059,0.0,False,False
7,298,1548021558,0,forward,0.5053,141.7354,8.1343,1.4756,0.0,False,False
7,299,1548021558,0,forward,0.5049,142.2404,8.1066,1.4459,0.0,False,False
7,300,1548021558,0,forward,0.5046,142.745,8.0788,1.4074,0.0,False,False
7,301,1548021558,0,forward,0.5043,143.2493,8.0511,1.3724,0.0,False,False
7,302,1548021558,0,forward,0.5043,143.7536,8.0234,1.3358,0.0,False,False
7,303,1548021558,0,forward,0.4977,144.2512,7.996,0.9625,0.0,False,False
7,304,1309443777,2,turn_right,0.3161,144.5673,7.9752,1.29,0.0,False,False
7,305,926291406,4,forward_right,0.3622,144.9295,7.9546,1.2648,0.0,False,False
7,306,926291406,4,forward_right,0.3427,145.2723,7.935,1.2624,0.0,False,False
7,307,926291406,4,forward_right,0.4174,145.6897,7.9116,1.2436,0.0,False,False
7,308,926291406,4,forward_right,0.2704,145.9601,7.8956,1.222,0.0,False,False
7,309,926291406,4,forward_right,0.3558,146.3159,7.8753,1.1858,0.0,False,False
7,310,926291406,4,forward_right,0.4409,146.7567,7.8507,1.1698,0.0,False,False
7,311,926291406,4,forward_right,0.2793,147.0361,7.8343,1.155,0.0,False,False
7,312,926291406,4,forward_right,0.4467,147.4828,7.8094,1.1166,0.0,False,False
7,313,926291406,4,forward_right,0.2829,147.7656,7.7928,1.1166,0.0,False,False
7,314,926291406,4,forward_right,0.3723,148.138,7.7717,0.9351,0.0,False,False
7,315,1309443777,2,turn_right,0.2624,148.4004,7.7536,1.0578,0.0,False,False
7,316,1166997565,3,forward_left,0.2053,148.6056,7.7408,1.0601,0.0,False,False
7,317,1937774032,3,forward_left,0.4004,149.006,7.7183,1.0353,0.0,False,False
7,318,1166997565,3,forward_left,0.3686,149.3747,7.6973,1.0188,0.0,False,False
7,319,1937774032,3,forward_left,0.2835,149.6582,7.6807,0.9991,0.0,False,False
7,320,1937774032,3,forward_left,0.3654,150.0236,7.6599,0.9716,0.0,False,False
7,321,1937774032,3,forward_left,0.4458,150.4694,7.6351,0.9494,0.0,False,False
7,322,1937774032,3,forward_left,0.2786,150.748,7.6187,0.9302,0.0,False,False
7,323,1937774032,3,forward_left,0.44,151.188,7.5942,0.9063,0.0,False,False
7,324,1937774032,3,forward_left,0.2751,151.4631,7.5779,0.86,0.0,False,False
7,325,1309443777,2,turn_right,0.1376,151.6008,7.566,0.8534,0.0,False,False
7,326,1309443777,2,turn_right,-0.1,151.5008,7.5663,0.8596,0.0,False,False
7,327,1937774032,3,forward_left,0.1506,151.6514,7.5563,0.8573,0.0,False,False
7,328,1937774032,3,forward_left,0.3592,152.0106,7.5358,0.8345,0.0,False,False
7,329,1937774032,3,forward_left,0.3559,152.3665,7.5155,0.824,0.0,False,False
7,330,1937774032,3,forward_left,0.4316,152.7981,7.4914,0.8043,0.0,False,False
7,331,1309443777,2,turn_right,0.0578,152.8559,7.4835,0.8042,0.0,False,False
7,332,1309443777,2,turn_right,-0.1,152.7559,7.4839,0.7835,0.0,False,False
7,333,1937774032,3,forward_left,0.2351,152.991,7.4697,0.7649,0.0,False,False
7,334,1937774032,3,forward_left,0.3612,153.3522,7.4491,0.7357,0.0,False,False
7,335,1937774032,3,forward_left,0.3209,153.6731,7.4306,0.7269,0.0,False,False
7,336,1309443777,2,turn_right,0.0539,153.727,7.4229,0.7004,0.0,False,False
7,337,1309443777,2,turn_right,-0.1,153.627,7.4226,0.7132,0.0,False,False
7,338,1309443777,2,turn_right,-0.1,153.527,7.4227,0.7051,0.0,False,False
7,339,1309443777,2,turn_right,-0.1,153.427,7.4227,0.7034,0.0,False,False
7,340,1309443777,2,turn_right,-0.1,153.327,7.4227,0.7061,0.0,False,False
7,341,1309443777,2,turn_right,-0.1,153.227,7.4226,0.7102,0.0,False,False
7,342,1309443777,2,turn_right,-0.1,153.127,7.4223,0.7142,0.0,False,False
7,343,1309443777,2,turn_right,-0.1,153.027,7.4226,0.7219,0.0,False,False
7,344,1904866102,4,forward_right,0.227,153.254,7.4088,0.7216,0.0,False,False
7,345,347496186,1,turn_left,0.0547,153.3087,7.4011,0.7216,0.0,False,False
7,346,347496186,1,turn_left,-0.1,153.2087,7.4013,0.6924,0.0,False,False
7,347,347496186,1,turn_left,-0.1,153.1087,7.4011,0.697,0.0,False,False
7,348,1309443777,2,turn_right,0.0665,153.1752,7.3928,0.6759,0.0,False,False
7,349,1937774032,3,forward_left,0.2371,153.4123,7.3784,0.6797,0.0,False,False
7,350,1937774032,3,forward_left,0.3678,153.7801,7.3575,0.6695,0.0,False,False
7,351,1937774032,3,forward_left,0.3692,154.1493,7.3366,0.6545,0.0,False,False
7,352,1937774032,3,forward_left,0.3699,154.5193,7.3156,0.6375,0.0,False,False
7,353,1937774032,3,forward_left,0.3691,154.8884,7.2946,0.6226,0.0,False,False
7,354,1937774032,3,forward_left,-1.2142,153.6742,7.2778,0.599,0.0,False,False
7,355,1937774032,3,forward_left,-1.0475,152.6267,7.2527,0.5742,0.0,False,False
7,356,1937774032,3,forward_left,-1.1327,151.494,7.2319,0.5529,0.0,False,False
7,357,1937774032,3,forward_left,-1.1343,150.3597,7.2111,0.5167,0.0,False,False
7,358,800498958,2,turn_right,-1.4567,148.903,7.2039,0.4884,0.0,False,False
7,359,1092683537,2,turn_right,-1.6,147.303,7.2032,0.4767,0.0,False,False
7,360,2017775308,5,stop,-1.4814,145.8217,7.1998,0.4784,0.0,False,False
7,361,1092683537,2,turn_right,-1.4178,144.4039,7.1906,0.4885,0.0,False,False
7,362,1092683537,2,turn_right,-1.6,142.8039,7.1905,0.4841,0.0,False,False
7,363,2018924930,2,turn_right,-1.6,141.2039,7.1905,0.4889,0.0,False,False
7,364,2018924930,2,turn_right,-1.6,139.6039,7.1903,0.489,0.0,False,False
7,365,2018924930,2,turn_right,-1.6,138.0039,7.1896,0.4892,0.0,False,False
7,366,1220008555,0,forward,-1.4408,136.563,7.1841,0.492,0.0,False,False
7,367,2018924930,2,turn_right,0.1272,136.6903,7.1728,0.4818,0.0,False,False
7,368,326162201,4,forward_right,0.1252,136.8155,7.164,0.4832,0.0,False,False
7,369,326162201,4,forward_right,0.2997,137.1152,7.1465,0.4711,0.0,False,False
7,370,2046112992,2,turn_right,0.1679,137.2831,7.1331,0.4565,0.0,False,False
7,371,2046112992,2,turn_right,0.1161,137.3992,7.1223,0.4488,0.0,False,False
7,372,1372204316,4,forward_right,0.0803,137.4795,7.1158,0.4579,0.0,False,False
7,373,1212430525,4,forward_right,0.2784,137.7579,7.0994,0.4487,0.0,False,False
7,374,1212430525,4,forward_right,0.2354,137.9933,7.0851,0.4468,0.0,False,False
7,375,1212430525,4,forward_right,0.2814,138.2748,7.0686,0.4477,0.0,False,False
7,376,1212430525,4,forward_right,0.3625,138.6373,7.0479,0.4384,0.0,False,False
7,377,1212430525,4,forward_right,0.2862,138.9235,7.0311,0.4319,0.0,False,False
7,378,1212430525,4,forward_right,0.2781,139.2015,7.0147,0.4115,0.0,False,False
7,379,1212430525,4,forward_right,0.2699,139.4714,6.9987,0.4197,0.0,False,False
7,380,124275310,2,turn_right,0.1286,139.6,6.9873,0.4081,0.0,False,False
7,381,124275310,2,turn_right,0.0771,139.6771,6.9784,0.413,0.0,False,False
7,382,1688873553,0,forward,0.0476,139.7247,6.9736,0.4139,0.0,False,False
7,383,1940035026,2,turn_right,0.0795,139.8042,6.9646,0.4256,0.0,False,False
7,384,1940035026,2,turn_right,-0.0344,139.7699,6.9613,0.4374,0.0,False,False
7,385,1940035026,2,turn_right,-0.1,139.6699,6.9615,0.4544,0.0,False,False
7,386,1940035026,2,turn_right,-0.1,139.5699,6.9615,0.4628,0.0,False,False
7,387,1940035026,2,turn_right,-0.1,139.4699,6.9614,0.4771,0.0,False,False
7,388,1940035026,2,turn_right,-0.1,139.3699,6.9614,0.4864,0.0,False,False
7,389,1940035026,2,turn_right,-0.1,139.2699,6.9612,0.4906,0.0,False,False
7,390,1940035026,2,turn_right,-0.1,139.1699,6.9608,0.6061,0.0,False,False
7,391,1440968876,0,forward,-0.05,139.1199,6.9588,0.694,0.0,False,False
7,392,1440968876,0,forward,-0.0036,139.1163,6.9565,0.8403,0.0,False,False
7,393,1440968876,0,forward,0.0133,139.1296,6.9533,0.9771,0.0,False,False
7,394,1440968876,0,forward,0.0219,139.1515,6.9498,1.0842,0.0,False,False
7,395,1440968876,0,forward,0.0215,139.173,6.9462,1.2164,0.0,False,False
7,396,828879,1,turn_left,-0.0441,139.1289,6.9434,1.4457,0.0,False,False
7,397,828879,1,turn_left,-0.1,139.0289,6.9436,1.1705,0.0,False,False
7,398,828879,1,turn_left,-0.1,138.9289,6.9457,1.0409,0.0,False,False
7,399,587486767,5,stop,-0.05,138.8789,6.944,1.0347,0.0,False,False
7,400,1440968876,0,forward,0.0232,138.9022,6.9404,1.1502,0.0,False,False
7,401,828879,1,turn_left,-0.1,138.8022,6.9388,1.1012,0.0,False,False
7,402,828879,1,turn_left,-0.1,138.7022,6.939,0.9445,0.0,False,False
7,403,1440968876,0,forward,0.032,138.7342,6.9349,0.8743,0.0,False,False
7,404,1440968876,0,forward,0.1088,138.843,6.9269,0.9256,0.0,False,False
7,405,1440968876,0,forward,0.1256,138.9686,6.9181,1.0021,0.0,False,False
7,406,1440968876,0,forward,0.1576,139.1262,6.9078,1.0804,0.0,False,False
7,407,1440968876,0,forward,0.1204,139.2466,6.8992,1.158,0.0,False,False
7,408,828879,1,turn_left,-0.0417,139.2049,6.8963,1.1972,0.0,False,False
7,409,828879,1,turn_left,-0.1,139.1049,6.8976,0.9396,0.0,False,False
7,410,1406925816,4,forward_right,0.0242,139.1291,6.8939,1.0891,0.0,False,False
7,411,1440968876,0,forward,0.1146,139.2437,6.8857,1.1072,0.0,False,False
7,412,828879,1,turn_left,0.0139,139.2576,6.88,1.1976,0.0,False,False
7,413,828879,1,turn_left,-0.1,139.1576,6.8801,1.1145,0.0,False,False
7,414,828879,1,turn_left,-0.1,139.0576,6.881,0.9368,0.0,False,False
7,415,57431672,0,forward,0.0392,139.0968,6.8766,1.0406,0.0,False,False
7,416,1440968876,0,forward,0.1725,139.2693,6.8655,1.0143,0.0,False,False
7,417,1440968876,0,forward,0.2214,139.4908,6.8519,1.0719,0.0,False,False
7,418,1440968876,0,forward,0.1983,139.6891,6.8395,1.127,0.0,False,False
7,419,828879,1,turn_left,0.0536,139.7427,6.8318,1.2164,0.0,False,False
7,420,828879,1,turn_left,-0.1,139.6427,6.8319,0.9814,0.0,False,False
7,421,1406925816,4,forward_right,0.0017,139.6444,6.8293,1.1539,0.0,False,False
7,422,828879,1,turn_left,0.0571,139.7015,6.8214,1.1478,0.0,False,False
7,423,828879,1,turn_left,-0.1,139.6015,6.8215,1.1478,0.0,False,False
7,424,828879,1,turn_left,-0.1,139.5015,6.8216,0.9438,0.0,False,False
7,425,1440968876,0,forward,0.1243,139.6258,6.8128,0.9186,0.0,False,False
7,426,1440968876,0,forward,0.2958,139.9216,6.7956,0.9761,0.0,False,False
7,427,1440968876,0,forward,0.2253,140.1469,6.7818,1.0199,0.0,False,False
7,428,1440968876,0,forward,0.2925,140.4393,6.7647,1.0414,0.0,False,False
7,429,1440968876,0,forward,0.2907,140.73,6.7476,1.0769,0.0,False,False
7,430,1440968876,0,forward,0.3564,141.0864,6.7273,1.1424,0.0,False,False
7,431,828879,1,turn_left,0.1092,141.1955,6.7169,1.2145,0.0,False,False
7,432,828879,1,turn_left,-0.1,141.0955,6.7166,0.9065,0.0,False,False
7,433,1406925816,4,forward_right,0.1139,141.2095,6.7084,1.1592,0.0,False,False
7,434,828879,1,turn_left,0.0028,141.2123,6.7033,1.1333,0.0,False,False
7,435,828879,1,turn_left,-0.1,141.1123,6.7033,1.0536,0.0,False,False
7,436,1440968876,0,forward,0.0795,141.1917,6.6968,1.0571,0.0,False,False
7,437,1440968876,0,forward,0.3377,141.5294,6.6774,1.0789,0.0,False,False
7,438,1440968876,0,forward,0.3415,141.871,6.6579,1.1234,0.0,False,False
7,439,828879,1,turn_left,0.2363,142.1073,6.6411,1.1234,0.0,False,False
7,440,828879,1,turn_left,-0.1,142.0073,6.6415,0.9479,0.0,False,False
7,441,1406925816,4,forward_right,0.1133,142.1206,6.6334,1.1444,0.0,False,False
7,442,828879,1,turn_left,0.0354,142.156,6.6266,1.125,0.0,False,False
7,443,828879,1,turn_left,-0.1,142.056,6.6268,1.0477,0.0,False,False
7,444,1440968876,0,forward,0.1809,142.2369,6.6152,1.0588,0.0,False,False
7,445,1440968876,0,forward,0.3061,142.543,6.5974,1.0767,0.0,False,False
7,446,1440968876,0,forward,0.3938,142.9368,6.5752,1.0977,0.0,False,False
7,447,1440968876,0,forward,0.4808,143.4176,6.5487,1.1144,0.0,False,False
7,448,828879,1,turn_left,0.1759,143.5934,6.5349,1.1724,0.0,False,False
7,449,828879,1,turn_left,-0.1,143.4934,6.5343,0.9178,0.0,False,False
7,450,1406925816,4,forward_right,0.1834,143.6768,6.5226,1.1706,0.0,False,False
7,451,828879,1,turn_left,0.0498,143.7266,6.5151,1.1558,0.0,False,False
7,452,828879,1,turn_left,-0.1,143.6266,6.5155,1.0851,0.0,False,False
7,453,1440968876,0,forward,0.1869,143.8135,6.5037,1.0823,0.0,False,False
7,454,1440968876,0,forward,0.4347,144.2483,6.4795,1.0993,0.0,False,False
7,455,1440968876,0,forward,0.3362,144.5844,6.4601,1.1302,0.0,False,False
7,456,828879,1,turn_left,0.3309,144.9153,6.4386,1.1682,0.0,False,False
7,457,828879,1,turn_left,-0.1,144.8153,6.4387,1.1682,0.0,False,False
7,458,1406925816,4,forward_right,0.0811,144.8964,6.4321,1.1444,0.0,False,False
7,459,828879,1,turn_left,0.2056,145.102,6.4168,1.1466,0.0,False,False
7,460,828879,1,turn_left,-0.1,145.002,6.4164,1.0952,0.0,False,False
7,461,1440968876,0,forward,0.209,145.211,6.4035,1.0941,0.0,False,False
7,462,1440968876,0,forward,0.4696,145.6806,6.3775,1.1052,0.0,False,False
7,463,828879,1,turn_left,0.2606,145.9412,6.3595,1.1409,0.0,False,False
7,464,828879,1,turn_left,-0.1,145.8412,6.3593,1.063,0.0,False,False
7,465,587486767,5,stop,0.0178,145.859,6.3559,1.063,0.0,False,False
7,466,587486767,5,stop,0.1954,146.0544,6.3437,1.1377,0.0,False,False
7,467,828879,1,turn_left,0.0867,146.1411,6.3343,1.1412,0.0,False,False
7,468,828879,1,turn_left,0.019,146.1601,6.3284,1.1395,0.0,False,False
7,469,828879,1,turn_left,-0.0274,146.1327,6.3248,1.1295,0.0,False,False
7,470,828879,1,turn_left,-0.1,146.0327,6.3247,1.0899,0.0,False,False
7,471,867707199,0,forward,0.1195,146.1522,6.3162,1.0896,0.0,False,False
7,472,867707199,0,forward,0.2012,146.3535,6.3036,1.0896,0.0,False,False
7,473,867707199,0,forward,0.4693,146.8228,6.2777,1.0723,0.0,False,False
7,474,867707199,0,forward,0.5204,147.3432,6.2492,1.0969,0.0,False,False
7,475,867707199,0,forward,0.4057,147.7489,6.2264,1.1003,0.0,False,False
7,476,926291406,4,forward_right,0.4519,148.2008,6.2013,1.1079,0.0,False,False
7,477,926291406,4,forward_right,0.3908,148.5916,6.1792,1.1079,0.0,False,False
7,478,926291406,4,forward_right,0.4285,149.0202,6.1553,1.155,0.0,False,False
7,479,926291406,4,forward_right,0.1299,149.1501,6.1463,1.0957,0.0,False,False
7,480,1166997565,3,forward_left,0.3312,149.4814,6.1272,1.0957,0.0,False,False
7,481,1166997565,3,forward_left,0.3876,149.869,6.1054,1.1586,0.0,False,False
7,482,926291406,4,forward_right,0.294,150.163,6.0882,1.1621,0.0,False,False
7,483,926291406,4,forward_right,0.362,150.525,6.0676,1.1692,0.0,False,False
7,484,926291406,4,forward_right,0.4147,150.9396,6.0443,1.2007,0.0,False,False
7,485,926291406,4,forward_right,0.3318,151.2714,6.0252,1.2262,0.0,False,False
7,486,828879,1,turn_left,0.2068,151.4782,6.0099,1.2574,0.0,False,False
7,487,828879,1,turn_left,0.1682,151.6464,5.9965,0.9284,0.0,False,False
7,488,1406925816,4,forward_right,0.1425,151.7888,5.9869,0.9284,0.0,False,False
7,489,1406925816,4,forward_right,0.3493,152.1381,5.9669,1.2681,0.0,False,False
7,490,828879,1,turn_left,0.0205,152.1586,5.9609,1.2881,0.0,False,False
7,491,828879,1,turn_left,-0.1,152.0586,5.9608,1.2547,0.0,False,False
7,492,828879,1,turn_left,-0.1,151.9586,5.9609,1.2547,0.0,False,False
7,493,926291406,4,forward_right,0.1526,152.1112,5.9508,0.9628,0.0,False,False
7,494,1309443777,2,turn_right,0.268,152.3792,5.9324,1.2367,0.0,False,False
7,495,926291406,4,forward_right,0.1175,152.4967,5.924,1.2356,0.0,False,False
7,496,926291406,4,forward_right,0.2982,152.7948,5.9066,1.2621,0.0,False,False
7,497,828879,1,turn_left,0.1356,152.9305,5.8948,1.284,0.0,False,False
7,498,926291406,4,forward_right,0.2207,153.1512,5.8813,1.2781,0.0,False,False
7,499,926291406,4,forward_right,0.332,153.4832,5.8622,1.2992,0.0,False,False
7,500,828879,1,turn_left,0.0593,153.5425,5.8542,0.9413,0.0,False,False
7,501,1406925816,4,forward_right,0.2217,153.7642,5.8406,1.313,0.0,False,False
7,502,828879,1,turn_left,0.058,153.8222,5.8327,1.3109,0.0,False,False
7,503,828879,1,turn_left,-0.1,153.7222,5.8329,1.2826,0.0,False,False
7,504,926291406,4,forward_right,0.2261,153.9483,5.8191,1.2826,0.0,False,False
7,505,926291406,4,forward_right,0.3048,154.2532,5.8013,1.263,0.0,False,False
7,506,926291406,4,forward_right,0.3314,154.5846,5.7822,1.2883,0.0,False,False
7,507,828879,1,turn_left,0.0609,154.6456,5.7742,1.3227,0.0,False,False
7,508,926291406,4,forward_right,0.2228,154.8683,5.7606,1.3123,0.0,False,False
7,509,926291406,4,forward_right,0.3344,155.2028,5.7413,1.3352,0.0,False,False
7,510,828879,1,turn_left,0.0607,155.2634,5.7333,0.9444,0.0,False,False
7,511,1406925816,4,forward_right,0.1194,155.3829,5.7248,1.3412,0.0,False,False
7,512,828879,1,turn_left,0.1268,155.5096,5.7135,1.3519,0.0,False,False
7,513,828879,1,turn_left,-0.1,155.4096,5.7133,1.3519,0.0,False,False
7,514,926291406,4,forward_right,0.0348,155.4444,5.7091,1.3072,0.0,False,False
7,515,926291406,4,forward_right,0.3473,155.7917,5.6892,1.2981,0.0,False,False
7,516,926291406,4,forward_right,0.4201,156.2118,5.6657,1.3335,0.0,False,False
7,517,926291406,4,forward_right,0.3361,156.5479,5.6464,1.3602,0.0,False,False
7,518,926291406,4,forward_right,0.3306,156.8785,5.6274,1.3793,0.0,False,False
7,519,828879,1,turn_left,0.0602,156.9387,5.6194,1.377,0.0,False,False
7,520,828879,1,turn_left,-0.1,156.8387,5.6196,0.9444,0.0,False,False
7,521,1309443777,2,turn_right,0.089,156.9277,5.6101,1.3589,0.0,False,False
7,522,926291406,4,forward_right,0.204,157.1317,5.5974,1.3765,0.0,False,False
7,523,926291406,4,forward_right,0.1682,157.2999,5.5865,1.3745,0.0,False,False
7,524,828879,1,turn_left,0.1475,157.4475,5.5741,1.3839,0.0,False,False
7,525,926291406,4,forward_right,0.2295,157.677,5.5602,1.3959,0.0,False,False
7,526,926291406,4,forward_right,0.3339,158.0109,5.541,1.4117,0.0,False,False
7,527,828879,1,turn_left,0.0737,158.0846,5.5323,0.9537,0.0,False,False
7,528,1309443777,2,turn_right,0.0538,158.1383,5.5246,1.4255,0.0,False,False
7,529,828879,1,turn_left,0.0782,158.2165,5.5157,1.4186,0.0,False,False
7,530,828879,1,turn_left,0.0094,158.2259,5.5102,1.4086,0.0,False,False
7,531,926291406,4,forward_right,0.1649,158.3909,5.4995,1.4105,0.0,False,False
7,532,926291406,4,forward_right,0.3333,158.7241,5.4803,1.4105,0.0,False,False
7,533,828879,1,turn_left,0.0371,158.7612,5.4734,1.4146,0.0,False,False
7,534,926291406,4,forward_right,0.2183,158.9795,5.46,1.4115,0.0,False,False
7,535,926291406,4,forward_right,0.26,159.2395,5.4445,1.3977,0.0,False,False
7,536,926291406,4,forward_right,0.41,159.6495,5.4215,0.9721,0.0,False,False
7,537,1406925816,4,forward_right,0.2128,159.8623,5.4084,0.9721,0.0,False,False
7,538,1406925816,4,forward_right,0.2429,160.1052,5.3937,1.5011,0.0,False,False
7,539,828879,1,turn_left,0.1071,160.2123,5.3834,1.4776,0.0,False,False
7,540,828879,1,turn_left,-0.1,160.1123,5.3834,1.4439,0.0,False,False
7,541,926291406,4,forward_right,0.1837,160.296,5.3717,1.4439,0.0,False,False
7,542,926291406,4,forward_right,0.2544,160.5504,5.3565,1.4529,0.0,False,False
7,543,828879,1,turn_left,0.1159,160.6663,5.3457,1.4724,0.0,False,False
7,544,926291406,4,forward_right,0.2149,160.8813,5.3324,1.473,0.0,False,False
7,545,926291406,4,forward_right,0.2566,161.1378,5.3171,1.473,0.0,False,False
7,546,828879,1,turn_left,0.118,161.2558,5.3062,0.9768,0.0,False,False
7,547,1406925816,4,forward_right,0.1261,161.3819,5.2974,1.5008,0.0,False,False
7,548,828879,1,turn_left,0.1219,161.5038,5.2863,1.4905,0.0,False,False
7,549,926291406,4,forward_right,0.2189,161.7226,5.2729,1.4681,0.0,False,False
7,550,926291406,4,forward_right,0.3188,162.0414,5.2544,1.5023,0.0,False,False
7,551,828879,1,turn_left,0.0436,162.085,5.2473,1.5004,0.0,False,False
7,552,926291406,4,forward_right,0.1385,162.2235,5.2378,1.5004,0.0,False,False
7,553,926291406,4,forward_right,0.3333,162.5568,5.2187,1.5424,0.0,False,False
7,554,828879,1,turn_left,0.12,162.6768,5.2077,1.5424,0.0,False,False
7,555,828879,1,turn_left,-0.0152,162.6616,5.2034,1.3325,0.0,False,False
7,556,926291406,4,forward_right,0.2157,162.8773,5.1901,1.3325,0.0,False,False
7,557,926291406,4,forward_right,0.2575,163.1347,5.1748,1.5158,0.0,False,False
7,558,926291406,4,forward_right,0.3626,163.4974,5.1541,1.529,0.0,False,False
7,559,828879,1,turn_left,0.0301,163.5275,5.1476,1.5292,0.0,False,False
7,560,828879,1,turn_left,-0.1,163.4275,5.1479,1.5292,0.0,False,False
7,561,926291406,4,forward_right,0.1032,163.5307,5.1403,1.1395,0.0,False,False
7,562,926291406,4,forward_right,0.345,163.8757,5.1205,1.5279,0.0,False,False
7,563,926291406,4,forward_right,0.2646,164.1403,5.1048,1.5376,0.0,False,False
7,564,926291406,4,forward_right,0.392,164.5323,5.0827,1.5433,0.0,False,False
7,565,926291406,4,forward_right,0.331,164.8633,5.0636,1.5724,0.0,False,False
7,566,828879,1,turn_left,0.0335,164.8968,5.057,1.5724,0.0,False,False
7,567,926291406,4,forward_right,0.2163,165.1131,5.0437,1.5723,0.0,False,False
7,568,926291406,4,forward_right,0.3343,165.4474,5.0244,1.175,0.0,False,False
7,569,828879,1,turn_left,0.0304,165.4778,5.0179,1.175,0.0,False,False
7,570,828879,1,turn_left,-0.0246,165.4532,5.0142,0.9934,0.0,False,False
7,571,1309443777,2,turn_right,0.0023,165.4555,5.009,1.5777,0.0,False,False
7,572,926291406,4,forward_right,0.1638,165.6193,4.9983,1.573,0.0,False,False
7,573,926291406,4,forward_right,0.2683,165.8876,4.9824,1.5874,0.0,False,False
7,574,926291406,4,forward_right,0.2534,166.141,4.9673,1.5806,0.0,False,False
7,575,828879,1,turn_left,0.1426,166.2837,4.9551,1.6091,0.0,False,False
7,576,828879,1,turn_left,-0.1,166.1837,4.9553,1.5937,0.0,False,False
7,577,926291406,4,forward_right,0.1056,166.2893,4.9476,0.9603,0.0,False,False
7,578,1309443777,2,turn_right,0.1589,166.4482,4.9346,1.5935,0.0,False,False
7,579,926291406,4,forward_right,0.2112,166.6594,4.9216,1.5995,0.0,False,False
7,580,926291406,4,forward_right,0.2826,166.942,4.9049,1.6018,0.0,False,False
7,581,926291406,4,forward_right,0.3292,167.2712,4.886,1.6064,0.0,False,False
7,582,828879,1,turn_left,0.2175,167.4887,4.8701,1.6396,0.0,False,False
7,583,828879,1,turn_left,-0.1,167.3887,4.8699,1.6247,0.0,False,False
7,584,926291406,4,forward_right,0.102,167.4907,4.8623,1.0205,0.0,False,False
7,585,1937774032,3,forward_left,0.3247,167.8154,4.8436,1.308,0.0,False,False
7,586,926291406,4,forward_right,0.3663,168.1816,4.8228,1.6222,0.0,False,False
7,587,926291406,4,forward_right,0.3291,168.5108,4.8038,1.6428,0.0,False,False
7,588,828879,1,turn_left,0.0681,168.5789,4.7954,1.6425,0.0,False,False
7,589,828879,1,turn_left,-0.1,168.4789,4.7957,1.6487,0.0,False,False
7,590,926291406,4,forward_right,0.1473,168.6262,4.7858,1.4325,0.0,False,False
7,591,926291406,4,forward_right,0.3421,168.9683,4.7662,1.4136,0.0,False,False
7,592,926291406,4,forward_right,0.3376,169.3059,4.7468,1.2095,0.0,False,False
7,593,828879,1,turn_left,0.2118,169.5177,4.7312,0.944,0.0,False,False
7,594,1406925816,4,forward_right,0.1669,169.6847,4.7204,1.352,0.0,False,False
7,595,828879,1,turn_left,0.1365,169.8211,4.7085,1.6889,0.0,False,False
7,596,926291406,4,forward_right,0.0678,169.889,4.7027,1.6491,0.0,False,False
7,597,926291406,4,forward_right,0.462,170.351,4.6771,1.6728,0.0,False,False
7,598,828879,1,turn_left,0.0604,170.4114,4.669,1.6917,0.0,False,False
7,599,828879,1,turn_left,-0.1,170.3114,4.6692,1.6838,0.0,False,False
7,600,926291406,4,forward_right,-0.05,170.2614,4.6678,1.0102,0.0,False,False
7,601,1309443777,2,turn_right,0.1467,170.4081,4.6554,1.5037,0.0,False,False
7,602,926291406,4,forward_right,0.1912,170.5993,4.6434,1.6669,0.0,False,False
7,603,926291406,4,forward_right,0.2509,170.8502,4.6283,1.6739,0.0,False,False
7,604,926291406,4,forward_right,0.4088,171.259,4.6054,1.6782,0.0,False,False
7,605,926291406,4,forward_right,0.253,171.512,4.5902,1.7009,0.0,False,False
7,606,828879,1,turn_left,0.2099,171.7219,4.5747,1.7165,0.0,False,False
7,607,828879,1,turn_left,-0.1,171.6219,4.575,1.7158,0.0,False,False
7,608,926291406,4,forward_right,0.0162,171.6381,4.5717,0.9539,0.0,False,False
7,609,1309443777,2,turn_right,0.2649,171.903,4.5535,0.9539,0.0,False,False
7,610,926291406,4,forward_right,0.03,171.933,4.5495,1.7119,0.0,False,False
7,611,828879,1,turn_left,0.0808,172.0138,4.5404,1.729,0.0,False,False
7,612,828879,1,turn_left,-0.1,171.9138,4.5401,1.7169,0.0,False,False
7,613,926291406,4,forward_right,0.1939,172.1077,4.5279,1.6876,0.0,False,False
7,614,926291406,4,forward_right,0.2623,172.3699,4.5123,1.7087,0.0,False,False
7,615,926291406,4,forward_right,0.3352,172.7051,4.493,1.7232,0.0,False,False
7,616,926291406,4,forward_right,0.3294,173.0346,4.4741,3.8488,0.0,False,False
7,617,828879,1,turn_left,0.1288,173.1634,4.4626,3.8237,0.0,False,False
7,618,828879,1,turn_left,-0.1,173.0634,4.4626,1.2905,0.0,False,False
7,619,926291406,4,forward_right,-0.05,173.0134,4.4613,1.0112,0.0,False,False
7,620,1309443777,2,turn_right,0.2433,173.2567,4.4442,1.7488,0.0,False,False
7,621,926291406,4,forward_right,0.2308,173.4874,4.4301,1.7415,0.0,False,False
7,622,926291406,4,forward_right,0.1312,173.6187,4.4211,1.7415,0.0,False,False
7,623,926291406,4,forward_right,0.3941,174.0128,4.3988,1.7477,0.0,False,False
7,624,828879,1,turn_left,0.3329,174.3457,4.3772,3.7805,0.0,False,False
7,625,828879,1,turn_left,-0.1,174.2457,4.3759,2.911,0.0,False,False
7,626,828879,1,turn_left,-0.1,174.1457,4.3761,1.0099,0.0,False,False
7,627,1309443777,2,turn_right,-0.009,174.1367,4.3716,1.1553,0.0,False,False
7,628,926291406,4,forward_right,0.1346,174.2713,4.3624,1.7993,0.0,False,False
7,629,926291406,4,forward_right,0.1866,174.4579,4.3505,3.6013,0.0,False,False
7,630,926291406,4,forward_right,0.276,174.7338,4.3342,3.7693,0.0,False,False
7,631,828879,1,turn_left,0.0724,174.8063,4.3256,3.7693,0.0,False,False
7,632,926291406,4,forward_right,0.0615,174.8677,4.32,3.7581,0.0,False,False
7,633,926291406,4,forward_right,0.1883,175.0561,4.3081,1.4827,0.0,False,False
7,634,926291406,4,forward_right,0.3765,175.4326,4.2868,0.9977,0.0,False,False
7,635,1309443777,2,turn_right,0.2321,175.6647,4.2702,1.4111,0.0,False,False
7,636,926291406,4,forward_right,0.2069,175.8716,4.2573,1.452,0.0,False,False
7,637,828879,1,turn_left,0.1275,175.9991,4.246,1.3274,0.0,False,False
7,638,828879,1,turn_left,-0.1,175.8991,4.2462,0.9959,0.0,False,False
7,639,1309443777,2,turn_right,0.0505,175.9496,4.2387,0.9959,0.0,False,False
7,640,1309443777,2,turn_right,0.0757,176.0252,4.2299,2.3553,0.0,False,False
7,641,926291406,4,forward_right,0.0144,176.0396,4.2267,2.4318,0.0,False,False
7,642,828879,1,turn_left,0.2239,176.2635,4.2105,3.6656,0.0,False,False
7,643,828879,1,turn_left,-0.1,176.1635,4.2106,2.8697,0.0,False,False
7,644,926291406,4,forward_right,0.062,176.2255,4.205,2.4786,0.0,False,False
7,645,926291406,4,forward_right,0.337,176.5624,4.1856,3.6744,0.0,False,False
7,646,926291406,4,forward_right,0.4059,176.9684,4.1628,3.6836,0.0,False,False
7,647,828879,1,turn_left,0.1761,177.1444,4.149,3.6538,0.0,False,False
7,648,828879,1,turn_left,-0.1,177.0444,4.1483,3.6538,0.0,False,False
7,649,926291406,4,forward_right,-0.05,176.9944,4.1465,0.9655,0.0,False,False
7,650,1309443777,2,turn_right,0.1863,177.1807,4.1322,1.0408,0.0,False,False
7,651,1166997565,3,forward_left,-0.05,177.1307,4.131,1.0408,0.0,False,False
7,652,1166997565,3,forward_left,0.2804,177.4111,4.1145,1.557,0.0,False,False
7,653,926291406,4,forward_right,0.3656,177.7767,4.0937,1.557,0.0,False,False
7,654,926291406,4,forward_right,0.2278,178.0045,4.0798,3.5266,0.0,False,False
7,655,926291406,4,forward_right,0.3322,178.3367,4.0607,3.5266,0.0,False,False
7,656,828879,1,turn_left,0.2127,178.5494,4.0451,3.6243,0.0,False,False
7,657,828879,1,turn_left,-0.1,178.4494,4.0449,1.8127,0.0,False,False
7,658,926291406,4,forward_right,0.1492,178.5986,4.035,1.1538,0.0,False,False
7,659,926291406,4,forward_right,0.2657,178.8643,4.0192,0.9665,0.0,False,False
7,660,1309443777,2,turn_right,0.234,179.0983,4.0025,0.9665,0.0,False,False
7,661,1309443777,2,turn_right,0.1013,179.1996,3.9924,1.2456,0.0,False,False
7,662,828879,1,turn_left,0.0445,179.2441,3.9852,1.2456,0.0,False,False
7,663,828879,1,turn_left,-0.0181,179.226,3.9811,1.0824,0.0,False,False
7,664,587486767,5,stop,0.0474,179.2734,3.9762,1.0824,0.0,False,False
7,665,1166997565,3,forward_left,0.0249,179.2984,3.9725,1.13,0.0,False,False
7,666,1309443777,2,turn_right,0.0066,179.305,3.9672,0.9465,0.0,False,False
7,667,926291406,4,forward_right,0.1149,179.4199,3.9589,1.1691,0.0,False,False
7,668,926291406,4,forward_right,0.2238,179.6437,3.9452,1.3997,0.0,False,False
7,669,926291406,4,forward_right,0.5581,180.2018,3.9148,3.0523,0.0,False,False
7,670,828879,1,turn_left,0.0493,180.2511,3.9074,3.0523,0.0,False,False
7,671,828879,1,turn_left,-0.0106,180.2405,3.9029,3.5526,0.0,False,False
7,672,828879,1,turn_left,-0.1,180.1405,3.9032,2.0375,0.0,False,False
7,673,1309443777,2,turn_right,-0.0582,180.0823,3.9011,0.9986,0.0,False,False
7,674,926291406,4,forward_right,0.1479,180.2302,3.8912,1.1518,0.0,False,False
7,675,926291406,4,forward_right,0.3001,180.5303,3.8737,1.8086,0.0,False,False
7,676,926291406,4,forward_right,0.3397,180.87,3.8542,3.5641,0.0,False,False
7,677,926291406,4,forward_right,0.3196,181.1896,3.8357,3.5485,0.0,False,False
7,678,828879,1,turn_left,0.2774,181.467,3.8168,3.5212,0.0,False,False
7,679,828879,1,turn_left,-0.0006,181.4663,3.8119,3.5212,0.0,False,False
7,680,926291406,4,forward_right,0.1526,181.619,3.8017,1.7706,0.0,False,False
7,681,926291406,4,forward_right,0.217,181.836,3.7884,1.077,0.0,False,False
7,682,926291406,4,forward_right,0.3302,182.1661,3.7694,1.1225,0.0,False,False
7,683,828879,1,turn_left,0.2643,182.4305,3.7512,1.6817,0.0,False,False
7,684,828879,1,turn_left,-0.1,182.3305,3.7498,1.8428,0.0,False,False
7,685,926291406,4,forward_right,0.0525,182.383,3.7447,1.0112,0.0,False,False
7,686,1309443777,2,turn_right,0.3099,182.6928,3.7242,1.4093,0.0,False,False
7,687,926291406,4,forward_right,0.1498,182.8426,3.7142,2.1983,0.0,False,False
7,688,828879,1,turn_left,0.1886,183.0312,3.6998,3.0921,0.0,False,False
7,689,828879,1,turn_left,-0.1,182.9312,3.6998,2.7212,0.0,False,False
7,690,926291406,4,forward_right,0.0696,183.0008,3.6938,1.4717,0.0,False,False
7,691,926291406,4,forward_right,0.3489,183.3497,3.6739,1.1441,0.0,False,False
7,692,926291406,4,forward_right,0.323,183.6728,3.6552,1.0497,0.0,False,False
7,693,1166997565,3,forward_left,0.243,183.9158,3.6406,1.0849,0.0,False,False
7,694,1166997565,3,forward_left,0.3767,184.2925,3.6192,1.3596,0.0,False,False
7,695,926291406,4,forward_right,0.3129,184.6054,3.6011,1.5263,0.0,False,False
7,696,926291406,4,forward_right,0.2374,184.8428,3.5867,1.429,0.0,False,False
7,697,926291406,4,forward_right,0.3394,185.1822,3.5672,1.2039,0.0,False,False
7,698,926291406,4,forward_right,0.2944,185.4766,3.55,0.9568,0.0,False,False
7,699,1406925816,4,forward_right,0.3999,185.8765,3.5275,1.4124,0.0,False,False
7,700,828879,1,turn_left,0.2127,186.0892,3.5119,1.9879,0.0,False,False
7,701,828879,1,turn_left,-0.1,185.9892,3.5121,1.7073,0.0,False,False
7,702,828879,1,turn_left,-0.1,185.8892,3.5124,0.9364,0.0,False,False
7,703,1309443777,2,turn_right,-0.0077,185.8815,3.5078,1.0664,0.0,False,False
7,704,1166997565,3,forward_left,0.2658,186.1473,3.492,1.5124,0.0,False,False
7,705,2095099663,0,forward,0.3168,186.4641,3.4736,2.3119,0.0,False,False
7,706,2095099663,0,forward,0.2752,186.7393,3.4574,3.4374,0.0,False,False
7,707,2095099663,0,forward,0.3764,187.1157,3.436,3.4502,0.0,False,False
7,708,2095099663,0,forward,0.4935,187.6092,3.4089,3.4303,0.0,False,False
7,709,2095099663,0,forward,0.5021,188.1113,3.3813,3.4222,0.0,False,False
7,710,2095099663,0,forward,0.5013,188.6126,3.3537,3.4119,0.0,False,False
7,711,2095099663,0,forward,0.3904,189.003,3.3317,3.4178,0.0,False,False
7,712,2095099663,0,forward,0.4997,189.5027,3.3042,3.4206,0.0,False,False
7,713,2095099663,0,forward,0.4988,190.0015,3.2768,3.3976,0.0,False,False
7,714,2095099663,0,forward,0.4981,190.4996,3.2494,2.1715,0.0,False,False
7,715,2095099663,0,forward,0.6072,191.1068,3.2165,1.3954,0.0,False,False
7,716,2095099663,0,forward,0.3227,191.4295,3.1979,0.9491,0.0,False,False
7,717,1341840061,1,turn_left,0.4986,191.9281,3.1679,1.6208,0.0,False,False
7,718,1508107506,3,forward_left,0.3372,192.2653,3.1486,2.4854,0.0,False,False
7,719,1508107506,3,forward_left,0.2548,192.52,3.1333,3.1422,0.0,False,False
7,720,2095099663,0,forward,0.4145,192.9345,3.1101,3.3952,0.0,False,False
7,721,2095099663,0,forward,0.4611,193.3956,3.0845,3.3759,0.0,False,False
7,722,2095099663,0,forward,0.3933,193.7889,3.0624,3.3989,0.0,False,False
7,723,2095099663,0,forward,0.5033,194.2922,3.0347,3.3939,0.0,False,False
7,724,2095099663,0,forward,0.5025,194.7947,3.0071,3.376,0.0,False,False
7,725,2095099663,0,forward,0.6117,195.4064,2.974,3.3801,0.0,False,False
7,726,2095099663,0,forward,0.6104,196.0168,2.941,3.389,0.0,False,False
7,727,2095099663,0,forward,0.2797,196.2964,2.9245,3.383,0.0,False,False
7,728,2095099663,0,forward,0.6082,196.9046,2.8916,3.3733,0.0,False,False
7,729,2095099663,0,forward,0.388,197.2926,2.8697,3.3736,0.0,False,False
7,730,2095099663,0,forward,0.4965,197.7891,2.8424,3.3789,0.0,False,False
7,731,2095099663,0,forward,0.4955,198.2845,2.8151,2.7337,0.0,False,False
7,732,2095099663,0,forward,0.4946,198.7791,2.7879,1.743,0.0,False,False
7,733,1508107506,3,forward_left,0.4249,199.204,2.7641,1.0977,0.0,False,False
7,734,1263078535,3,forward_left,0.2421,199.4461,2.7495,1.2335,0.0,False,False
7,735,2095099663,0,forward,0.4821,199.9282,2.7229,3.3725,0.0,False,False
7,736,2095099663,0,forward,0.3047,200.2329,2.7052,3.375,0.0,False,False
7,737,2095099663,0,forward,0.507,200.7399,2.6773,3.3777,0.0,False,False
7,738,2095099663,0,forward,0.5057,201.2456,2.6496,3.3897,0.0,False,False
7,739,2095099663,0,forward,0.5047,201.7503,2.6218,3.3785,0.0,False,False
7,740,2095099663,0,forward,0.5037,202.2539,2.5941,3.3714,0.0,False,False
7,741,2095099663,0,forward,0.5026,202.7565,2.5665,3.3787,0.0,False,False
7,742,2095099663,0,forward,0.5016,203.2581,2.5389,2.5033,0.0,False,False
7,743,2095099663,0,forward,0.5008,203.759,2.5114,1.6235,0.0,False,False
7,744,2095099663,0,forward,0.4689,204.2279,2.4854,1.0314,0.0,False,False
7,745,1263078535,3,forward_left,0.3236,204.5515,2.4668,1.2519,0.0,False,False
7,746,2095099663,0,forward,0.4537,205.0051,2.4416,1.677,0.0,False,False
7,747,2095099663,0,forward,0.6154,205.6205,2.4083,2.7562,0.0,False,False
7,748,2095099663,0,forward,0.2823,205.9029,2.3917,3.3824,0.0,False,False
7,749,2095099663,0,forward,0.6071,206.51,2.3588,3.3961,0.0,False,False
7,750,2095099663,0,forward,0.5017,207.0118,2.3312,3.3837,0.0,False,False
7,751,2095099663,0,forward,0.5005,207.5122,2.3037,3.3934,0.0,False,False
7,752,2095099663,0,forward,0.4992,208.0114,2.2763,3.3934,0.0,False,False
7,753,2095099663,0,forward,0.6073,208.6187,2.2434,3.4019,0.0,False,False
7,754,2095099663,0,forward,0.4963,209.115,2.2161,3.3943,0.0,False,False
7,755,2095099663,0,forward,0.495,209.61,2.1888,2.324,0.0,False,False
7,756,2095099663,0,forward,0.3853,209.9953,2.1671,1.4579,0.0,False,False
7,757,1508107506,3,forward_left,0.4137,210.409,2.1439,0.9534,0.0,False,False
7,758,1840798605,5,stop,0.3345,210.7435,2.1247,1.2206,0.0,False,False
7,759,2095099663,0,forward,0.3211,211.0646,2.1061,1.5062,0.0,False,False
7,760,2095099663,0,forward,0.4448,211.5095,2.0814,1.8285,0.0,False,False
7,761,2095099663,0,forward,0.613,212.1225,2.0482,2.7526,0.0,False,False
7,762,2095099663,0,forward,0.391,212.5136,2.0262,3.4324,0.0,False,False
7,763,2095099663,0,forward,0.6099,213.1235,1.9932,3.4314,0.0,False,False
7,764,2095099663,0,forward,0.3888,213.5123,1.9712,3.4337,0.0,False,False
7,765,2095099663,0,forward,0.6064,214.1187,1.9384,3.4339,0.0,False,False
7,766,2095099663,0,forward,0.3863,214.505,1.9166,3.3517,0.0,False,False
7,767,2095099663,0,forward,0.494,214.999,1.8894,2.3842,0.0,False,False
7,768,1508107506,3,forward_left,0.4513,215.4503,1.8643,1.5788,0.0,False,False
7,769,2095099663,0,forward,0.3055,215.7557,1.8465,0.9443,0.0,False,False
7,770,1341840061,1,turn_left,0.347,216.1027,1.8242,1.9059,0.0,False,False
7,771,2095099663,0,forward,0.2425,216.3452,1.8096,3.4546,0.0,False,False
7,772,2095099663,0,forward,0.4845,216.8297,1.7828,3.4631,0.0,False,False
7,773,2095099663,0,forward,0.284,217.1137,1.7661,3.4749,0.0,False,False
7,774,2095099663,0,forward,0.6162,217.7299,1.7328,3.4833,0.0,False,False
7,775,2095099663,0,forward,0.6139,218.3438,1.6996,3.4684,0.0,False,False
7,776,2095099663,0,forward,0.3913,218.7351,1.6776,3.4728,0.0,False,False
7,777,2095099663,0,forward,0.5001,219.2353,1.6501,3.4913,0.0,False,False
7,778,2095099663,0,forward,0.4985,219.7337,1.6226,2.3425,0.0,False,False
7,779,2095099663,0,forward,0.4971,220.2308,1.5953,1.4659,0.0,False,False
7,780,2095099663,0,forward,0.3903,220.6211,1.5733,0.9477,0.0,False,False
7,781,1840798605,5,stop,0.4162,221.0373,1.55,1.5008,0.0,False,False
7,782,2095099663,0,forward,0.297,221.3343,1.5326,2.5997,0.0,False,False
7,783,2095099663,0,forward,0.3593,221.6937,1.5121,3.5187,0.0,False,False
7,784,2095099663,0,forward,0.6755,222.3691,1.4759,3.5329,0.0,False,False
7,785,2095099663,0,forward,0.2802,222.6493,1.4594,3.5403,0.0,False,False
7,786,2095099663,0,forward,0.4985,223.1478,1.4319,3.552,0.0,False,False
7,787,2095099663,0,forward,0.4963,223.6442,1.4046,3.5421,0.0,False,False
7,788,2095099663,0,forward,0.4941,224.1383,1.3774,3.5513,0.0,False,False
7,789,1508107506,3,forward_left,0.4735,224.6118,1.3512,2.9057,0.0,False,False
7,790,1508107506,3,forward_left,0.3387,224.9505,1.3318,1.4723,0.0,False,False
7,791,2095099663,0,forward,0.1367,225.0872,1.3225,0.915,0.0,False,False
7,792,1341840061,1,turn_left,0.4075,225.4948,1.2971,3.4261,0.0,False,False
7,793,2095099663,0,forward,0.2373,225.7321,1.2827,3.613,0.0,False,False
7,794,2095099663,0,forward,0.4476,226.1797,1.2578,3.6274,0.0,False,False
7,795,2095099663,0,forward,500.0,726.1797,1.2246,3.64,0.0,True,False
8,1,964610217,0,forward,-0.0064,-0.0064,15.9732,0.9809,0.0,False,False
8,2,964610217,0,forward,0.203,0.1966,15.9606,1.1074,0.0,False,False
8,3,1548021558,0,forward,0.2182,0.4147,15.9472,1.3194,0.0,False,False
8,4,1548021558,0,forward,0.3967,0.8115,15.9249,1.6484,0.0,False,False
8,5,1548021558,0,forward,0.5304,1.3418,15.8958,2.5405,0.0,False,False
8,6,1548021558,0,forward,0.5458,1.8877,15.866,3.9287,0.0,False,False
8,7,1548021558,0,forward,0.4268,2.3144,15.8422,3.9069,0.0,False,False
8,8,1548021558,0,forward,0.6652,2.9797,15.8064,3.8738,0.0,False,False
8,9,1548021558,0,forward,0.5456,3.5253,15.7767,3.8467,0.0,False,False
8,10,1548021558,0,forward,0.3076,3.8329,15.7588,3.8467,0.0,False,False
8,11,1548021558,0,forward,0.4268,4.2597,15.7349,3.8054,0.0,False,False
8,12,1548021558,0,forward,0.6651,4.9248,15.6992,3.7657,0.0,False,False
8,13,1548021558,0,forward,0.7843,5.709,15.6575,3.7256,0.0,False,False
8,14,1548021558,0,forward,0.5459,6.255,15.6277,2.4859,0.0,False,False
8,15,1548021558,0,forward,0.5462,6.8012,15.5979,1.5609,0.0,False,False
8,16,1548021558,0,forward,0.5472,7.3484,15.568,0.9892,0.0,False,False
8,17,964610217,0,forward,0.4467,7.795,15.5432,0.9892,0.0,False,False
8,18,964610217,0,forward,0.5449,8.34,15.5134,3.6122,0.0,False,False
8,19,1548021558,0,forward,0.4979,8.8379,15.486,3.5884,0.0,False,False
8,20,1548021558,0,forward,0.5354,9.3733,15.4568,3.5613,0.0,False,False
8,21,1548021558,0,forward,0.5454,9.9187,15.427,3.5303,0.0,False,False
8,22,1548021558,0,forward,0.5454,10.4641,15.3972,3.5092,0.0,False,False
8,23,1548021558,0,forward,0.5453,11.0094,15.3675,3.4813,0.0,False,False
8,24,1548021558,0,forward,0.5453,11.5546,15.3377,3.4507,0.0,False,False
8,25,1548021558,0,forward,0.5453,12.0999,15.3079,3.4314,0.0,False,False
8,26,1548021558,0,forward,0.6644,12.7643,15.2722,2.2505,0.0,False,False
8,27,1548021558,0,forward,0.3074,13.0717,15.2543,1.3799,0.0,False,False
8,28,1548021558,0,forward,0.6313,13.7029,15.2203,0.9457,0.0,False,False
8,29,964610217,0,forward,0.5016,14.2045,15.1927,1.6586,0.0,False,False
8,30,1548021558,0,forward,0.5446,14.7492,15.163,1.6586,0.0,False,False
8,31,1548021558,0,forward,0.5452,15.2943,15.1332,3.2962,0.0,False,False
8,32,1548021558,0,forward,0.6476,15.942,15.0983,3.2492,0.0,False,False
8,33,1548021558,0,forward,0.1881,16.13,15.0864,3.2492,0.0,False,False
8,34,1548021558,0,forward,0.6642,16.7943,15.0507,3.2234,0.0,False,False
8,35,1548021558,0,forward,0.6642,17.4584,15.015,3.1776,0.0,False,False
8,36,1548021558,0,forward,0.5451,18.0035,14.9853,3.1589,0.0,False,False
8,37,1548021558,0,forward,0.5451,18.5487,14.9555,3.1359,0.0,False,False
8,38,1548021558,0,forward,0.5454,19.0941,14.9257,2.1588,0.0,False,False
8,39,1548021558,0,forward,0.5387,19.6328,14.8963,1.3727,0.0,False,False
8,40,964610217,0,forward,0.5942,20.227,14.8641,1.6629,0.0,False,False
8,41,1548021558,0,forward,0.4255,20.6525,14.8403,3.0266,0.0,False,False
8,42,1548021558,0,forward,0.545,21.1975,14.8106,3.0266,0.0,False,False
8,43,1548021558,0,forward,0.4092,21.6067,14.7876,2.9976,0.0,False,False
8,44,1548021558,0,forward,0.7832,22.3899,14.7459,2.9683,0.0,False,False
8,45,1548021558,0,forward,0.426,22.8159,14.7221,2.9506,0.0,False,False
8,46,1548021558,0,forward,0.545,23.3609,14.6924,2.9185,0.0,False,False
8,47,1548021558,0,forward,0.6639,24.0248,14.6567,2.8673,0.0,False,False
8,48,1548021558,0,forward,0.426,24.4508,14.6329,2.8673,0.0,False,False
8,49,1548021558,0,forward,0.5452,24.996,14.6031,2.3067,0.0,False,False
8,50,1548021558,0,forward,0.4267,25.4227,14.5793,1.4705,0.0,False,False
8,51,1548021558,0,forward,0.588,26.0107,14.5474,0.9462,0.0,False,False
8,52,964610217,0,forward,0.5438,26.5545,14.5177,1.5661,0.0,False,False
8,53,1548021558,0,forward,0.5447,27.0992,14.488,2.7399,0.0,False,False
8,54,1548021558,0,forward,0.5228,27.622,14.4593,2.7205,0.0,False,False
8,55,1548021558,0,forward,0.545,28.167,14.4296,2.6989,0.0,False,False
8,56,1548021558,0,forward,0.5449,28.7119,14.3998,2.6755,0.0,False,False
8,57,1548021558,0,forward,0.5449,29.2567,14.3701,2.6315,0.0,False,False
8,58,1548021558,0,forward,0.5448,29.8016,14.3404,2.635,0.0,False,False
8,59,1548021558,0,forward,0.5448,30.3464,14.3106,2.5956,0.0,False,False
8,60,1548021558,0,forward,0.5449,30.8913,14.2809,2.5682,0.0,False,False
8,61,1548021558,0,forward,0.5455,31.4368,14.2511,1.6135,0.0,False,False
8,62,1548021558,0,forward,0.4476,31.8844,14.2262,1.0363,0.0,False,False
8,63,1904234423,4,forward_right,0.5861,32.4705,14.1944,1.2891,0.0,False,False
8,64,1548021558,0,forward,0.3374,32.8079,14.175,2.4744,0.0,False,False
8,65,1548021558,0,forward,0.3921,33.2001,14.1529,2.4877,0.0,False,False
8,66,1548021558,0,forward,0.6654,33.8655,14.1172,2.4714,0.0,False,False
8,67,1548021558,0,forward,0.5459,34.4114,14.0874,2.4465,0.0,False,False
8,68,1548021558,0,forward,0.4267,34.8381,14.0635,2.4128,0.0,False,False
8,69,1548021558,0,forward,0.665,35.5032,14.0278,2.393,0.0,False,False
8,70,1548021558,0,forward,0.5458,36.049,13.998,2.3736,0.0,False,False
8,71,1548021558,0,forward,0.5459,36.5949,13.9682,2.3449,0.0,False,False
8,72,1548021558,0,forward,0.5462,37.1411,13.9384,1.864,0.0,False,False
8,73,1548021558,0,forward,0.5217,37.6628,13.9098,1.1947,0.0,False,False
8,74,1548021558,0,forward,0.4741,38.1369,13.8836,1.0054,0.0,False,False
8,75,964610217,0,forward,0.5452,38.6821,13.8538,2.2702,0.0,False,False
8,76,1548021558,0,forward,0.5053,39.1874,13.8261,2.2481,0.0,False,False
8,77,1548021558,0,forward,0.546,39.7334,13.7963,2.2382,0.0,False,False
8,78,1548021558,0,forward,0.5458,40.2792,13.7665,2.2027,0.0,False,False
8,79,1548021558,0,forward,0.5458,40.825,13.7367,2.194,0.0,False,False
8,80,1548021558,0,forward,0.5457,41.3707,13.7069,2.1598,0.0,False,False
8,81,1548021558,0,forward,0.5457,41.9164,13.6771,2.1421,0.0,False,False
8,82,1548021558,0,forward,0.5458,42.4622,13.6473,2.1224,0.0,False,False
8,83,1548021558,0,forward,0.4269,42.8891,13.6235,1.5344,0.0,False,False
8,84,1548021558,0,forward,0.5924,43.4815,13.5914,0.9854,0.0,False,False
8,85,964610217,0,forward,0.5432,44.0247,13.5617,1.4224,0.0,False,False
8,86,1548021558,0,forward,0.5452,44.5699,13.5319,2.0412,0.0,False,False
8,87,1548021558,0,forward,0.651,45.2208,13.4969,2.0296,0.0,False,False
8,88,1548021558,0,forward,0.4268,45.6477,13.473,2.0075,0.0,False,False
8,89,1548021558,0,forward,0.5457,46.1934,13.4433,1.988,0.0,False,False
8,90,1548021558,0,forward,0.5456,46.739,13.4135,1.9753,0.0,False,False
8,91,1548021558,0,forward,0.5456,47.2846,13.3837,1.9519,0.0,False,False
8,92,1548021558,0,forward,0.5456,47.8302,13.3539,1.9302,0.0,False,False
8,93,1548021558,0,forward,0.5456,48.3758,13.3241,1.9187,0.0,False,False
8,94,1548021558,0,forward,0.5458,48.9216,13.2944,1.8897,0.0,False,False
8,95,1548021558,0,forward,0.5466,49.4682,13.2645,1.2218,0.0,False,False
8,96,1548021558,0,forward,0.4591,49.9273,13.2391,1.0035,0.0,False,False
8,97,964610217,0,forward,0.5446,50.4719,13.2093,1.842,0.0,False,False
8,98,1548021558,0,forward,0.5454,51.0173,13.1796,1.8533,0.0,False,False
8,99,1548021558,0,forward,0.5327,51.55,13.1504,1.836,0.0,False,False
8,100,1548021558,0,forward,0.5458,52.0958,13.1206,1.7996,0.0,False,False
8,101,1548021558,0,forward,0.5456,52.6414,13.0909,1.7957,0.0,False,False
8,102,1548021558,0,forward,0.5455,53.1869,13.0611,1.785,0.0,False,False
8,103,1548021558,0,forward,0.5455,53.7324,13.0313,1.7571,0.0,False,False
8,104,1548021558,0,forward,0.5455,54.2779,13.0015,1.7556,0.0,False,False
8,105,1548021558,0,forward,0.5456,54.8235,12.9718,1.7459,0.0,False,False
8,106,1548021558,0,forward,0.5462,55.3697,12.9419,1.4393,0.0,False,False
8,107,1548021558,0,forward,0.4616,55.8312,12.9164,0.9382,0.0,False,False
8,108,964610217,0,forward,0.5444,56.3756,12.8867,1.5179,0.0,False,False
8,109,1548021558,0,forward,0.6642,57.0398,12.8509,1.6799,0.0,False,False
8,110,1548021558,0,forward,0.411,57.4508,12.8279,1.6884,0.0,False,False
8,111,1548021558,0,forward,0.5446,57.9954,12.7982,1.6772,0.0,False,False
8,112,1548021558,0,forward,0.5455,58.5409,12.7684,1.6484,0.0,False,False
8,113,1548021558,0,forward,0.5455,59.0864,12.7386,1.6413,0.0,False,False
8,114,1548021558,0,forward,0.5454,59.6318,12.7088,1.6461,0.0,False,False
8,115,1548021558,0,forward,0.5454,60.1772,12.6791,1.6246,0.0,False,False
8,116,1548021558,0,forward,0.5454,60.7226,12.6493,1.6215,0.0,False,False
8,117,1548021558,0,forward,0.5457,61.2683,12.6195,1.6064,0.0,False,False
8,118,1548021558,0,forward,0.5466,61.8148,12.5897,1.1885,0.0,False,False
8,119,1548021558,0,forward,0.4588,62.2737,12.5642,1.0368,0.0,False,False
8,120,1904234423,4,forward_right,0.4965,62.7702,12.5369,1.5763,0.0,False,False
8,121,1548021558,0,forward,0.4665,63.2367,12.5111,1.5752,0.0,False,False
8,122,1548021558,0,forward,0.5468,63.7835,12.4813,1.5734,0.0,False,False
8,123,1548021558,0,forward,0.5401,64.3236,12.4518,1.5683,0.0,False,False
8,124,1548021558,0,forward,0.5468,64.8703,12.4219,1.5603,0.0,False,False
8,125,1548021558,0,forward,0.5467,65.4171,12.3921,1.5351,0.0,False,False
8,126,1548021558,0,forward,0.5467,65.9637,12.3622,1.5416,0.0,False,False
8,127,1548021558,0,forward,0.5467,66.5104,12.3324,1.5487,0.0,False,False
8,128,1548021558,0,forward,0.5467,67.0571,12.3026,1.539,0.0,False,False
8,129,1548021558,0,forward,0.547,67.6041,12.2727,1.5399,0.0,False,False
8,130,1548021558,0,forward,0.5326,68.1367,12.2436,1.0187,0.0,False,False
8,131,1904234423,4,forward_right,0.4385,68.5751,12.2192,1.288,0.0,False,False
8,132,1548021558,0,forward,0.4656,69.0407,12.1934,1.5412,0.0,False,False
8,133,1548021558,0,forward,0.5475,69.5882,12.1635,1.5392,0.0,False,False
8,134,1548021558,0,forward,0.5478,70.136,12.1336,1.5254,0.0,False,False
8,135,1548021558,0,forward,0.5382,70.6742,12.1042,1.5337,0.0,False,False
8,136,1548021558,0,forward,0.5478,71.222,12.0743,1.5234,0.0,False,False
8,137,1548021558,0,forward,0.5478,71.7698,12.0444,1.5179,0.0,False,False
8,138,1548021558,0,forward,0.4282,72.198,12.0205,1.5349,0.0,False,False
8,139,1548021558,0,forward,0.6673,72.8652,11.9847,1.5402,0.0,False,False
8,140,1548021558,0,forward,0.5478,73.413,11.9548,1.5274,0.0,False,False
8,141,1548021558,0,forward,0.548,73.961,11.9249,1.5469,0.0,False,False
8,142,1548021558,0,forward,0.549,74.51,11.8949,0.9988,0.0,False,False
8,143,964610217,0,forward,0.4732,74.9832,11.8688,1.3319,0.0,False,False
8,144,1548021558,0,forward,0.5469,75.5301,11.8389,1.4921,0.0,False,False
8,145,1548021558,0,forward,0.5476,76.0777,11.809,1.5118,0.0,False,False
8,146,1548021558,0,forward,0.5351,76.6129,11.7798,1.4837,0.0,False,False
8,147,1548021558,0,forward,0.5477,77.1606,11.7499,1.4837,0.0,False,False
8,148,1548021558,0,forward,0.5477,77.7082,11.72,1.4399,0.0,False,False
8,149,1548021558,0,forward,0.5476,78.2559,11.6901,1.4378,0.0,False,False
8,150,1548021558,0,forward,0.5476,78.8035,11.6603,1.4067,0.0,False,False
8,151,1548021558,0,forward,0.5477,79.3511,11.6304,1.3854,0.0,False,False
8,152,1548021558,0,forward,0.5479,79.899,11.6005,1.3828,0.0,False,False
8,153,1548021558,0,forward,0.5489,80.4479,11.5705,1.0017,0.0,False,False
8,154,964610217,0,forward,0.4742,80.9221,11.5443,1.3326,0.0,False,False
8,155,1548021558,0,forward,0.5467,81.4688,11.5145,1.3508,0.0,False,False
8,156,1548021558,0,forward,0.5474,82.0162,11.4846,1.3508,0.0,False,False
8,157,1548021558,0,forward,0.5388,82.555,11.4552,1.3155,0.0,False,False
8,158,1548021558,0,forward,0.5476,83.1026,11.4253,1.3155,0.0,False,False
8,159,1548021558,0,forward,0.5475,83.6502,11.3954,1.3007,0.0,False,False
8,160,1548021558,0,forward,0.5475,84.1977,11.3655,1.2893,0.0,False,False
8,161,1548021558,0,forward,0.5475,84.7452,11.3357,1.283,0.0,False,False
8,162,1548021558,0,forward,0.5475,85.2927,11.3058,1.2619,0.0,False,False
8,163,1548021558,0,forward,0.5477,85.8403,11.2759,1.2597,0.0,False,False
8,164,1548021558,0,forward,0.5484,86.3887,11.246,1.099,0.0,False,False
8,165,1904234423,4,forward_right,0.4277,86.8164,11.2221,1.1328,0.0,False,False
8,166,1548021558,0,forward,0.466,87.2824,11.1963,1.1328,0.0,False,False
8,167,1548021558,0,forward,0.548,87.8304,11.1664,1.2399,0.0,False,False
8,168,1548021558,0,forward,0.5484,88.3789,11.1365,1.2178,0.0,False,False
8,169,1548021558,0,forward,0.6529,89.0317,11.1013,1.2244,0.0,False,False
8,170,1548021558,0,forward,0.4288,89.4605,11.0774,1.2097,0.0,False,False
8,171,1548021558,0,forward,0.5485,90.009,11.0475,1.2153,0.0,False,False
8,172,1548021558,0,forward,0.6681,90.6772,11.0116,1.2104,0.0,False,False
8,173,1548021558,0,forward,0.5484,91.2256,10.9817,1.2159,0.0,False,False
8,174,1548021558,0,forward,0.4288,91.6543,10.9577,1.2002,0.0,False,False
8,175,1548021558,0,forward,0.5486,92.2029,10.9278,1.2002,0.0,False,False
8,176,1548021558,0,forward,0.5493,92.7522,10.8978,1.1292,0.0,False,False
8,177,1548021558,0,forward,0.4869,93.2391,10.871,1.116,0.0,False,False
8,178,1548021558,0,forward,0.5471,93.7862,10.8411,1.2015,0.0,False,False
8,179,1548021558,0,forward,0.5479,94.3341,10.8112,1.2094,0.0,False,False
8,180,1548021558,0,forward,0.5481,94.8822,10.7813,1.208,0.0,False,False
8,181,1548021558,0,forward,0.5483,95.4305,10.7514,1.203,0.0,False,False
8,182,1548021558,0,forward,0.5483,95.9788,10.7215,1.2089,0.0,False,False
8,183,1548021558,0,forward,0.5483,96.5271,10.6916,1.2089,0.0,False,False
8,184,1548021558,0,forward,0.5483,97.0754,10.6617,1.2084,0.0,False,False
8,185,1548021558,0,forward,0.5483,97.6237,10.6317,1.206,0.0,False,False
8,186,1548021558,0,forward,0.5483,98.172,10.6018,1.2149,0.0,False,False
8,187,1548021558,0,forward,0.4286,98.6006,10.5779,1.2174,0.0,False,False
8,188,1548021558,0,forward,0.6679,99.2684,10.542,1.2019,0.0,False,False
8,189,1548021558,0,forward,0.5482,99.8167,10.5121,1.2019,0.0,False,False
8,190,1548021558,0,forward,0.5484,100.3651,10.4822,1.226,0.0,False,False
8,191,1548021558,0,forward,0.5491,100.9142,10.4522,1.1243,0.0,False,False
8,192,1548021558,0,forward,0.6063,101.5205,10.4194,1.0897,0.0,False,False
8,193,1904234423,4,forward_right,0.4128,101.9332,10.3963,1.2189,0.0,False,False
8,194,1548021558,0,forward,0.4704,102.4037,10.3702,1.216,0.0,False,False
8,195,1548021558,0,forward,0.5485,102.9521,10.3403,1.2162,0.0,False,False
8,196,1548021558,0,forward,0.5486,103.5007,10.3104,1.2076,0.0,False,False
8,197,1548021558,0,forward,0.4289,103.9296,10.2865,1.2174,0.0,False,False
8,198,1548021558,0,forward,0.7881,104.7177,10.2445,1.2166,0.0,False,False
8,199,1548021558,0,forward,0.4289,105.1466,10.2206,1.2165,0.0,False,False
8,200,1548021558,0,forward,0.5488,105.6953,10.1907,1.2225,0.0,False,False
8,201,1548021558,0,forward,0.5492,106.2445,10.1607,1.2225,0.0,False,False
8,202,1548021558,0,forward,0.4951,106.7396,10.1335,0.9618,0.0,False,False
8,203,964610217,0,forward,0.5467,107.2862,10.1036,1.223,0.0,False,False
8,204,1548021558,0,forward,0.548,107.8342,10.0737,1.2178,0.0,False,False
8,205,1548021558,0,forward,0.5483,108.3825,10.0438,1.2102,0.0,False,False
8,206,1548021558,0,forward,0.5485,108.931,10.0139,1.2271,0.0,False,False
8,207,1548021558,0,forward,0.5486,109.4796,9.984,1.2271,0.0,False,False
8,208,1548021558,0,forward,0.5489,110.0285,9.954,1.2333,0.0,False,False
8,209,1548021558,0,forward,0.5283,110.5568,9.9251,0.9524,0.0,False,False
8,210,964610217,0,forward,0.5141,111.0709,9.8969,1.224,0.0,False,False
8,211,1548021558,0,forward,0.5478,111.6187,9.867,1.2167,0.0,False,False
8,212,1548021558,0,forward,0.5483,112.167,9.8371,1.2167,0.0,False,False
8,213,1548021558,0,forward,0.788,112.955,9.7952,1.2357,0.0,False,False
8,214,1548021558,0,forward,0.3082,113.2632,9.7773,1.2099,0.0,False,False
8,215,1548021558,0,forward,0.6684,113.9316,9.7414,1.2332,0.0,False,False
8,216,1548021558,0,forward,0.5486,114.4802,9.7114,1.2332,0.0,False,False
8,217,1548021558,0,forward,0.4288,114.909,9.6875,1.2263,0.0,False,False
8,218,1548021558,0,forward,0.5485,115.4575,9.6576,1.2298,0.0,False,False
8,219,1548021558,0,forward,0.5485,116.006,9.6276,1.2321,0.0,False,False
8,220,1548021558,0,forward,0.5487,116.5547,9.5977,1.2276,0.0,False,False
8,221,1548021558,0,forward,0.5494,117.1041,9.5677,1.225,0.0,False,False
8,222,1548021558,0,forward,0.4742,117.5783,9.5415,1.2348,0.0,False,False
8,223,1548021558,0,forward,0.5471,118.1254,9.5117,1.2296,0.0,False,False
8,224,1548021558,0,forward,0.5482,118.6736,9.4818,1.2296,0.0,False,False
8,225,1548021558,0,forward,0.5316,119.2052,9.4527,1.2373,0.0,False,False
8,226,1548021558,0,forward,0.549,119.7541,9.4227,1.2373,0.0,False,False
8,227,1548021558,0,forward,0.6682,120.4224,9.3868,1.2294,0.0,False,False
8,228,1548021558,0,forward,0.5485,120.9709,9.3569,1.2389,0.0,False,False
8,229,1548021558,0,forward,0.4288,121.3996,9.333,1.2382,0.0,False,False
8,230,1548021558,0,forward,0.5484,121.9481,9.303,1.232,0.0,False,False
8,231,1548021558,0,forward,0.5485,122.4965,9.2731,1.2422,0.0,False,False
8,232,1548021558,0,forward,0.5487,123.0453,9.2432,1.2281,0.0,False,False
8,233,1548021558,0,forward,0.6371,123.6823,9.2088,1.2368,0.0,False,False
8,234,964610217,0,forward,0.6248,124.3071,9.1751,0.9394,0.0,False,False
8,235,964610217,0,forward,0.3087,124.6158,9.1571,1.2398,0.0,False,False
8,236,1548021558,0,forward,0.5483,125.164,9.1272,1.2391,0.0,False,False
8,237,1548021558,0,forward,0.5326,125.6967,9.0981,1.2373,0.0,False,False
8,238,1548021558,0,forward,0.5486,126.2453,9.0682,1.2363,0.0,False,False
8,239,1548021558,0,forward,0.5484,126.7937,9.0382,1.2341,0.0,False,False
8,240,1548021558,0,forward,0.4287,127.2224,9.0143,1.2406,0.0,False,False
8,241,1548021558,0,forward,0.7877,128.0101,8.9724,1.2517,0.0,False,False
8,242,1548021558,0,forward,0.4287,128.4388,8.9485,1.2436,0.0,False,False
8,243,1548021558,0,forward,0.5485,128.9873,8.9186,1.2486,0.0,False,False
8,244,1548021558,0,forward,0.6692,129.6566,8.8826,1.2529,0.0,False,False
8,245,1548021558,0,forward,0.3567,130.0132,8.8623,0.9538,0.0,False,False
8,246,964610217,0,forward,0.547,130.5602,8.8324,1.2498,0.0,False,False
8,247,1548021558,0,forward,0.548,131.1083,8.8025,1.2462,0.0,False,False
8,248,1548021558,0,forward,0.5327,131.641,8.7734,1.2493,0.0,False,False
8,249,1548021558,0,forward,0.5487,132.1897,8.7434,1.2493,0.0,False,False
8,250,1548021558,0,forward,0.5484,132.738,8.7135,1.2404,0.0,False,False
8,251,1548021558,0,forward,0.5483,133.2864,8.6836,1.2502,0.0,False,False
8,252,1548021558,0,forward,0.5483,133.8347,8.6537,1.2501,0.0,False,False
8,253,1548021558,0,forward,0.5483,134.3829,8.6238,1.2509,0.0,False,False
8,254,1548021558,0,forward,0.5483,134.9313,8.5939,1.2488,0.0,False,False
8,255,1548021558,0,forward,0.5486,135.4799,8.5639,1.253,0.0,False,False
8,256,1548021558,0,forward,0.5422,136.0221,8.5343,1.2063,0.0,False,False
8,257,1548021558,0,forward,0.4808,136.5029,8.5078,1.0232,0.0,False,False
8,258,1904234423,4,forward_right,0.4991,137.002,8.4803,1.2581,0.0,False,False
8,259,1548021558,0,forward,0.4326,137.4346,8.4562,1.2475,0.0,False,False
8,260,1548021558,0,forward,0.5493,137.9839,8.4262,1.2539,0.0,False,False
8,261,1548021558,0,forward,0.5383,138.5221,8.3968,1.2697,0.0,False,False
8,262,1548021558,0,forward,0.5493,139.0714,8.3669,1.2662,0.0,False,False
8,263,1548021558,0,forward,0.5493,139.6207,8.3369,1.2626,0.0,False,False
8,264,1548021558,0,forward,0.5492,140.1699,8.3069,1.2704,0.0,False,False
8,265,1548021558,0,forward,0.5492,140.7191,8.277,1.2851,0.0,False,False
8,266,1548021558,0,forward,0.5492,141.2684,8.247,1.2782,0.0,False,False
8,267,1548021558,0,forward,0.5495,141.8178,8.217,1.2932,0.0,False,False
8,268,1548021558,0,forward,0.6591,142.477,8.1816,1.2852,0.0,False,False
8,269,1548021558,0,forward,0.3853,142.8623,8.1598,0.9715,0.0,False,False
8,270,964610217,0,forward,0.5482,143.4105,8.1299,1.3369,0.0,False,False
8,271,1548021558,0,forward,0.5487,143.9592,8.1,1.5704,0.0,False,False
8,272,1548021558,0,forward,0.549,144.5082,8.07,1.5491,0.0,False,False
8,273,1548021558,0,forward,0.4293,144.9374,8.0461,1.5264,0.0,False,False
8,274,1548021558,0,forward,0.6692,145.6067,8.0101,1.4813,0.0,False,False
8,275,1548021558,0,forward,0.5453,146.152,7.9803,1.1775,0.0,False,False
8,276,926291406,4,forward_right,0.4661,146.618,7.9545,1.0349,0.0,False,False
8,277,1166997565,3,forward_left,0.4157,147.0338,7.9312,1.2334,0.0,False,False
8,278,926291406,4,forward_right,0.392,147.4258,7.9091,1.2592,0.0,False,False
8,279,926291406,4,forward_right,0.3301,147.7558,7.8901,1.0428,0.0,False,False
8,280,1166997565,3,forward_left,0.3857,148.1416,7.8684,1.1952,0.0,False,False
8,281,926291406,4,forward_right,0.3901,148.5317,7.8463,1.3303,0.0,False,False
8,282,926291406,4,forward_right,0.3696,148.9013,7.8254,1.3166,0.0,False,False
8,283,926291406,4,forward_right,0.3699,149.2712,7.8044,1.2989,0.0,False,False
8,284,926291406,4,forward_right,0.3696,149.6407,7.7834,1.2775,0.0,False,False
8,285,926291406,4,forward_right,0.3688,150.0095,7.7625,1.2602,0.0,False,False
8,286,926291406,4,forward_right,0.3677,150.3772,7.7416,1.2548,0.0,False,False
8,287,926291406,4,forward_right,0.3663,150.7436,7.7208,1.2457,0.0,False,False
8,288,926291406,4,forward_right,0.2821,151.0257,7.7041,1.2158,0.0,False,False
8,289,926291406,4,forward_right,0.3517,151.3774,7.6841,0.9976,0.0,False,False
8,290,1309443777,2,turn_right,0.2254,151.6028,7.6678,1.1998,0.0,False,False
8,291,926291406,4,forward_right,0.2706,151.8734,7.6518,1.1998,0.0,False,False
8,292,926291406,4,forward_right,0.5333,152.4067,7.6226,1.1956,0.0,False,False
8,293,926291406,4,forward_right,0.2719,152.6786,7.6065,1.1903,0.0,False,False
8,294,926291406,4,forward_right,0.3487,153.0273,7.5866,1.1617,0.0,False,False
8,295,926291406,4,forward_right,0.3443,153.3716,7.5669,1.1582,0.0,False,False
8,296,926291406,4,forward_right,0.3396,153.7112,7.5474,1.1417,0.0,False,False
8,297,926291406,4,forward_right,0.3348,154.046,7.5281,1.1536,0.0,False,False
8,298,828879,1,turn_left,0.1493,154.1953,7.5157,1.1374,0.0,False,False
8,299,926291406,4,forward_right,0.0037,154.199,7.513,0.9453,0.0,False,False
8,300,1309443777,2,turn_right,0.2319,154.431,7.4964,1.1281,0.0,False,False
8,301,926291406,4,forward_right,0.2075,154.6384,7.4835,1.1346,0.0,False,False
8,302,828879,1,turn_left,0.157,154.7954,7.4707,1.1394,0.0,False,False
8,303,828879,1,turn_left,-0.1,154.6954,7.4701,1.1203,0.0,False,False
8,304,926291406,4,forward_right,-0.05,154.6454,7.4695,1.0905,0.0,False,False
8,305,867707199,0,forward,0.2723,154.9177,7.4534,1.0861,0.0,False,False
8,306,41514303,3,forward_left,0.3927,155.3104,7.4312,1.0954,0.0,False,False
8,307,867707199,0,forward,0.3841,155.6945,7.4095,1.076,0.0,False,False
8,308,867707199,0,forward,0.5034,156.198,7.3819,1.0697,0.0,False,False
8,309,867707199,0,forward,0.5134,156.7113,7.3537,1.0641,0.0,False,False
8,310,867707199,0,forward,0.513,157.2244,7.3255,1.0412,0.0,False,False
8,311,867707199,0,forward,0.5127,157.7371,7.2974,1.0303,0.0,False,False
8,312,867707199,0,forward,0.5124,158.2495,7.2693,1.0273,0.0,False,False
8,313,867707199,0,forward,0.5121,158.7616,7.2412,1.0117,0.0,False,False
8,314,867707199,0,forward,0.512,159.2736,7.2131,0.984,0.0,False,False
8,315,867707199,0,forward,0.6248,159.8983,7.1793,0.9765,0.0,False,False
8,316,867707199,0,forward,0.1978,160.0962,7.1669,0.9355,0.0,False,False
8,317,1904866102,4,forward_right,0.5058,160.602,7.1392,0.9666,0.0,False,False
8,318,867707199,0,forward,0.4859,161.0879,7.1124,0.9808,0.0,False,False
8,319,867707199,0,forward,0.3987,161.4866,7.0899,0.9666,0.0,False,False
8,320,867707199,0,forward,0.7338,162.2205,7.0507,0.9488,0.0,False,False
8,321,867707199,0,forward,0.2857,162.5062,7.0339,0.9382,0.0,False,False
8,322,867707199,0,forward,0.5093,163.0154,7.006,0.9414,0.0,False,False
8,323,867707199,0,forward,0.509,163.5244,6.978,0.9497,0.0,False,False
8,324,867707199,0,forward,0.509,164.0334,6.9501,0.96,0.0,False,False
8,325,867707199,0,forward,0.4676,164.501,6.9242,0.9479,0.0,False,False
8,326,1904866102,4,forward_right,0.1666,164.6676,6.9134,0.9504,0.0,False,False
8,327,867707199,0,forward,0.4688,165.1364,6.8874,0.947,0.0,False,False
8,328,867707199,0,forward,0.3776,165.514,6.8661,0.9609,0.0,False,False
8,329,867707199,0,forward,0.4971,166.011,6.8387,0.9617,0.0,False,False
8,330,867707199,0,forward,0.6057,166.6168,6.8059,0.9614,0.0,False,False
8,331,867707199,0,forward,0.3868,167.0035,6.7841,0.9803,0.0,False,False
8,332,867707199,0,forward,0.4956,167.4992,6.7568,0.9852,0.0,False,False
8,333,867707199,0,forward,0.4955,167.9946,6.7295,0.9984,0.0,False,False
8,334,867707199,0,forward,0.4567,168.4513,6.7042,0.9422,0.0,False,False
8,335,1904866102,4,forward_right,0.3257,168.777,6.6854,1.0065,0.0,False,False
8,336,867707199,0,forward,0.3625,169.1395,6.6648,1.0067,0.0,False,False
8,337,1440968876,0,forward,0.558,169.6976,6.6344,1.0318,0.0,False,False
8,338,1440968876,0,forward,0.3803,170.0779,6.6129,1.028,0.0,False,False
8,339,1440968876,0,forward,0.4874,170.5653,6.586,1.0652,0.0,False,False
8,340,1440968876,0,forward,0.4868,171.0521,6.5592,1.0652,0.0,False,False
8,341,1440968876,0,forward,0.4862,171.5383,6.5323,1.089,0.0,False,False
8,342,1440968876,0,forward,0.4858,172.0241,6.5056,1.1204,0.0,False,False
8,343,828879,1,turn_left,0.4076,172.4317,6.4802,1.1296,0.0,False,False
8,344,828879,1,turn_left,0.1203,172.552,6.4692,0.9529,0.0,False,False
8,345,1406925816,4,forward_right,0.2591,172.8111,6.4537,1.1292,0.0,False,False
8,346,828879,1,turn_left,0.1974,173.0086,6.4388,1.1292,0.0,False,False
8,347,828879,1,turn_left,-0.1,172.9086,6.4372,1.1262,0.0,False,False
8,348,926291406,4,forward_right,-0.05,172.8586,6.4373,1.1121,0.0,False,False
8,349,926291406,4,forward_right,0.3055,173.164,6.4196,1.1121,0.0,False,False
8,350,926291406,4,forward_right,0.3388,173.5028,6.4001,1.1471,0.0,False,False
8,351,926291406,4,forward_right,0.3339,173.8367,6.3809,1.1745,0.0,False,False
8,352,828879,1,turn_left,0.0642,173.9009,6.3727,1.1745,0.0,False,False
8,353,1406925816,4,forward_right,-0.05,173.8509,6.3709,0.9691,0.0,False,False
8,354,1309443777,2,turn_right,0.3604,174.2113,6.3479,1.1328,0.0,False,False
8,355,828879,1,turn_left,0.1113,174.3226,6.3373,1.1715,0.0,False,False
8,356,828879,1,turn_left,-0.0271,174.2955,6.3337,1.1832,0.0,False,False
8,357,926291406,4,forward_right,0.0653,174.3608,6.3279,1.1547,0.0,False,False
8,358,926291406,4,forward_right,0.267,174.6277,6.312,1.1472,0.0,False,False
8,359,926291406,4,forward_right,0.3359,174.9637,6.2928,1.1472,0.0,False,False
8,360,926291406,4,forward_right,0.3358,175.2995,6.2735,1.158,0.0,False,False
8,361,926291406,4,forward_right,0.2545,175.554,6.2582,1.1827,0.0,False,False
8,362,828879,1,turn_left,0.3282,175.8822,6.2368,1.2232,0.0,False,False
8,363,828879,1,turn_left,-0.1,175.7822,6.2362,1.2232,0.0,False,False
8,364,926291406,4,forward_right,-0.05,175.7322,6.2356,1.2071,0.0,False,False
8,365,926291406,4,forward_right,0.3017,176.0339,6.218,1.2023,0.0,False,False
8,366,926291406,4,forward_right,0.256,176.2899,6.2027,1.2023,0.0,False,False
8,367,926291406,4,forward_right,0.2506,176.5405,6.1877,1.2019,0.0,False,False
8,368,828879,1,turn_left,0.2744,176.815,6.169,1.2323,0.0,False,False
8,369,828879,1,turn_left,-0.1,176.715,6.1691,1.2548,0.0,False,False
8,370,926291406,4,forward_right,0.0261,176.7411,6.1653,1.0476,0.0,False,False
8,371,1166997565,3,forward_left,0.4034,177.1445,6.1427,1.0476,0.0,False,False
8,372,926291406,4,forward_right,0.1474,177.2919,6.1328,1.2375,0.0,False,False
8,373,926291406,4,forward_right,0.2819,177.5738,6.1162,1.235,0.0,False,False
8,374,926291406,4,forward_right,0.3265,177.9002,6.0974,1.2542,0.0,False,False
8,375,828879,1,turn_left,0.274,178.1743,6.0787,1.2799,0.0,False,False
8,376,828879,1,turn_left,-0.0263,178.1479,6.075,1.295,0.0,False,False
8,377,828879,1,turn_left,-0.1,178.0479,6.0752,1.2759,0.0,False,False
8,378,926291406,4,forward_right,0.1609,178.2088,6.0647,0.9616,0.0,False,False
8,379,1309443777,2,turn_right,0.343,178.5518,6.0425,1.2715,0.0,False,False
8,380,926291406,4,forward_right,0.0175,178.5693,6.0391,1.283,0.0,False,False
8,381,828879,1,turn_left,0.1608,178.7301,6.0261,1.3074,0.0,False,False
8,382,828879,1,turn_left,-0.1,178.6301,6.0253,1.2996,0.0,False,False
8,383,926291406,4,forward_right,0.0655,178.6956,6.0195,1.2798,0.0,False,False
8,384,926291406,4,forward_right,0.3414,179.037,5.9999,1.2968,0.0,False,False
8,385,926291406,4,forward_right,0.3369,179.3739,5.9806,1.1797,0.0,False,False
8,386,828879,1,turn_left,0.0115,179.3854,5.975,0.9381,0.0,False,False
8,387,1309443777,2,turn_right,0.033,179.4184,5.9683,0.9381,0.0,False,False
8,388,1309443777,2,turn_right,-0.0484,179.3699,5.9658,1.3086,0.0,False,False
8,389,828879,1,turn_left,0.0055,179.3754,5.9605,1.3484,0.0,False,False
8,390,828879,1,turn_left,-0.0453,179.3301,5.9578,1.3324,0.0,False,False
8,391,926291406,4,forward_right,0.1345,179.4646,5.9485,1.3176,0.0,False,False
8,392,926291406,4,forward_right,0.3331,179.7977,5.9294,1.3301,0.0,False,False
8,393,828879,1,turn_left,0.1864,179.9841,5.9151,1.3379,0.0,False,False
8,394,828879,1,turn_left,-0.1,179.8841,5.9147,1.3269,0.0,False,False
8,395,926291406,4,forward_right,0.0622,179.9463,5.909,1.3165,0.0,False,False
8,396,926291406,4,forward_right,0.268,180.2143,5.8931,1.1872,0.0,False,False
8,397,926291406,4,forward_right,0.3237,180.538,5.8745,0.9502,0.0,False,False
8,398,1309443777,2,turn_right,0.1693,180.7072,5.861,1.3406,0.0,False,False
8,399,926291406,4,forward_right,0.1069,180.8141,5.8532,1.3544,0.0,False,False
8,400,828879,1,turn_left,0.1282,180.9423,5.8417,1.3627,0.0,False,False
8,401,926291406,4,forward_right,0.1426,181.0849,5.8321,1.3434,0.0,False,False
8,402,926291406,4,forward_right,0.3338,181.4187,5.8129,1.3659,0.0,False,False
8,403,828879,1,turn_left,0.1288,181.5475,5.8015,1.3804,0.0,False,False
8,404,828879,1,turn_left,-0.1,181.4475,5.8017,1.3603,0.0,False,False
8,405,926291406,4,forward_right,0.104,181.5515,5.794,0.9965,0.0,False,False
8,406,1309443777,2,turn_right,0.2158,181.7673,5.7782,0.9965,0.0,False,False
8,407,1309443777,2,turn_right,-0.1,181.6673,5.7764,0.9638,0.0,False,False
8,408,1309443777,2,turn_right,-0.1,181.5673,5.776,0.9558,0.0,False,False
8,409,1406925816,4,forward_right,-0.05,181.5173,5.7742,1.0071,0.0,False,False
8,410,1406925816,4,forward_right,0.2722,181.7894,5.7581,1.4442,0.0,False,False
8,411,828879,1,turn_left,0.2544,182.0438,5.7404,1.4592,0.0,False,False
8,412,828879,1,turn_left,-0.1,181.9438,5.7405,1.4494,0.0,False,False
8,413,828879,1,turn_left,-0.1,181.8438,5.7408,1.4494,0.0,False,False
8,414,1406925816,4,forward_right,0.0537,181.8975,5.7356,1.1792,0.0,False,False
8,415,926291406,4,forward_right,0.4505,182.3481,5.7106,1.4236,0.0,False,False
8,416,828879,1,turn_left,0.1053,182.4534,5.7003,1.4334,0.0,False,False
8,417,828879,1,turn_left,-0.1,182.3534,5.6995,1.4048,0.0,False,False
8,418,926291406,4,forward_right,-0.05,182.3034,5.6977,1.3935,0.0,False,False
8,419,926291406,4,forward_right,0.3459,182.6492,5.678,1.4074,0.0,False,False
8,420,926291406,4,forward_right,0.3431,182.9923,5.6583,1.4229,0.0,False,False
8,421,926291406,4,forward_right,0.3383,183.3306,5.6389,1.4246,0.0,False,False
8,422,926291406,4,forward_right,0.3339,183.6645,5.6197,1.1104,0.0,False,False
8,423,828879,1,turn_left,0.0613,183.7258,5.6116,1.0293,0.0,False,False
8,424,587486767,5,stop,0.0775,183.8033,5.6052,1.4306,0.0,False,False
8,425,926291406,4,forward_right,0.1113,183.9146,5.5972,1.46,0.0,False,False
8,426,926291406,4,forward_right,0.1965,184.1112,5.5849,1.4554,0.0,False,False
8,427,828879,1,turn_left,0.1249,184.2361,5.5736,1.4541,0.0,False,False
8,428,926291406,4,forward_right,0.0785,184.3146,5.5672,1.445,0.0,False,False
8,429,926291406,4,forward_right,0.3999,184.7146,5.5447,1.4682,0.0,False,False
8,430,828879,1,turn_left,0.1318,184.8463,5.5331,1.4657,0.0,False,False
8,431,828879,1,turn_left,-0.1,184.7463,5.5331,1.4409,0.0,False,False
8,432,926291406,4,forward_right,0.0443,184.7906,5.5284,0.9929,0.0,False,False
8,433,1309443777,2,turn_right,0.2131,185.0037,5.5127,1.448,0.0,False,False
8,434,926291406,4,forward_right,0.1072,185.1109,5.5048,1.4701,0.0,False,False
8,435,926291406,4,forward_right,0.3372,185.4481,5.4855,1.4832,0.0,False,False
8,436,926291406,4,forward_right,0.3312,185.7794,5.4664,1.5045,0.0,False,False
8,437,828879,1,turn_left,0.1275,185.9068,5.4551,1.4936,0.0,False,False
8,438,828879,1,turn_left,-0.1,185.8068,5.4553,1.4936,0.0,False,False
8,439,926291406,4,forward_right,0.1451,185.9519,5.4455,1.4775,0.0,False,False
8,440,926291406,4,forward_right,0.3448,186.2968,5.4258,0.9528,0.0,False,False
8,441,1309443777,2,turn_right,0.1572,186.454,5.4129,0.9528,0.0,False,False
8,442,1309443777,2,turn_right,-0.1,186.354,5.412,1.1921,0.0,False,False
8,443,828879,1,turn_left,0.0051,186.3591,5.4067,0.9637,0.0,False,False
8,444,1406925816,4,forward_right,0.1295,186.4886,5.3978,1.0076,0.0,False,False
8,445,828879,1,turn_left,0.2732,186.7618,5.3791,1.5657,0.0,False,False
8,446,828879,1,turn_left,-0.0332,186.7286,5.3758,1.5657,0.0,False,False
8,447,828879,1,turn_left,-0.1,186.6286,5.3759,1.0805,0.0,False,False
8,448,1166997565,3,forward_left,0.1012,186.7298,5.3683,0.9783,0.0,False,False
8,449,1309443777,2,turn_right,0.2107,186.9405,5.3528,1.2099,0.0,False,False
8,450,926291406,4,forward_right,0.0446,186.9851,5.3481,1.3789,0.0,False,False
8,451,926291406,4,forward_right,0.3201,187.3052,5.3296,1.1652,0.0,False,False
8,452,926291406,4,forward_right,0.3339,187.6391,5.3104,1.1652,0.0,False,False
8,453,828879,1,turn_left,0.1579,187.797,5.2975,1.016,0.0,False,False
8,454,1406925816,4,forward_right,-0.05,187.747,5.2957,0.9914,0.0,False,False
8,455,1309443777,2,turn_right,0.2355,187.9824,5.2789,1.127,0.0,False,False
8,456,828879,1,turn_left,0.0522,188.0347,5.2713,1.5494,0.0,False,False
8,457,926291406,4,forward_right,0.1431,188.1778,5.2616,1.5349,0.0,False,False
8,458,926291406,4,forward_right,0.3376,188.5154,5.2422,1.5528,0.0,False,False
8,459,828879,1,turn_left,0.2819,188.7974,5.2231,1.578,0.0,False,False
8,460,828879,1,turn_left,-0.0353,188.762,5.2199,1.5563,0.0,False,False
8,461,1309443777,2,turn_right,0.0205,188.7826,5.2139,0.9391,0.0,False,False
8,462,1309443777,2,turn_right,-0.041,188.7416,5.2109,1.5254,0.0,False,False
8,463,828879,1,turn_left,-0.0115,188.7301,5.2065,1.5935,0.0,False,False
8,464,828879,1,turn_left,-0.1,188.6301,5.2065,1.5857,0.0,False,False
8,465,926291406,4,forward_right,0.1432,188.7732,5.1968,1.5601,0.0,False,False
8,466,926291406,4,forward_right,0.3384,189.1116,5.1774,1.5646,0.0,False,False
8,467,926291406,4,forward_right,0.3201,189.4317,5.1589,1.5763,0.0,False,False
8,468,828879,1,turn_left,0.2529,189.6846,5.1412,1.5946,0.0,False,False
8,469,828879,1,turn_left,-0.1,189.5846,5.1404,1.6068,0.0,False,False
8,470,926291406,4,forward_right,0.1437,189.7284,5.1307,1.5477,0.0,False,False
8,471,926291406,4,forward_right,0.3508,190.0792,5.1107,1.0141,0.0,False,False
8,472,926291406,4,forward_right,0.2554,190.3345,5.0954,1.3436,0.0,False,False
8,473,828879,1,turn_left,0.1221,190.4567,5.0843,1.6312,0.0,False,False
8,474,926291406,4,forward_right,-0.05,190.4067,5.0845,1.6167,0.0,False,False
8,475,926291406,4,forward_right,0.3773,190.784,5.0631,1.6019,0.0,False,False
8,476,926291406,4,forward_right,0.3251,191.1091,5.0443,1.6106,0.0,False,False
8,477,828879,1,turn_left,0.1965,191.3056,5.0295,1.612,0.0,False,False
8,478,828879,1,turn_left,-0.1,191.2056,5.0295,1.6358,0.0,False,False
8,479,926291406,4,forward_right,-0.05,191.1556,5.0296,1.311,0.0,False,False
8,480,926291406,4,forward_right,0.313,191.4687,5.0115,1.1029,0.0,False,False
8,481,926291406,4,forward_right,0.2639,191.7325,4.9958,1.6153,0.0,False,False
8,482,926291406,4,forward_right,0.3501,192.0826,4.9758,1.6219,0.0,False,False
8,483,926291406,4,forward_right,0.3301,192.4127,4.9568,1.6355,0.0,False,False
8,484,828879,1,turn_left,0.045,192.4578,4.9495,1.659,0.0,False,False
8,485,926291406,4,forward_right,-0.05,192.4078,4.9476,1.6448,0.0,False,False
8,486,926291406,4,forward_right,0.3688,192.7766,4.9267,1.1022,0.0,False,False
8,487,926291406,4,forward_right,0.306,193.0825,4.9089,1.0596,0.0,False,False
8,488,587486767,5,stop,0.2294,193.3119,4.8949,1.6629,0.0,False,False
8,489,828879,1,turn_left,0.0332,193.3452,4.8882,1.6664,0.0,False,False
8,490,926291406,4,forward_right,0.1325,193.4777,4.8791,1.6587,0.0,False,False
8,491,926291406,4,forward_right,0.3338,193.8114,4.8599,1.672,0.0,False,False
8,492,828879,1,turn_left,0.1112,193.9226,4.8494,1.6792,0.0,False,False
8,493,926291406,4,forward_right,0.1316,194.0542,4.8403,1.6735,0.0,False,False
8,494,926291406,4,forward_right,0.3351,194.3893,4.821,1.6802,0.0,False,False
8,495,828879,1,turn_left,0.1074,194.4967,4.8107,1.6887,0.0,False,False
8,496,926291406,4,forward_right,0.1307,194.6274,4.8016,1.4391,0.0,False,False
8,497,926291406,4,forward_right,0.2857,194.9131,4.7848,1.0137,0.0,False,False
8,498,926291406,4,forward_right,0.4058,195.3189,4.7621,1.201,0.0,False,False
8,499,828879,1,turn_left,0.1015,195.4203,4.752,1.7179,0.0,False,False
8,500,828879,1,turn_left,-0.1,195.3203,4.7521,1.7107,0.0,False,False
8,501,926291406,4,forward_right,0.0253,195.3457,4.7483,1.1331,0.0,False,False
8,502,926291406,4,forward_right,0.3422,195.6879,4.7287,1.1958,0.0,False,False
8,503,926291406,4,forward_right,0.337,196.0249,4.7094,1.7047,0.0,False,False
8,504,926291406,4,forward_right,0.3968,196.4217,4.687,1.7253,0.0,False,False
8,505,828879,1,turn_left,0.1017,196.5234,4.677,1.7253,0.0,False,False
8,506,828879,1,turn_left,-0.1,196.4234,4.6771,1.7263,0.0,False,False
8,507,926291406,4,forward_right,0.2093,196.6326,4.6642,1.2927,0.0,False,False
8,508,926291406,4,forward_right,0.2957,196.9283,4.6469,0.9579,0.0,False,False
8,509,1309443777,2,turn_right,0.205,197.1333,4.6316,1.2539,0.0,False,False
8,510,828879,1,turn_left,0.0557,197.189,4.6238,1.2509,0.0,False,False
8,511,926291406,4,forward_right,0.129,197.318,4.6149,0.9587,0.0,False,False
8,512,1309443777,2,turn_right,0.1632,197.4812,4.6017,1.5594,0.0,False,False
8,513,926291406,4,forward_right,0.1338,197.615,4.5925,1.7456,0.0,False,False
8,514,926291406,4,forward_right,0.2823,197.8973,4.5759,1.7444,0.0,False,False
8,515,828879,1,turn_left,0.126,198.0233,4.5646,1.7506,0.0,False,False
8,516,926291406,4,forward_right,0.1456,198.169,4.5548,1.7426,0.0,False,False
8,517,926291406,4,forward_right,0.4059,198.5749,4.5321,1.7614,0.0,False,False
8,518,828879,1,turn_left,0.1261,198.701,4.5207,1.7666,0.0,False,False
8,519,828879,1,turn_left,-0.1,198.601,4.5209,1.7627,0.0,False,False
8,520,926291406,4,forward_right,-0.05,198.551,4.5203,1.0629,0.0,False,False
8,521,1166997565,3,forward_left,0.3765,198.9276,4.499,1.4945,0.0,False,False
8,522,926291406,4,forward_right,0.31,199.2376,4.481,1.7408,0.0,False,False
8,523,926291406,4,forward_right,0.2368,199.4744,4.4667,1.7615,0.0,False,False
8,524,926291406,4,forward_right,0.4174,199.8918,4.4433,1.771,0.0,False,False
8,525,926291406,4,forward_right,0.2577,200.1495,4.4279,1.7973,0.0,False,False
8,526,926291406,4,forward_right,0.3294,200.4788,4.4089,3.7746,0.0,False,False
8,527,828879,1,turn_left,0.1322,200.611,4.3973,3.7572,0.0,False,False
8,528,828879,1,turn_left,-0.1,200.511,4.3976,1.2974,0.0,False,False
8,529,926291406,4,forward_right,0.0959,200.6068,4.3903,1.1318,0.0,False,False
8,530,926291406,4,forward_right,0.3386,200.9455,4.3709,2.3143,0.0,False,False
8,531,926291406,4,forward_right,0.3029,201.2483,4.3532,3.7593,0.0,False,False
8,532,828879,1,turn_left,0.0644,201.3127,4.345,3.7593,0.0,False,False
8,533,828879,1,turn_left,-0.1,201.2127,4.3452,1.7129,0.0,False,False
8,534,926291406,4,forward_right,0.1265,201.3392,4.3363,0.9598,0.0,False,False
8,535,1309443777,2,turn_right,0.2257,201.5649,4.32,1.1869,0.0,False,False
8,536,926291406,4,forward_right,0.1296,201.6945,4.3111,1.0198,0.0,False,False
8,537,1889449069,4,forward_right,0.2756,201.9701,4.2948,1.0379,0.0,False,False
8,538,1166997565,3,forward_left,0.2946,202.2648,4.2775,1.1721,0.0,False,False
8,539,926291406,4,forward_right,0.2799,202.5446,4.2611,1.0894,0.0,False,False
8,540,1166997565,3,forward_left,0.2447,202.7893,4.2463,1.0283,0.0,False,False
8,541,1166997565,3,forward_left,0.3307,203.1201,4.2273,1.5347,0.0,False,False
8,542,926291406,4,forward_right,0.2474,203.3675,4.2124,2.0447,0.0,False,False
8,543,926291406,4,forward_right,0.3916,203.7591,4.1903,2.4636,0.0,False,False
8,544,926291406,4,forward_right,0.3349,204.094,4.1711,2.7477,0.0,False,False
8,545,828879,1,turn_left,0.2153,204.3093,4.1553,2.1451,0.0,False,False
8,546,828879,1,turn_left,-0.1,204.2093,4.1553,0.943,0.0,False,False
8,547,1309443777,2,turn_right,-0.0587,204.1506,4.1532,0.943,0.0,False,False
8,548,926291406,4,forward_right,0.2692,204.4199,4.1373,2.8225,0.0,False,False
8,549,926291406,4,forward_right,0.2805,204.7004,4.1208,3.6346,0.0,False,False
8,550,926291406,4,forward_right,0.3085,205.0089,4.1028,3.6008,0.0,False,False
8,551,828879,1,turn_left,0.1435,205.1524,4.0907,3.6187,0.0,False,False
8,552,828879,1,turn_left,-0.1,205.0524,4.0905,1.3247,0.0,False,False
8,553,926291406,4,forward_right,0.1405,205.1929,4.0809,1.1361,0.0,False,False
8,554,926291406,4,forward_right,0.343,205.5359,4.0613,2.1883,0.0,False,False
8,555,926291406,4,forward_right,0.2603,205.7961,4.0458,3.5899,0.0,False,False
8,556,926291406,4,forward_right,0.3033,206.0994,4.0281,3.5977,0.0,False,False
8,557,828879,1,turn_left,0.2604,206.3599,4.0101,3.5585,0.0,False,False
8,558,828879,1,turn_left,-0.1,206.2599,4.0083,3.5585,0.0,False,False
8,559,926291406,4,forward_right,0.0734,206.3333,4.0022,1.0478,0.0,False,False
8,560,1166997565,3,forward_left,0.2884,206.6216,3.9852,1.1242,0.0,False,False
8,561,926291406,4,forward_right,0.2923,206.9139,3.9681,1.571,0.0,False,False
8,562,926291406,4,forward_right,0.3193,207.2332,3.9497,2.1465,0.0,False,False
8,563,926291406,4,forward_right,0.3314,207.5646,3.9306,2.8977,0.0,False,False
8,564,828879,1,turn_left,0.2199,207.7846,3.9146,2.4926,0.0,False,False
8,565,828879,1,turn_left,-0.1,207.6846,3.9145,1.1514,0.0,False,False
8,566,926291406,4,forward_right,0.0655,207.7501,3.9087,1.2752,0.0,False,False
8,567,926291406,4,forward_right,0.3384,208.0885,3.8893,1.2752,0.0,False,False
8,568,926291406,4,forward_right,0.2802,208.3687,3.8728,3.5184,0.0,False,False
8,569,828879,1,turn_left,0.2205,208.5892,3.8568,3.5075,0.0,False,False
8,570,828879,1,turn_left,-0.1,208.4892,3.8565,3.5075,0.0,False,False
8,571,926291406,4,forward_right,-0.05,208.4392,3.8562,1.6024,0.0,False,False
8,572,926291406,4,forward_right,0.2705,208.7097,3.8402,0.966,0.0,False,False
8,573,1309443777,2,turn_right,0.2382,208.9479,3.8233,2.3543,0.0,False,False
8,574,926291406,4,forward_right,0.1845,209.1324,3.8116,3.5143,0.0,False,False
8,575,926291406,4,forward_right,0.3115,209.4439,3.7935,3.5073,0.0,False,False
8,576,828879,1,turn_left,0.2652,209.7091,3.7752,3.4763,0.0,False,False
8,577,828879,1,turn_left,-0.1,209.6091,3.7734,3.4763,0.0,False,False
8,578,926291406,4,forward_right,-0.05,209.5591,3.7719,1.714,0.0,False,False
8,579,926291406,4,forward_right,0.178,209.7371,3.7605,0.959,0.0,False,False
8,580,1309443777,2,turn_right,0.2885,210.0257,3.741,1.9729,0.0,False,False
8,581,926291406,4,forward_right,0.1598,210.1855,3.7305,3.4885,0.0,False,False
8,582,926291406,4,forward_right,0.231,210.4164,3.7165,3.4767,0.0,False,False
8,583,926291406,4,forward_right,0.2531,210.6695,3.7013,3.4666,0.0,False,False
8,584,828879,1,turn_left,0.3469,211.0165,3.679,3.4472,0.0,False,False
8,585,828879,1,turn_left,-0.0058,211.0107,3.6743,3.443,0.0,False,False
8,586,828879,1,turn_left,-0.1,210.9107,3.6743,1.5244,0.0,False,False
8,587,926291406,4,forward_right,0.224,211.1347,3.6606,1.0053,0.0,False,False
8,588,1309443777,2,turn_right,0.1789,211.3136,3.6466,2.3763,0.0,False,False
8,589,926291406,4,forward_right,0.2598,211.5734,3.6311,3.4437,0.0,False,False
8,590,828879,1,turn_left,0.1508,211.7242,3.6186,3.439,0.0,False,False
8,591,828879,1,turn_left,-0.1,211.6242,3.6186,3.4086,0.0,False,False
8,592,926291406,4,forward_right,-0.05,211.5742,3.6187,1.2389,0.0,False,False
8,593,926291406,4,forward_right,0.2996,211.8738,3.6012,1.1587,0.0,False,False
8,594,926291406,4,forward_right,0.1085,211.9823,3.5933,1.1587,0.0,False,False
8,595,926291406,4,forward_right,0.5692,212.5515,3.5624,3.4248,0.0,False,False
8,596,926291406,4,forward_right,0.3233,212.8748,3.5437,3.4103,0.0,False,False
8,597,828879,1,turn_left,0.2633,213.1381,3.5255,3.4042,0.0,False,False
8,598,828879,1,turn_left,-0.1,213.0381,3.5237,3.4006,0.0,False,False
8,599,926291406,4,forward_right,0.1475,213.1857,3.5139,1.2473,0.0,False,False
8,600,926291406,4,forward_right,0.3054,213.4911,3.4961,0.9483,0.0,False,False
8,601,1341840061,1,turn_left,0.2279,213.719,3.4797,1.3483,0.0,False,False
8,602,2095099663,0,forward,-0.009,213.71,3.4776,1.1899,0.0,False,False
8,603,2095099663,0,forward,0.3628,214.0729,3.457,1.1065,0.0,False,False
8,604,2095099663,0,forward,0.4842,214.5571,3.4303,1.2855,0.0,False,False
8,605,2095099663,0,forward,0.4978,215.0549,3.4029,1.4239,0.0,False,False
8,606,2095099663,0,forward,0.4972,215.5521,3.3755,1.3378,0.0,False,False
8,607,2095099663,0,forward,0.4969,216.0491,3.3482,1.0881,0.0,False,False
8,608,1263078535,3,forward_left,0.4068,216.4558,3.3253,1.0639,0.0,False,False
8,609,397735533,0,forward,0.4113,216.8671,3.3023,1.2711,0.0,False,False
8,610,2095099663,0,forward,0.4936,217.3607,3.2751,1.5322,0.0,False,False
8,611,1508107506,3,forward_left,0.4273,217.788,3.2512,1.6022,0.0,False,False
8,612,2095099663,0,forward,0.406,218.194,3.2284,1.1956,0.0,False,False
8,613,2095099663,0,forward,0.4801,218.6741,3.2019,0.9672,0.0,False,False
8,614,1341840061,1,turn_left,0.414,219.0881,3.1762,1.1038,0.0,False,False
8,615,2095099663,0,forward,0.2841,219.3722,3.1595,0.9608,0.0,False,False
8,616,1341840061,1,turn_left,0.5004,219.8726,3.1295,1.1629,0.0,False,False
8,617,2095099663,0,forward,0.3639,220.2364,3.1088,1.0913,0.0,False,False
8,618,1263078535,3,forward_left,0.3703,220.6068,3.0878,0.97,0.0,False,False
8,619,1341840061,1,turn_left,0.3039,220.9107,3.0676,1.0548,0.0,False,False
8,620,1263078535,3,forward_left,0.2942,221.2048,3.0504,0.9697,0.0,False,False
8,621,1341840061,1,turn_left,0.2249,221.4297,3.0342,1.2197,0.0,False,False
8,622,2095099663,0,forward,0.1932,221.6229,3.022,1.0886,0.0,False,False
8,623,1263078535,3,forward_left,0.2856,221.9086,3.0052,0.9561,0.0,False,False
8,624,1341840061,1,turn_left,0.287,222.1955,2.9859,1.0723,0.0,False,False
8,625,1263078535,3,forward_left,0.2381,222.4336,2.9715,0.9626,0.0,False,False
8,626,1341840061,1,turn_left,0.2493,222.6829,2.954,1.3494,0.0,False,False
8,627,2095099663,0,forward,0.2242,222.9071,2.9403,1.491,0.0,False,False
8,628,2095099663,0,forward,0.2503,223.1575,2.9253,1.491,0.0,False,False
8,629,2095099663,0,forward,0.5655,223.723,2.8945,1.8792,0.0,False,False
8,630,2095099663,0,forward,0.4219,224.1449,2.8709,2.4946,0.0,False,False
8,631,2095099663,0,forward,0.6577,224.8026,2.8355,2.9289,0.0,False,False
8,632,2095099663,0,forward,0.5396,225.3422,2.806,3.0041,0.0,False,False
8,633,2095099663,0,forward,0.5394,225.8816,2.7766,2.6047,0.0,False,False
8,634,2095099663,0,forward,0.6571,226.5387,2.7412,2.0057,0.0,False,False
8,635,2095099663,0,forward,0.6575,227.1962,2.7058,1.4321,0.0,False,False
8,636,2095099663,0,forward,0.239,227.4353,2.6914,0.96,0.0,False,False
8,637,1341840061,1,turn_left,0.5614,227.9966,2.6583,1.2626,0.0,False,False
8,638,2095099663,0,forward,0.0916,228.0882,2.6512,1.3893,0.0,False,False
8,639,2095099663,0,forward,0.4637,228.5519,2.6255,1.3167,0.0,False,False
8,640,2095099663,0,forward,0.5276,229.0795,2.5967,1.3421,0.0,False,False
8,641,2095099663,0,forward,0.5436,229.6231,2.567,1.2641,0.0,False,False
8,642,2095099663,0,forward,0.5442,230.1673,2.5373,1.0345,0.0,False,False
8,643,1263078535,3,forward_left,0.4685,230.6358,2.5113,1.1966,0.0,False,False
8,644,2095099663,0,forward,0.5655,231.2012,2.4806,1.5335,0.0,False,False
8,645,2095099663,0,forward,0.5444,231.7457,2.4509,2.1209,0.0,False,False
8,646,2095099663,0,forward,0.4256,232.1713,2.4271,2.7778,0.0,False,False
8,647,2095099663,0,forward,0.5445,232.7157,2.3974,3.1325,0.0,False,False
8,648,2095099663,0,forward,0.5444,233.2601,2.3676,3.0314,0.0,False,False
8,649,2095099663,0,forward,0.5443,233.8044,2.3379,2.5509,0.0,False,False
8,650,2095099663,0,forward,0.5443,234.3486,2.3082,1.8745,0.0,False,False
8,651,2095099663,0,forward,0.6636,235.0122,2.2725,1.2727,0.0,False,False
8,652,2095099663,0,forward,0.3088,235.3209,2.2546,0.9434,0.0,False,False
8,653,1341840061,1,turn_left,0.4652,235.7861,2.2263,1.9779,0.0,False,False
8,654,2095099663,0,forward,0.3976,236.1838,2.204,3.5765,0.0,False,False
8,655,2095099663,0,forward,0.4615,236.6453,2.1784,3.5885,0.0,False,False
8,656,2095099663,0,forward,0.5458,237.191,2.1486,3.5943,0.0,False,False
8,657,2095099663,0,forward,0.5456,237.7366,2.1188,3.6085,0.0,False,False
8,658,2095099663,0,forward,0.6645,238.4011,2.0831,3.6107,0.0,False,False
8,659,2095099663,0,forward,0.4262,238.8273,2.0593,3.6284,0.0,False,False
8,660,2095099663,0,forward,0.6642,239.4915,2.0236,2.9209,0.0,False,False
8,661,2095099663,0,forward,0.3071,239.7986,2.0057,1.8531,0.0,False,False
8,662,2095099663,0,forward,0.7841,240.5827,1.964,1.1482,0.0,False,False
8,663,2095099663,0,forward,0.2911,240.8737,1.947,1.2135,0.0,False,False
8,664,2095099663,0,forward,0.6621,241.5358,1.9113,3.3956,0.0,False,False
8,665,2095099663,0,forward,0.3696,241.9054,1.8904,3.6621,0.0,False,False
8,666,2095099663,0,forward,0.6614,242.5668,1.8548,3.6621,0.0,False,False
8,667,2095099663,0,forward,0.6627,243.2295,1.8192,3.6873,0.0,False,False
8,668,2095099663,0,forward,0.4249,243.6544,1.7954,3.6934,0.0,False,False
8,669,2095099663,0,forward,0.4248,244.0792,1.7717,3.6995,0.0,False,False
8,670,2095099663,0,forward,0.662,244.7413,1.7361,2.2677,0.0,False,False
8,671,2095099663,0,forward,0.306,245.0473,1.7183,2.2677,0.0,False,False
8,672,2095099663,0,forward,0.6628,245.7101,1.6826,1.4274,0.0,False,False
8,673,2095099663,0,forward,0.4056,246.1157,1.6599,0.9573,0.0,False,False
8,674,1341840061,1,turn_left,0.3282,246.4439,1.6384,1.795,0.0,False,False
8,675,2095099663,0,forward,0.3531,246.797,1.6183,3.749,0.0,False,False
8,676,2095099663,0,forward,0.5271,247.3242,1.5894,3.7699,0.0,False,False
8,677,2095099663,0,forward,0.546,247.8702,1.5596,3.7619,0.0,False,False
8,678,2095099663,0,forward,0.5457,248.4159,1.5298,3.7999,0.0,False,False
8,679,2095099663,0,forward,0.4264,248.8424,1.506,3.7995,0.0,False,False
8,680,2095099663,0,forward,0.6644,249.5068,1.4703,3.8134,0.0,False,False
8,681,2095099663,0,forward,0.5451,250.0519,1.4405,3.8022,0.0,False,False
8,682,2095099663,0,forward,0.426,250.4779,1.4167,3.8324,0.0,False,False
8,683,2095099663,0,forward,0.6638,251.1417,1.3811,2.6839,0.0,False,False
8,684,2095099663,0,forward,0.5452,251.6869,1.3513,1.7133,0.0,False,False
8,685,1263078535,3,forward_left,0.3584,252.0452,1.3309,1.0928,0.0,False,False
8,686,1263078535,3,forward_left,0.3664,252.4116,1.3101,1.1429,0.0,False,False
8,687,2095099663,0,forward,0.3037,252.7153,1.2924,2.6091,0.0,False,False
8,688,2095099663,0,forward,0.5818,253.2971,1.2608,3.9143,0.0,False,False
8,689,2095099663,0,forward,500.0,753.2971,1.2309,3.9269,0.0,True,False
9,1,964610217,0,forward,-0.05,-0.05,15.9807,0.9831,0.0,False,False
9,2,964610217,0,forward,0.1225,0.0725,15.9721,1.1091,0.0,False,False
9,3,1548021558,0,forward,0.2471,0.3195,15.9573,1.2865,0.0,False,False
9,4,1548021558,0,forward,0.3713,0.6908,15.9362,1.6191,0.0,False,False
9,5,1548021558,0,forward,0.3913,1.0821,15.9141,1.6191,0.0,False,False
9,6,1548021558,0,forward,0.6656,1.7476,15.8784,3.919,0.0,False,False
9,7,1548021558,0,forward,0.5465,2.2941,15.8485,3.919,0.0,False,False
9,8,1548021558,0,forward,0.5465,2.8407,15.8187,3.8739,0.0,False,False
9,9,1548021558,0,forward,0.546,3.3866,15.7889,3.8739,0.0,False,False
9,10,1548021558,0,forward,0.4273,3.8139,15.7651,3.8583,0.0,False,False
9,11,1548021558,0,forward,0.6658,4.4798,15.7293,3.8023,0.0,False,False
9,12,1548021558,0,forward,0.3079,4.7877,15.7114,3.7703,0.0,False,False
9,13,1548021558,0,forward,0.785,5.5727,15.6696,3.7383,0.0,False,False
9,14,1548021558,0,forward,0.4272,5.9998,15.6458,3.7383,0.0,False,False
9,15,1548021558,0,forward,0.6659,6.6658,15.61,1.7361,0.0,False,False
9,16,1548021558,0,forward,0.5473,7.213,15.5801,1.1032,0.0,False,False
9,17,1548021558,0,forward,0.4722,7.6853,15.554,1.1797,0.0,False,False
9,18,1548021558,0,forward,0.5451,8.2304,15.5242,2.3087,0.0,False,False
9,19,1548021558,0,forward,0.5462,8.7765,15.4944,2.3087,0.0,False,False
9,20,1548021558,0,forward,0.5292,9.3057,15.4655,3.5976,0.0,False,False
9,21,1548021558,0,forward,0.5467,9.8523,15.4356,3.5434,0.0,False,False
9,22,1548021558,0,forward,0.4272,10.2795,15.4118,3.5145,0.0,False,False
9,23,1548021558,0,forward,0.785,11.0645,15.37,3.486,0.0,False,False
9,24,1548021558,0,forward,0.5464,11.6108,15.3402,3.4601,0.0,False,False
9,25,1548021558,0,forward,0.4271,12.0379,15.3164,3.3858,0.0,False,False
9,26,1548021558,0,forward,0.5464,12.5843,15.2865,2.1339,0.0,False,False
9,27,1548021558,0,forward,0.5468,13.1311,15.2567,2.1339,0.0,False,False
9,28,1548021558,0,forward,0.5834,13.7145,15.225,0.945,0.0,False,False
9,29,964610217,0,forward,0.4225,14.137,15.2014,0.945,0.0,False,False
9,30,1548021558,0,forward,0.5457,14.6827,15.1716,1.6194,0.0,False,False
9,31,1548021558,0,forward,0.5463,15.2291,15.1418,3.3002,0.0,False,False
9,32,1548021558,0,forward,0.5296,15.7587,15.1128,3.2572,0.0,False,False
9,33,1548021558,0,forward,0.6658,16.4245,15.077,3.2473,0.0,False,False
9,34,1548021558,0,forward,0.4271,16.8516,15.0532,3.2473,0.0,False,False
9,35,1548021558,0,forward,0.5464,17.398,15.0233,3.2052,0.0,False,False
9,36,1548021558,0,forward,0.5464,17.9443,14.9935,3.1902,0.0,False,False
9,37,1548021558,0,forward,0.5464,18.4907,14.9637,3.1528,0.0,False,False
9,38,1548021558,0,forward,0.5465,19.0372,14.9339,2.6649,0.0,False,False
9,39,1548021558,0,forward,0.5471,19.5843,14.904,1.0719,0.0,False,False
9,40,1904234423,4,forward_right,0.4475,20.0318,14.8792,1.0719,0.0,False,False
9,41,1904234423,4,forward_right,0.4113,20.443,14.8561,1.1822,0.0,False,False
9,42,1548021558,0,forward,0.4128,20.8558,14.833,1.6567,0.0,False,False
9,43,1548021558,0,forward,0.5424,21.3982,14.8033,2.4831,0.0,False,False
9,44,1548021558,0,forward,0.5481,21.9464,14.7734,2.9909,0.0,False,False
9,45,1548021558,0,forward,0.5441,22.4904,14.7437,2.9906,0.0,False,False
9,46,1548021558,0,forward,0.5483,23.0387,14.7138,2.9614,0.0,False,False
9,47,1548021558,0,forward,0.5482,23.5869,14.6839,2.9205,0.0,False,False
9,48,1548021558,0,forward,0.5481,24.135,14.654,2.9076,0.0,False,False
9,49,1548021558,0,forward,0.6677,24.8028,14.6181,2.8733,0.0,False,False
9,50,1548021558,0,forward,0.4285,25.2313,14.5942,2.8613,0.0,False,False
9,51,1548021558,0,forward,0.5483,25.7796,14.5643,2.4834,0.0,False,False
9,52,1548021558,0,forward,0.5488,26.3284,14.5343,1.418,0.0,False,False
9,53,1548021558,0,forward,0.4857,26.8141,14.5075,0.9472,0.0,False,False
9,54,964610217,0,forward,0.5467,27.3608,14.4777,1.3508,0.0,False,False
9,55,1548021558,0,forward,0.5475,27.9083,14.4478,2.1362,0.0,False,False
9,56,1548021558,0,forward,0.5478,28.4561,14.4179,2.7057,0.0,False,False
9,57,1548021558,0,forward,0.4283,28.8844,14.394,2.685,0.0,False,False
9,58,1548021558,0,forward,0.6676,29.552,14.3581,2.6768,0.0,False,False
9,59,1548021558,0,forward,0.548,30.0999,14.3283,2.6533,0.0,False,False
9,60,1548021558,0,forward,0.548,30.6479,14.2984,2.6235,0.0,False,False
9,61,1548021558,0,forward,0.6675,31.3155,14.2625,2.5966,0.0,False,False
9,62,1548021558,0,forward,0.4284,31.7438,14.2386,2.5756,0.0,False,False
9,63,1548021558,0,forward,0.5481,32.2919,14.2087,2.063,0.0,False,False
9,64,1548021558,0,forward,0.5486,32.8405,14.1787,1.3093,0.0,False,False
9,65,1548021558,0,forward,0.4925,33.333,14.1516,0.9616,0.0,False,False
9,66,964610217,0,forward,0.6659,33.9989,14.1158,1.5421,0.0,False,False
9,67,1548021558,0,forward,0.428,34.4269,14.0919,2.4688,0.0,False,False
9,68,1548021558,0,forward,0.5478,34.9747,14.062,2.4291,0.0,False,False
9,69,1548021558,0,forward,0.5479,35.5226,14.0321,2.4349,0.0,False,False
9,70,1548021558,0,forward,0.7867,36.3092,13.9903,2.4164,0.0,False,False
9,71,1548021558,0,forward,0.3088,36.618,13.9723,2.3947,0.0,False,False
9,72,1548021558,0,forward,0.4284,37.0464,13.9484,2.3947,0.0,False,False
9,73,1548021558,0,forward,0.6675,37.7139,13.9126,2.348,0.0,False,False
9,74,1548021558,0,forward,0.5479,38.2617,13.8827,2.3189,0.0,False,False
9,75,1548021558,0,forward,0.5479,38.8096,13.8528,2.3189,0.0,False,False
9,76,1548021558,0,forward,0.5479,39.3575,13.8229,2.282,0.0,False,False
9,77,1548021558,0,forward,0.5483,39.9058,13.793,1.4477,0.0,False,False
9,78,1548021558,0,forward,0.5062,40.412,13.7651,0.945,0.0,False,False
9,79,964610217,0,forward,0.5166,40.9287,13.7368,1.4672,0.0,False,False
9,80,1548021558,0,forward,0.5473,41.4759,13.707,2.2014,0.0,False,False
9,81,1548021558,0,forward,0.653,42.129,13.6718,2.1878,0.0,False,False
9,82,1548021558,0,forward,0.4254,42.5544,13.648,2.1673,0.0,False,False
9,83,1548021558,0,forward,0.6675,43.2219,13.6122,2.1667,0.0,False,False
9,84,1548021558,0,forward,0.4283,43.6502,13.5882,2.1387,0.0,False,False
9,85,1548021558,0,forward,0.5478,44.198,13.5583,2.1201,0.0,False,False
9,86,1548021558,0,forward,0.6674,44.8654,13.5225,2.0863,0.0,False,False
9,87,1548021558,0,forward,0.4283,45.2936,13.4986,2.0802,0.0,False,False
9,88,1548021558,0,forward,0.6676,45.9612,13.4627,1.8948,0.0,False,False
9,89,1548021558,0,forward,0.429,46.3902,13.4387,1.2189,0.0,False,False
9,90,1548021558,0,forward,0.4541,46.8443,13.4135,1.0014,0.0,False,False
9,91,224357922,1,turn_left,0.3712,47.2156,13.39,2.0159,0.0,False,False
9,92,1548021558,0,forward,0.5416,47.7572,13.3604,1.9962,0.0,False,False
9,93,1548021558,0,forward,0.4794,48.2366,13.3339,1.9857,0.0,False,False
9,94,1548021558,0,forward,0.548,48.7847,13.304,1.9832,0.0,False,False
9,95,1548021558,0,forward,0.5479,49.3326,13.2741,1.9669,0.0,False,False
9,96,1548021558,0,forward,0.5479,49.8805,13.2442,1.94,0.0,False,False
9,97,1548021558,0,forward,0.5479,50.4284,13.2143,1.9321,0.0,False,False
9,98,1548021558,0,forward,0.5478,50.9762,13.1844,1.9045,0.0,False,False
9,99,1548021558,0,forward,0.4283,51.4045,13.1605,1.9045,0.0,False,False
9,100,1548021558,0,forward,0.6675,52.072,13.1246,1.8718,0.0,False,False
9,101,1548021558,0,forward,0.5485,52.6205,13.0947,1.2698,0.0,False,False
9,102,1548021558,0,forward,0.4558,53.0763,13.0694,0.9668,0.0,False,False
9,103,964610217,0,forward,0.5511,53.6274,13.0394,1.8474,0.0,False,False
9,104,1548021558,0,forward,0.5476,54.175,13.0095,1.8441,0.0,False,False
9,105,1548021558,0,forward,0.5091,54.684,12.9815,1.8357,0.0,False,False
9,106,1548021558,0,forward,0.5479,55.2319,12.9517,1.8171,0.0,False,False
9,107,1548021558,0,forward,0.5478,55.7798,12.9218,1.8068,0.0,False,False
9,108,1548021558,0,forward,0.5478,56.3276,12.8919,1.8068,0.0,False,False
9,109,1548021558,0,forward,0.5478,56.8754,12.862,1.7795,0.0,False,False
9,110,1548021558,0,forward,0.5478,57.4232,12.8321,1.759,0.0,False,False
9,111,1548021558,0,forward,0.548,57.9711,12.8022,1.7509,0.0,False,False
9,112,1548021558,0,forward,0.4288,58.3999,12.7783,1.7509,0.0,False,False
9,113,1548021558,0,forward,0.6048,59.0047,12.7455,1.1088,0.0,False,False
9,114,1548021558,0,forward,0.5464,59.5511,12.7157,1.7003,0.0,False,False
9,115,1548021558,0,forward,0.5472,60.0983,12.6858,1.7252,0.0,False,False
9,116,1548021558,0,forward,0.428,60.5263,12.6619,1.7252,0.0,False,False
9,117,1548021558,0,forward,0.5476,61.0739,12.6321,1.6997,0.0,False,False
9,118,1548021558,0,forward,0.6671,61.741,12.5962,1.6986,0.0,False,False
9,119,1548021558,0,forward,0.7867,62.5276,12.5544,1.6798,0.0,False,False
9,120,1548021558,0,forward,0.3086,62.8362,12.5364,1.6773,0.0,False,False
9,121,1548021558,0,forward,0.5476,63.3838,12.5066,1.6733,0.0,False,False
9,122,1548021558,0,forward,0.5476,63.9314,12.4767,1.664,0.0,False,False
9,123,1548021558,0,forward,0.5479,64.4793,12.4468,1.5695,0.0,False,False
9,124,1548021558,0,forward,0.5487,65.0279,12.4169,0.9826,0.0,False,False
9,125,964610217,0,forward,0.5944,65.6223,12.3846,1.3448,0.0,False,False
9,126,1548021558,0,forward,0.308,65.9303,12.3667,1.3448,0.0,False,False
9,127,1548021558,0,forward,0.6668,66.5971,12.3309,1.6475,0.0,False,False
9,128,1548021558,0,forward,0.5303,67.1275,12.3019,1.6296,0.0,False,False
9,129,1548021558,0,forward,0.5477,67.6752,12.272,1.6296,0.0,False,False
9,130,1548021558,0,forward,0.5476,68.2228,12.2421,1.6231,0.0,False,False
9,131,1548021558,0,forward,0.5475,68.7703,12.2122,1.6231,0.0,False,False
9,132,1548021558,0,forward,0.5475,69.3178,12.1824,1.6289,0.0,False,False
9,133,1548021558,0,forward,0.667,69.9848,12.1465,1.6217,0.0,False,False
9,134,1548021558,0,forward,0.5477,70.5325,12.1166,1.6217,0.0,False,False
9,135,1548021558,0,forward,0.3088,70.8413,12.0987,1.6195,0.0,False,False
9,136,1548021558,0,forward,0.5948,71.4361,12.0664,1.1685,0.0,False,False
9,137,1904234423,4,forward_right,0.5406,71.9767,12.0369,1.0852,0.0,False,False
9,138,1904234423,4,forward_right,0.4801,72.4568,12.0104,1.587,0.0,False,False
9,139,1548021558,0,forward,0.3853,72.842,11.9886,1.5449,0.0,False,False
9,140,1548021558,0,forward,0.5492,73.3912,11.9587,1.5287,0.0,False,False
9,141,1548021558,0,forward,0.7798,74.171,11.9172,1.4949,0.0,False,False
9,142,1548021558,0,forward,0.1897,74.3607,11.9052,1.4949,0.0,False,False
9,143,1548021558,0,forward,0.5492,74.9099,11.8753,1.4875,0.0,False,False
9,144,1548021558,0,forward,0.669,75.5789,11.8393,1.4485,0.0,False,False
9,145,1548021558,0,forward,0.5492,76.1281,11.8093,1.4135,0.0,False,False
9,146,1548021558,0,forward,0.3095,76.4376,11.7914,1.4045,0.0,False,False
9,147,1548021558,0,forward,0.7891,77.2266,11.7494,1.3714,0.0,False,False
9,148,1548021558,0,forward,0.5501,77.7767,11.7194,1.3563,0.0,False,False
9,149,1548021558,0,forward,0.4744,78.2512,11.6932,0.9541,0.0,False,False
9,150,964610217,0,forward,0.5478,78.799,11.6633,1.3399,0.0,False,False
9,151,1548021558,0,forward,0.5489,79.3479,11.6334,1.3042,0.0,False,False
9,152,1548021558,0,forward,0.533,79.8809,11.6042,1.3128,0.0,False,False
9,153,1548021558,0,forward,0.5498,80.4307,11.5742,1.2974,0.0,False,False
9,154,1548021558,0,forward,0.669,81.0998,11.5383,1.2721,0.0,False,False
9,155,1548021558,0,forward,0.4293,81.5291,11.5143,1.2657,0.0,False,False
9,156,1548021558,0,forward,0.5491,82.0783,11.4843,1.2469,0.0,False,False
9,157,1548021558,0,forward,0.5492,82.6274,11.4544,1.2213,0.0,False,False
9,158,1548021558,0,forward,0.5493,83.1767,11.4244,1.2123,0.0,False,False
9,159,1548021558,0,forward,0.5498,83.7264,11.3944,1.1985,0.0,False,False
9,160,1548021558,0,forward,0.4784,84.2048,11.368,0.9557,0.0,False,False
9,161,964610217,0,forward,0.5473,84.7521,11.3381,1.1722,0.0,False,False
9,162,1548021558,0,forward,0.5487,85.3008,11.3082,1.1503,0.0,False,False
9,163,1548021558,0,forward,0.6528,85.9536,11.2731,1.1478,0.0,False,False
9,164,1548021558,0,forward,0.4297,86.3833,11.2491,1.1414,0.0,False,False
9,165,1548021558,0,forward,0.669,87.0523,11.2131,1.1515,0.0,False,False
9,166,1548021558,0,forward,0.4293,87.4817,11.1892,1.1281,0.0,False,False
9,167,1548021558,0,forward,0.5491,88.0308,11.1592,1.1293,0.0,False,False
9,168,1548021558,0,forward,0.5491,88.5799,11.1293,1.117,0.0,False,False
9,169,1548021558,0,forward,0.5492,89.1291,11.0993,1.1135,0.0,False,False
9,170,1548021558,0,forward,0.4295,89.5585,11.0753,1.1135,0.0,False,False
9,171,1548021558,0,forward,0.6701,90.2286,11.0393,1.0946,0.0,False,False
9,172,1803029529,4,forward_right,0.4725,90.7011,11.0132,1.0981,0.0,False,False
9,173,909969137,0,forward,0.4707,91.1719,10.9872,1.0836,0.0,False,False
9,174,909969137,0,forward,0.5489,91.7208,10.9572,1.0906,0.0,False,False
9,175,909969137,0,forward,0.5492,92.27,10.9272,1.0846,0.0,False,False
9,176,909969137,0,forward,0.4295,92.6994,10.9033,1.0886,0.0,False,False
9,177,909969137,0,forward,0.6692,93.3687,10.8673,1.0818,0.0,False,False
9,178,909969137,0,forward,0.4295,93.7982,10.8433,1.0794,0.0,False,False
9,179,909969137,0,forward,0.6694,94.4676,10.8074,1.0717,0.0,False,False
9,180,909969137,0,forward,0.55,95.0176,10.7774,1.0736,0.0,False,False
9,181,909969137,0,forward,0.496,95.5136,10.7501,1.0736,0.0,False,False
9,182,555146084,3,forward_left,0.4235,95.9371,10.7264,0.9842,0.0,False,False
9,183,909969137,0,forward,0.4818,96.4189,10.6998,1.094,0.0,False,False
9,184,909969137,0,forward,0.5397,96.9586,10.6703,1.094,0.0,False,False
9,185,909969137,0,forward,0.5482,97.5068,10.6404,1.1,0.0,False,False
9,186,909969137,0,forward,0.5488,98.0556,10.6105,1.0886,0.0,False,False
9,187,964610217,0,forward,0.5098,98.5655,10.5825,0.9536,0.0,False,False
9,188,964610217,0,forward,0.9059,99.4714,10.5347,1.0943,0.0,False,False
9,189,909969137,0,forward,0.1892,99.6606,10.5227,1.0943,0.0,False,False
9,190,909969137,0,forward,0.548,100.2086,10.4928,1.0983,0.0,False,False
9,191,909969137,0,forward,0.5481,100.7566,10.4629,1.0992,0.0,False,False
9,192,909969137,0,forward,0.6678,101.4244,10.427,1.1014,0.0,False,False
9,193,1548021558,0,forward,0.4286,101.853,10.4031,1.1014,0.0,False,False
9,194,1548021558,0,forward,0.5487,102.4017,10.3732,1.1094,0.0,False,False
9,195,1548021558,0,forward,0.4964,102.8981,10.3458,1.0721,0.0,False,False
9,196,1803029529,4,forward_right,0.5417,103.4399,10.3163,1.1025,0.0,False,False
9,197,1548021558,0,forward,0.4247,103.8645,10.2925,1.1111,0.0,False,False
9,198,1548021558,0,forward,0.4288,104.2934,10.2686,1.1075,0.0,False,False
9,199,1548021558,0,forward,0.6686,104.9619,10.2327,1.1007,0.0,False,False
9,200,1548021558,0,forward,0.5489,105.5108,10.2027,1.099,0.0,False,False
9,201,909969137,0,forward,0.6687,106.1795,10.1668,1.1102,0.0,False,False
9,202,1548021558,0,forward,0.4291,106.6086,10.1428,1.1083,0.0,False,False
9,203,1548021558,0,forward,0.5489,107.1575,10.1129,1.115,0.0,False,False
9,204,1548021558,0,forward,0.5489,107.7064,10.0829,1.1068,0.0,False,False
9,205,1548021558,0,forward,0.5491,108.2555,10.053,1.098,0.0,False,False
9,206,909969137,0,forward,0.5497,108.8052,10.023,1.1091,0.0,False,False
9,207,1548021558,0,forward,0.4944,109.2996,9.9958,0.9452,0.0,False,False
9,208,964610217,0,forward,0.5477,109.8473,9.9659,1.1099,0.0,False,False
9,209,1548021558,0,forward,0.5484,110.3957,9.936,1.1152,0.0,False,False
9,210,1548021558,0,forward,0.7883,111.184,9.894,1.1112,0.0,False,False
9,211,1548021558,0,forward,0.4291,111.6131,9.8701,1.1107,0.0,False,False
9,212,1548021558,0,forward,0.4291,112.0422,9.8461,1.112,0.0,False,False
9,213,1548021558,0,forward,0.5486,112.5907,9.8162,1.1117,0.0,False,False
9,214,1548021558,0,forward,0.549,113.1397,9.7863,1.1112,0.0,False,False
9,215,1548021558,0,forward,0.5489,113.6886,9.7563,1.1087,0.0,False,False
9,216,1548021558,0,forward,0.4291,114.1177,9.7324,1.1201,0.0,False,False
9,217,1548021558,0,forward,0.6686,114.7863,9.6964,1.114,0.0,False,False
9,218,1548021558,0,forward,0.5488,115.3351,9.6665,1.1186,0.0,False,False
9,219,1548021558,0,forward,0.5489,115.884,9.6365,1.1132,0.0,False,False
9,220,1548021558,0,forward,0.3095,116.1936,9.6186,1.1158,0.0,False,False
9,221,1548021558,0,forward,0.6391,116.8327,9.5841,1.0734,0.0,False,False
9,222,1548021558,0,forward,0.6255,117.4582,9.5503,1.1261,0.0,False,False
9,223,1548021558,0,forward,0.5483,118.0065,9.5204,1.1166,0.0,False,False
9,224,1548021558,0,forward,0.5488,118.5553,9.4905,1.1257,0.0,False,False
9,225,1548021558,0,forward,0.5335,119.0888,9.4613,1.1218,0.0,False,False
9,226,1548021558,0,forward,0.5489,119.6377,9.4314,1.1232,0.0,False,False
9,227,1548021558,0,forward,0.6686,120.3063,9.3954,1.1205,0.0,False,False
9,228,1548021558,0,forward,0.5488,120.8551,9.3655,1.1259,0.0,False,False
9,229,1548021558,0,forward,0.429,121.2841,9.3415,1.1216,0.0,False,False
9,230,1548021558,0,forward,0.5488,121.8329,9.3116,1.1156,0.0,False,False
9,231,1548021558,0,forward,0.549,122.3819,9.2817,1.1148,0.0,False,False
9,232,1548021558,0,forward,0.5497,122.9316,9.2517,1.1224,0.0,False,False
9,233,1548021558,0,forward,0.4752,123.4068,9.2254,0.9398,0.0,False,False
9,234,964610217,0,forward,0.7868,124.1936,9.1836,1.1298,0.0,False,False
9,235,1548021558,0,forward,0.3092,124.5028,9.1656,1.1298,0.0,False,False
9,236,1548021558,0,forward,0.4202,124.923,9.1421,1.1312,0.0,False,False
9,237,1548021558,0,forward,0.6682,125.5912,9.1062,1.1385,0.0,False,False
9,238,1548021558,0,forward,0.6685,126.2597,9.0703,1.1351,0.0,False,False
9,239,1548021558,0,forward,0.429,126.6887,9.0463,1.1351,0.0,False,False
9,240,1548021558,0,forward,0.5487,127.2374,9.0164,1.1292,0.0,False,False
9,241,1548021558,0,forward,0.5487,127.7861,8.9864,1.1311,0.0,False,False
9,242,1548021558,0,forward,0.5488,128.335,8.9565,1.1175,0.0,False,False
9,243,1548021558,0,forward,0.5493,128.8843,8.9265,1.1289,0.0,False,False
9,244,1548021558,0,forward,0.4665,129.3509,8.9007,1.0079,0.0,False,False
9,245,964610217,0,forward,0.5463,129.8972,8.8709,1.1395,0.0,False,False
9,246,1548021558,0,forward,0.5482,130.4454,8.841,1.1375,0.0,False,False
9,247,1548021558,0,forward,0.5487,130.9941,8.811,1.1414,0.0,False,False
9,248,1548021558,0,forward,0.533,131.5271,8.7819,1.1411,0.0,False,False
9,249,1548021558,0,forward,0.5488,132.0759,8.752,1.1411,0.0,False,False
9,250,1548021558,0,forward,0.5487,132.6246,8.722,1.1361,0.0,False,False
9,251,1548021558,0,forward,0.5487,133.1733,8.6921,1.1405,0.0,False,False
9,252,1548021558,0,forward,0.5487,133.722,8.6621,1.1346,0.0,False,False
9,253,1548021558,0,forward,0.5487,134.2707,8.6322,1.1371,0.0,False,False
9,254,1548021558,0,forward,0.5489,134.8196,8.6023,1.1419,0.0,False,False
9,255,1548021558,0,forward,0.4295,135.2491,8.5783,1.1464,0.0,False,False
9,256,1548021558,0,forward,0.5964,135.8455,8.546,0.9481,0.0,False,False
9,257,964610217,0,forward,0.5473,136.3928,8.5161,1.1499,0.0,False,False
9,258,1548021558,0,forward,0.5484,136.9412,8.4862,1.1498,0.0,False,False
9,259,1548021558,0,forward,0.5363,137.4775,8.4569,1.1414,0.0,False,False
9,260,1548021558,0,forward,0.5492,138.0266,8.4269,1.1517,0.0,False,False
9,261,1548021558,0,forward,0.5487,138.5753,8.397,1.1491,0.0,False,False
9,262,1548021558,0,forward,0.5487,139.124,8.367,1.1543,0.0,False,False
9,263,1548021558,0,forward,0.5486,139.6726,8.3371,1.173,0.0,False,False
9,264,1548021558,0,forward,0.6684,140.341,8.3012,1.1675,0.0,False,False
9,265,1548021558,0,forward,0.429,140.77,8.2772,1.175,0.0,False,False
9,266,1548021558,0,forward,0.5492,141.3192,8.2473,1.2173,0.0,False,False
9,267,1548021558,0,forward,0.4789,141.7981,8.2208,0.952,0.0,False,False
9,268,964610217,0,forward,0.5453,142.3434,8.1911,1.3723,0.0,False,False
9,269,1548021558,0,forward,0.5481,142.8915,8.1612,1.4424,0.0,False,False
9,270,1548021558,0,forward,0.5486,143.4401,8.1312,1.5061,0.0,False,False
9,271,1548021558,0,forward,0.5368,143.9769,8.1019,1.6071,0.0,False,False
9,272,1548021558,0,forward,0.5486,144.5255,8.072,1.5935,0.0,False,False
9,273,1548021558,0,forward,0.5486,145.0741,8.042,1.545,0.0,False,False
9,274,1548021558,0,forward,0.5486,145.6227,8.0121,1.5241,0.0,False,False
9,275,1548021558,0,forward,0.5485,146.1712,7.9822,1.4948,0.0,False,False
9,276,926291406,4,forward_right,0.5486,146.7198,7.9523,1.4654,0.0,False,False
9,277,926291406,4,forward_right,0.4291,147.149,7.9283,1.3556,0.0,False,False
9,278,926291406,4,forward_right,0.2271,147.376,7.9144,0.9512,0.0,False,False
9,279,1309443777,2,turn_right,0.3495,147.7255,7.892,1.4004,0.0,False,False
9,280,926291406,4,forward_right,0.3589,148.0844,7.8715,1.4056,0.0,False,False
9,281,926291406,4,forward_right,0.3759,148.4603,7.8502,1.3899,0.0,False,False
9,282,926291406,4,forward_right,0.3696,148.8299,7.8293,1.371,0.0,False,False
9,283,926291406,4,forward_right,0.3688,149.1987,7.8083,1.3501,0.0,False,False
9,284,926291406,4,forward_right,0.451,149.6497,7.7833,1.3501,0.0,False,False
9,285,926291406,4,forward_right,0.1998,149.8495,7.7708,1.3136,0.0,False,False
9,286,926291406,4,forward_right,0.4484,150.2979,7.7459,1.2898,0.0,False,False
9,287,926291406,4,forward_right,0.2303,150.5283,7.7318,0.9597,0.0,False,False
9,288,1309443777,2,turn_right,0.3051,150.8334,7.7116,0.9597,0.0,False,False
9,289,1309443777,2,turn_right,0.1898,151.0232,7.6971,1.2913,0.0,False,False
9,290,926291406,4,forward_right,0.2156,151.2389,7.6838,1.2799,0.0,False,False
9,291,926291406,4,forward_right,0.2247,151.4635,7.6701,1.2751,0.0,False,False
9,292,926291406,4,forward_right,0.3449,151.8084,7.6503,1.2728,0.0,False,False
9,293,926291406,4,forward_right,0.3399,152.1483,7.6308,1.2735,0.0,False,False
9,294,926291406,4,forward_right,0.2582,152.4065,7.6154,1.2735,0.0,False,False
9,295,828879,1,turn_left,0.2339,152.6404,7.5987,1.2558,0.0,False,False
9,296,926291406,4,forward_right,0.1452,152.7856,7.589,1.2355,0.0,False,False
9,297,926291406,4,forward_right,0.3359,153.1216,7.5697,1.2458,0.0,False,False
9,298,828879,1,turn_left,0.1353,153.2568,7.5579,1.2115,0.0,False,False
9,299,828879,1,turn_left,0.0361,153.293,7.5511,1.2189,0.0,False,False
9,300,828879,1,turn_left,-0.1,153.193,7.5514,1.2189,0.0,False,False
9,301,926291406,4,forward_right,0.0687,153.2616,7.5455,1.2254,0.0,False,False
9,302,926291406,4,forward_right,0.2851,153.5467,7.5287,1.2254,0.0,False,False
9,303,926291406,4,forward_right,0.4077,153.9544,7.5058,1.2107,0.0,False,False
9,304,926291406,4,forward_right,0.3307,154.285,7.4868,1.2034,0.0,False,False
9,305,828879,1,turn_left,0.2178,154.5029,7.4709,1.2147,0.0,False,False
9,306,828879,1,turn_left,-0.1,154.4029,7.4711,1.2017,0.0,False,False
9,307,926291406,4,forward_right,-0.05,154.3529,7.4712,1.1014,0.0,False,False
9,308,926291406,4,forward_right,0.3872,154.7401,7.4494,1.1659,0.0,False,False
9,309,926291406,4,forward_right,0.1975,154.9376,7.437,1.1578,0.0,False,False
9,310,926291406,4,forward_right,0.3271,155.2646,7.4181,1.1691,0.0,False,False
9,311,828879,1,turn_left,0.0681,155.3328,7.4097,1.1761,0.0,False,False
9,312,926291406,4,forward_right,0.0662,155.399,7.4039,1.1481,0.0,False,False
9,313,926291406,4,forward_right,0.3381,155.737,7.3845,1.1547,0.0,False,False
9,314,926291406,4,forward_right,0.2107,155.9478,7.3715,0.9682,0.0,False,False
9,315,1406925816,4,forward_right,0.3232,156.271,7.3528,1.1472,0.0,False,False
9,316,828879,1,turn_left,0.1365,156.4075,7.341,1.1497,0.0,False,False
9,317,828879,1,turn_left,-0.1,156.3075,7.3397,1.13,0.0,False,False
9,318,926291406,4,forward_right,0.1449,156.4523,7.3299,1.1308,0.0,False,False
9,319,926291406,4,forward_right,0.3362,156.7885,7.3106,1.1273,0.0,False,False
9,320,828879,1,turn_left,0.2685,157.057,7.2922,1.1222,0.0,False,False
9,321,828879,1,turn_left,-0.1,156.957,7.2911,0.9556,0.0,False,False
9,322,1309443777,2,turn_right,0.0942,157.0512,7.2814,1.1125,0.0,False,False
9,323,926291406,4,forward_right,0.1132,157.1644,7.2732,1.1092,0.0,False,False
9,324,828879,1,turn_left,0.1419,157.3063,7.2611,1.12,0.0,False,False
9,325,828879,1,turn_left,-0.0252,157.2811,7.2574,1.123,0.0,False,False
9,326,926291406,4,forward_right,-0.05,157.2311,7.2574,1.091,0.0,False,False
9,327,867707199,0,forward,0.321,157.5522,7.2389,1.1065,0.0,False,False
9,328,926291406,4,forward_right,0.3313,157.8835,7.2198,1.0996,0.0,False,False
9,329,867707199,0,forward,0.2638,158.1473,7.2041,1.0663,0.0,False,False
9,330,867707199,0,forward,0.5408,158.6881,7.1746,1.0991,0.0,False,False
9,331,867707199,0,forward,0.5,159.188,7.1471,1.0843,0.0,False,False
9,332,867707199,0,forward,0.5001,159.6881,7.1196,1.0845,0.0,False,False
9,333,867707199,0,forward,0.4996,160.1878,7.0921,1.0763,0.0,False,False
9,334,867707199,0,forward,0.4992,160.6869,7.0646,1.0773,0.0,False,False
9,335,867707199,0,forward,0.4988,161.1857,7.0372,1.081,0.0,False,False
9,336,867707199,0,forward,0.4983,161.684,7.0098,1.0805,0.0,False,False
9,337,867707199,0,forward,0.498,162.1821,6.9824,1.0754,0.0,False,False
9,338,867707199,0,forward,0.4981,162.6802,6.955,1.0918,0.0,False,False
9,339,867707199,0,forward,0.3106,162.9908,6.937,1.0429,0.0,False,False
9,340,118573733,3,forward_left,0.4064,163.3972,6.9141,1.0849,0.0,False,False
9,341,1440968876,0,forward,0.2317,163.6288,6.9001,1.0686,0.0,False,False
9,342,1440968876,0,forward,0.4431,164.0719,6.8754,1.086,0.0,False,False
9,343,867707199,0,forward,0.6026,164.6745,6.8428,1.0857,0.0,False,False
9,344,1440968876,0,forward,0.3846,165.0591,6.821,1.0901,0.0,False,False
9,345,1440968876,0,forward,0.6013,165.6604,6.7885,1.1046,0.0,False,False
9,346,828879,1,turn_left,0.4103,166.0707,6.763,1.0983,0.0,False,False
9,347,1440968876,0,forward,0.3879,166.4586,6.7411,1.1139,0.0,False,False
9,348,926291406,4,forward_right,0.4593,166.9179,6.7156,1.1228,0.0,False,False
9,349,926291406,4,forward_right,0.1907,167.1085,6.7036,1.0783,0.0,False,False
9,350,587486767,5,stop,0.3319,167.4405,6.6845,1.1469,0.0,False,False
9,351,828879,1,turn_left,0.2011,167.6415,6.6694,1.1397,0.0,False,False
9,352,828879,1,turn_left,0.0793,167.7208,6.6605,1.1661,0.0,False,False
9,353,926291406,4,forward_right,-0.05,167.6708,6.6606,1.152,0.0,False,False
9,354,926291406,4,forward_right,0.3011,167.9719,6.643,1.1357,0.0,False,False
9,355,926291406,4,forward_right,0.3402,168.3121,6.6235,1.1551,0.0,False,False
9,356,926291406,4,forward_right,0.2212,168.5333,6.61,0.9867,0.0,False,False
9,357,1406925816,4,forward_right,0.3966,168.9299,6.5876,1.1951,0.0,False,False
9,358,828879,1,turn_left,0.1392,169.0691,6.5757,1.1951,0.0,False,False
9,359,828879,1,turn_left,0.0099,169.0791,6.5702,1.2137,0.0,False,False
9,360,828879,1,turn_left,-0.1,168.9791,6.5703,1.183,0.0,False,False
9,361,926291406,4,forward_right,0.1399,169.1189,6.5609,1.1624,0.0,False,False
9,362,926291406,4,forward_right,0.3406,169.4596,6.5413,1.1981,0.0,False,False
9,363,926291406,4,forward_right,0.2621,169.7217,6.5257,1.0662,0.0,False,False
9,364,587486767,5,stop,0.1988,169.9204,6.5133,1.1139,0.0,False,False
9,365,828879,1,turn_left,0.0152,169.9356,6.5075,1.2167,0.0,False,False
9,366,828879,1,turn_left,-0.0126,169.923,6.5031,1.2138,0.0,False,False
9,367,926291406,4,forward_right,-0.05,169.873,6.5021,1.2059,0.0,False,False
9,368,926291406,4,forward_right,0.4771,170.35,6.4757,1.2108,0.0,False,False
9,369,926291406,4,forward_right,0.2572,170.6073,6.4604,1.2111,0.0,False,False
9,370,926291406,4,forward_right,0.3194,170.9267,6.4419,1.2448,0.0,False,False
9,371,828879,1,turn_left,0.0961,171.0228,6.4321,1.2576,0.0,False,False
9,372,828879,1,turn_left,-0.1,170.9228,6.4322,1.2378,0.0,False,False
9,373,926291406,4,forward_right,-0.05,170.8728,6.4307,0.9373,0.0,False,False
9,374,1309443777,2,turn_right,0.0656,170.9385,6.4225,1.2138,0.0,False,False
9,375,926291406,4,forward_right,0.0909,171.0294,6.4154,1.2105,0.0,False,False
9,376,926291406,4,forward_right,0.097,171.1263,6.4081,1.2118,0.0,False,False
9,377,926291406,4,forward_right,0.0396,171.166,6.4036,1.2287,0.0,False,False
9,378,926291406,4,forward_right,0.4076,171.5736,6.3807,1.2317,0.0,False,False
9,379,926291406,4,forward_right,0.3393,171.9129,6.3612,1.2417,0.0,False,False
9,380,926291406,4,forward_right,0.3336,172.2466,6.3421,1.2719,0.0,False,False
9,381,828879,1,turn_left,0.2292,172.4758,6.3256,1.2731,0.0,False,False
9,382,828879,1,turn_left,-0.1,172.3758,6.3255,1.2852,0.0,False,False
9,383,926291406,4,forward_right,-0.0036,172.3722,6.3232,0.983,0.0,False,False
9,384,1309443777,2,turn_right,0.4042,172.7764,6.298,1.2684,0.0,False,False
9,385,926291406,4,forward_right,0.1288,172.9052,6.2891,1.287,0.0,False,False
9,386,828879,1,turn_left,0.0647,172.9699,6.2808,1.2943,0.0,False,False
9,387,926291406,4,forward_right,-0.05,172.9199,6.282,1.2676,0.0,False,False
9,388,926291406,4,forward_right,0.3936,173.3134,6.2598,1.2867,0.0,False,False
9,389,926291406,4,forward_right,0.2655,173.5789,6.244,1.0952,0.0,False,False
9,390,1166997565,3,forward_left,0.2358,173.8147,6.2297,1.0591,0.0,False,False
9,391,1166997565,3,forward_left,0.3134,174.1281,6.2115,1.3056,0.0,False,False
9,392,926291406,4,forward_right,0.2929,174.421,6.1944,1.3161,0.0,False,False
9,393,926291406,4,forward_right,0.3166,174.7376,6.1761,1.31,0.0,False,False
9,394,926291406,4,forward_right,0.3333,175.0708,6.1569,1.3205,0.0,False,False
9,395,828879,1,turn_left,0.1547,175.2255,6.1442,1.3469,0.0,False,False
9,396,926291406,4,forward_right,0.072,175.2975,6.1381,1.3435,0.0,False,False
9,397,926291406,4,forward_right,0.3391,175.6366,6.1186,1.195,0.0,False,False
9,398,926291406,4,forward_right,0.2213,175.8579,6.1051,0.9599,0.0,False,False
9,399,1406925816,4,forward_right,0.3231,176.1811,6.0864,1.3848,0.0,False,False
9,400,828879,1,turn_left,0.0755,176.2566,6.0776,1.4108,0.0,False,False
9,401,828879,1,turn_left,-0.1,176.1566,6.0777,1.3654,0.0,False,False
9,402,926291406,4,forward_right,0.1153,176.2719,6.0694,1.3499,0.0,False,False
9,403,926291406,4,forward_right,0.3361,176.608,6.0501,1.3605,0.0,False,False
9,404,926291406,4,forward_right,0.2552,176.8632,6.0348,1.386,0.0,False,False
9,405,828879,1,turn_left,0.1264,176.9897,6.0235,1.4027,0.0,False,False
9,406,828879,1,turn_left,0.1548,177.1444,6.0108,1.4035,0.0,False,False
9,407,926291406,4,forward_right,0.2228,177.3672,5.9971,1.2765,0.0,False,False
9,408,926291406,4,forward_right,0.231,177.5982,5.9831,0.9437,0.0,False,False
9,409,1406925816,4,forward_right,0.3159,177.9141,5.9648,1.4263,0.0,False,False
9,410,828879,1,turn_left,0.2225,178.1365,5.9487,1.4427,0.0,False,False
9,411,828879,1,turn_left,-0.1,178.0365,5.9482,1.4211,0.0,False,False
9,412,828879,1,turn_left,-0.1,177.9365,5.9482,1.3948,0.0,False,False
9,413,926291406,4,forward_right,0.071,178.0075,5.9422,1.3687,0.0,False,False
9,414,926291406,4,forward_right,0.479,178.4865,5.9157,1.4009,0.0,False,False
9,415,926291406,4,forward_right,0.2599,178.7464,5.9002,1.4204,0.0,False,False
9,416,926291406,4,forward_right,0.3325,179.0789,5.8811,1.4389,0.0,False,False
9,417,828879,1,turn_left,0.0753,179.1542,5.8724,1.4404,0.0,False,False
9,418,926291406,4,forward_right,0.131,179.2852,5.8633,1.3113,0.0,False,False
9,419,926291406,4,forward_right,0.2806,179.5658,5.8468,0.9683,0.0,False,False
9,420,1309443777,2,turn_right,0.1504,179.7162,5.8343,1.3846,0.0,False,False
9,421,828879,1,turn_left,0.2176,179.9338,5.8184,1.3846,0.0,False,False
9,422,828879,1,turn_left,-0.0181,179.9157,5.8143,1.4601,0.0,False,False
9,423,926291406,4,forward_right,0.1459,180.0616,5.8045,1.434,0.0,False,False
9,424,926291406,4,forward_right,0.3155,180.3771,5.7862,1.4493,0.0,False,False
9,425,926291406,4,forward_right,0.3287,180.7058,5.7673,1.4726,0.0,False,False
9,426,828879,1,turn_left,0.1319,180.8377,5.7557,1.4924,0.0,False,False
9,427,828879,1,turn_left,-0.1,180.7377,5.7554,1.4707,0.0,False,False
9,428,926291406,4,forward_right,0.0172,180.7549,5.752,0.9592,0.0,False,False
9,429,1309443777,2,turn_right,0.2889,181.0438,5.7326,1.4723,0.0,False,False
9,430,926291406,4,forward_right,0.1777,181.2215,5.7212,1.4733,0.0,False,False
9,431,926291406,4,forward_right,0.4335,181.655,5.697,1.4815,0.0,False,False
9,432,828879,1,turn_left,0.1099,181.7649,5.6865,1.4971,0.0,False,False
9,433,828879,1,turn_left,-0.1,181.6649,5.685,1.4998,0.0,False,False
9,434,926291406,4,forward_right,0.1359,181.8008,5.6757,1.2123,0.0,False,False
9,435,926291406,4,forward_right,0.43,182.2307,5.6517,0.9417,0.0,False,False
9,436,1309443777,2,turn_right,0.0543,182.285,5.644,1.5259,0.0,False,False
9,437,926291406,4,forward_right,0.3652,182.6502,5.6233,1.5293,0.0,False,False
9,438,828879,1,turn_left,0.0623,182.7124,5.6152,1.5278,0.0,False,False
9,439,926291406,4,forward_right,0.1424,182.8549,5.6055,1.5221,0.0,False,False
9,440,926291406,4,forward_right,0.3193,183.1742,5.5871,1.5287,0.0,False,False
9,441,828879,1,turn_left,0.2109,183.3851,5.5715,1.5473,0.0,False,False
9,442,828879,1,turn_left,-0.1,183.2851,5.5717,1.5356,0.0,False,False
9,443,926291406,4,forward_right,0.1239,183.409,5.563,0.9661,0.0,False,False
9,444,1309443777,2,turn_right,0.2395,183.6485,5.5461,1.2369,0.0,False,False
9,445,926291406,4,forward_right,0.2327,183.8812,5.5319,1.5431,0.0,False,False
9,446,926291406,4,forward_right,0.3323,184.2135,5.5128,1.5604,0.0,False,False
9,447,828879,1,turn_left,0.1354,184.3489,5.501,1.5848,0.0,False,False
9,448,828879,1,turn_left,-0.1,184.2489,5.5013,1.2134,0.0,False,False
9,449,926291406,4,forward_right,-0.0053,184.2435,5.4991,1.0435,0.0,False,False
9,450,1166997565,3,forward_left,0.3043,184.5478,5.4814,1.5411,0.0,False,False
9,451,926291406,4,forward_right,0.2911,184.8389,5.4643,1.5358,0.0,False,False
9,452,926291406,4,forward_right,0.2937,185.1326,5.4471,1.555,0.0,False,False
9,453,926291406,4,forward_right,0.3391,185.4717,5.4277,1.5817,0.0,False,False
9,454,926291406,4,forward_right,0.4097,185.8813,5.4047,1.5743,0.0,False,False
9,455,828879,1,turn_left,0.0616,185.943,5.3966,1.6087,0.0,False,False
9,456,926291406,4,forward_right,0.1433,186.0863,5.387,1.6022,0.0,False,False
9,457,926291406,4,forward_right,0.4084,186.4947,5.364,1.3413,0.0,False,False
9,458,828879,1,turn_left,0.1219,186.6166,5.353,0.9255,0.0,False,False
9,459,1406925816,4,forward_right,0.1264,186.743,5.3441,1.4842,0.0,False,False
9,460,828879,1,turn_left,0.0587,186.8017,5.3362,1.6162,0.0,False,False
9,461,926291406,4,forward_right,0.1564,186.9581,5.3259,1.5959,0.0,False,False
9,462,926291406,4,forward_right,0.2493,187.2075,5.3109,1.6238,0.0,False,False
9,463,828879,1,turn_left,0.2142,187.4217,5.2952,1.642,0.0,False,False
9,464,828879,1,turn_left,-0.1,187.3217,5.2953,1.6326,0.0,False,False
9,465,926291406,4,forward_right,0.0665,187.3882,5.2895,1.0146,0.0,False,False
9,466,1937774032,3,forward_left,0.359,187.7472,5.2691,1.192,0.0,False,False
9,467,926291406,4,forward_right,0.2691,188.0163,5.2531,1.4086,0.0,False,False
9,468,926291406,4,forward_right,0.3337,188.3501,5.2339,1.6536,0.0,False,False
9,469,828879,1,turn_left,0.0592,188.4092,5.226,1.2129,0.0,False,False
9,470,926291406,4,forward_right,0.093,188.5023,5.2188,1.1461,0.0,False,False
9,471,926291406,4,forward_right,0.3341,188.8363,5.1996,1.6666,0.0,False,False
9,472,828879,1,turn_left,0.1432,188.9796,5.1874,1.6653,0.0,False,False
9,473,828879,1,turn_left,-0.1,188.8796,5.1875,1.6477,0.0,False,False
9,474,926291406,4,forward_right,0.1487,189.0283,5.1776,1.6432,0.0,False,False
9,475,926291406,4,forward_right,0.3252,189.3535,5.1588,1.6515,0.0,False,False
9,476,926291406,4,forward_right,0.3379,189.6915,5.1394,1.6515,0.0,False,False
9,477,926291406,4,forward_right,0.3323,190.0238,5.1203,1.6706,0.0,False,False
9,478,828879,1,turn_left,0.1369,190.1606,5.1085,1.686,0.0,False,False
9,479,828879,1,turn_left,-0.1,190.0606,5.1087,1.0012,0.0,False,False
9,480,1309443777,2,turn_right,0.0478,190.1084,5.1013,1.41,0.0,False,False
9,481,926291406,4,forward_right,0.1157,190.2241,5.093,1.41,0.0,False,False
9,482,926291406,4,forward_right,0.2678,190.4919,5.0771,1.6827,0.0,False,False
9,483,926291406,4,forward_right,0.3247,190.8167,5.0584,1.6964,0.0,False,False
9,484,828879,1,turn_left,0.1875,191.0042,5.044,1.6964,0.0,False,False
9,485,828879,1,turn_left,-0.1,190.9042,5.0426,1.7013,0.0,False,False
9,486,926291406,4,forward_right,-0.05,190.8542,5.0422,0.9497,0.0,False,False
9,487,1309443777,2,turn_right,0.2508,191.1049,5.0247,1.6877,0.0,False,False
9,488,926291406,4,forward_right,0.2395,191.3444,5.0102,1.6944,0.0,False,False
9,489,926291406,4,forward_right,0.2707,191.6152,4.9942,1.7065,0.0,False,False
9,490,926291406,4,forward_right,0.3337,191.9489,4.975,1.7054,0.0,False,False
9,491,926291406,4,forward_right,0.3286,192.2775,4.956,1.7267,0.0,False,False
9,492,828879,1,turn_left,0.143,192.4205,4.9439,1.7411,0.0,False,False
9,493,828879,1,turn_left,-0.1,192.3205,4.9441,1.2438,0.0,False,False
9,494,926291406,4,forward_right,0.0541,192.3746,4.9389,1.1481,0.0,False,False
9,495,926291406,4,forward_right,0.3363,192.7109,4.9196,1.7239,0.0,False,False
9,496,926291406,4,forward_right,0.2629,192.9737,4.904,1.7366,0.0,False,False
9,497,828879,1,turn_left,0.228,193.2018,4.8876,1.7505,0.0,False,False
9,498,828879,1,turn_left,-0.1,193.1018,4.8876,1.7505,0.0,False,False
9,499,926291406,4,forward_right,-0.05,193.0518,4.8875,0.949,0.0,False,False
9,500,1309443777,2,turn_right,0.2003,193.252,4.8725,1.5449,0.0,False,False
9,501,926291406,4,forward_right,0.2419,193.494,4.8579,1.7395,0.0,False,False
9,502,926291406,4,forward_right,0.2535,193.7475,4.8428,1.7395,0.0,False,False
9,503,926291406,4,forward_right,0.3961,194.1436,4.8204,1.7443,0.0,False,False
9,504,828879,1,turn_left,0.1489,194.2925,4.808,1.7734,0.0,False,False
9,505,926291406,4,forward_right,0.123,194.4155,4.7993,1.7677,0.0,False,False
9,506,926291406,4,forward_right,0.3343,194.7499,4.7801,1.5498,0.0,False,False
9,507,828879,1,turn_left,0.226,194.9759,4.7638,1.0334,0.0,False,False
9,508,587486767,5,stop,-0.05,194.9259,4.7625,1.2734,0.0,False,False
9,509,828879,1,turn_left,0.1872,195.1131,4.7482,1.2734,0.0,False,False
9,510,828879,1,turn_left,0.0837,195.1968,4.739,1.8018,0.0,False,False
9,511,828879,1,turn_left,-0.1,195.0968,4.7379,1.8074,0.0,False,False
9,512,926291406,4,forward_right,0.1373,195.2341,4.7286,1.7873,0.0,False,False
9,513,926291406,4,forward_right,0.331,195.5651,4.7095,1.7893,0.0,False,False
9,514,828879,1,turn_left,0.1187,195.6839,4.6986,1.7954,0.0,False,False
9,515,926291406,4,forward_right,0.1381,195.822,4.6892,1.786,0.0,False,False
9,516,926291406,4,forward_right,0.334,196.1559,4.67,1.799,0.0,False,False
9,517,828879,1,turn_left,0.1173,196.2732,4.6591,1.4997,0.0,False,False
9,518,828879,1,turn_left,-0.1,196.1732,4.6592,0.9302,0.0,False,False
9,519,1309443777,2,turn_right,0.0224,196.1956,4.6531,1.3095,0.0,False,False
9,520,926291406,4,forward_right,0.1449,196.3404,4.6434,1.8064,0.0,False,False
9,521,926291406,4,forward_right,0.2719,196.6124,4.6273,1.8176,0.0,False,False
9,522,828879,1,turn_left,0.135,196.7473,4.6155,1.8131,0.0,False,False
9,523,828879,1,turn_left,-0.1,196.6473,4.6156,1.208,0.0,False,False
9,524,926291406,4,forward_right,-0.0069,196.6404,4.6134,1.208,0.0,False,False
9,525,926291406,4,forward_right,0.3409,196.9813,4.5939,1.2648,0.0,False,False
9,526,926291406,4,forward_right,0.2778,197.2592,4.5775,1.8048,0.0,False,False
9,527,926291406,4,forward_right,0.3273,197.5865,4.5586,1.8154,0.0,False,False
9,528,828879,1,turn_left,0.2082,197.7947,4.5432,1.8334,0.0,False,False
9,529,828879,1,turn_left,-0.1,197.6947,4.5431,1.8445,0.0,False,False
9,530,926291406,4,forward_right,-0.05,197.6447,4.5424,1.2062,0.0,False,False
9,531,926291406,4,forward_right,0.3116,197.9563,4.5243,1.2107,0.0,False,False
9,532,926291406,4,forward_right,0.3298,198.2861,4.5053,1.8252,0.0,False,False
9,533,926291406,4,forward_right,0.2707,198.5568,4.4893,1.8402,0.0,False,False
9,534,926291406,4,forward_right,0.3285,198.8853,4.4704,1.8686,0.0,False,False
9,535,828879,1,turn_left,0.1388,199.0242,4.4584,3.7102,0.0,False,False
9,536,828879,1,turn_left,-0.1,198.9242,4.4585,1.8627,0.0,False,False
9,537,926291406,4,forward_right,0.0805,199.0046,4.452,0.9407,0.0,False,False
9,538,1309443777,2,turn_right,0.1946,199.1992,4.4373,1.8661,0.0,False,False
9,539,926291406,4,forward_right,0.2255,199.4248,4.4235,1.8698,0.0,False,False
9,540,926291406,4,forward_right,0.327,199.7518,4.4047,1.886,0.0,False,False
9,541,828879,1,turn_left,0.1355,199.8873,4.3929,3.6535,0.0,False,False
9,542,828879,1,turn_left,-0.1,199.7873,4.393,1.9676,0.0,False,False
9,543,926291406,4,forward_right,0.0274,199.8146,4.3891,0.9383,0.0,False,False
9,544,1309443777,2,turn_right,0.1735,199.9881,4.3754,1.8803,0.0,False,False
9,545,926291406,4,forward_right,0.2282,200.2163,4.3615,1.8879,0.0,False,False
9,546,926291406,4,forward_right,0.327,200.5433,4.3427,1.8928,0.0,False,False
9,547,926291406,4,forward_right,0.3323,200.8756,4.3235,3.654,0.0,False,False
9,548,828879,1,turn_left,0.1368,201.0124,4.3117,3.6317,0.0,False,False
9,549,828879,1,turn_left,-0.1,200.9124,4.3119,1.7286,0.0,False,False
9,550,926291406,4,forward_right,0.0426,200.955,4.3073,0.962,0.0,False,False
9,551,1309443777,2,turn_right,0.2522,201.2072,4.2897,1.9363,0.0,False,False
9,552,926291406,4,forward_right,0.1732,201.3803,4.2785,2.1057,0.0,False,False
9,553,926291406,4,forward_right,0.3236,201.704,4.2598,3.613,0.0,False,False
9,554,926291406,4,forward_right,0.3319,202.0359,4.2407,3.603,0.0,False,False
9,555,828879,1,turn_left,0.1432,202.1791,4.2286,3.5963,0.0,False,False
9,556,828879,1,turn_left,-0.1,202.0791,4.2288,1.8291,0.0,False,False
9,557,926291406,4,forward_right,0.0603,202.1394,4.2233,0.9598,0.0,False,False
9,558,1309443777,2,turn_right,0.2249,202.3643,4.207,2.1966,0.0,False,False
9,559,926291406,4,forward_right,0.1911,202.5554,4.195,3.5771,0.0,False,False
9,560,926291406,4,forward_right,0.2758,202.8312,4.1787,3.5782,0.0,False,False
9,561,926291406,4,forward_right,0.3328,203.164,4.1595,3.5635,0.0,False,False
9,562,828879,1,turn_left,0.1418,203.3058,4.1475,3.5559,0.0,False,False
9,563,828879,1,turn_left,-0.1,203.2058,4.1474,1.7709,0.0,False,False
9,564,926291406,4,forward_right,-0.0085,203.1973,4.1454,0.9439,0.0,False,False
9,565,1309443777,2,turn_right,0.2264,203.4237,4.129,1.9372,0.0,False,False
9,566,926291406,4,forward_right,0.1297,203.5534,4.1201,3.5569,0.0,False,False
9,567,926291406,4,forward_right,0.2408,203.7942,4.1055,3.5221,0.0,False,False
9,568,926291406,4,forward_right,0.3358,204.13,4.0862,3.5411,0.0,False,False
9,569,926291406,4,forward_right,0.2542,204.3842,4.071,3.5202,0.0,False,False
9,570,828879,1,turn_left,0.2851,204.6693,4.0518,3.5155,0.0,False,False
9,571,828879,1,turn_left,-0.1,204.5693,4.0515,1.8932,0.0,False,False
9,572,926291406,4,forward_right,-0.05,204.5193,4.0507,0.9499,0.0,False,False
9,573,1309443777,2,turn_right,0.2679,204.7872,4.0323,1.8638,0.0,False,False
9,574,926291406,4,forward_right,0.1863,204.9735,4.0205,3.5052,0.0,False,False
9,575,926291406,4,forward_right,0.2656,205.2391,4.0047,3.4844,0.0,False,False
9,576,828879,1,turn_left,0.1536,205.3927,3.992,3.4806,0.0,False,False
9,577,828879,1,turn_left,-0.1,205.2927,3.9922,2.0783,0.0,False,False
9,578,926291406,4,forward_right,-0.05,205.2427,3.9903,0.9501,0.0,False,False
9,579,1309443777,2,turn_right,0.2386,205.4813,3.9734,1.7194,0.0,False,False
9,580,926291406,4,forward_right,0.186,205.6673,3.9616,3.4961,0.0,False,False
9,581,926291406,4,forward_right,0.2498,205.9171,3.9466,3.4818,0.0,False,False
9,582,926291406,4,forward_right,0.3353,206.2524,3.9273,3.4489,0.0,False,False
9,583,926291406,4,forward_right,0.3291,206.5815,3.9084,3.4574,0.0,False,False
9,584,828879,1,turn_left,0.2244,206.8059,3.8922,3.4426,0.0,False,False
9,585,828879,1,turn_left,-0.1,206.7059,3.8924,1.9882,0.0,False,False
9,586,926291406,4,forward_right,-0.0024,206.7035,3.89,0.9517,0.0,False,False
9,587,1309443777,2,turn_right,0.2351,206.9386,3.8733,1.9636,0.0,False,False
9,588,926291406,4,forward_right,0.1816,207.1202,3.8617,3.4265,0.0,False,False
9,589,926291406,4,forward_right,0.243,207.3631,3.8471,3.4372,0.0,False,False
9,590,828879,1,turn_left,0.1539,207.5171,3.8344,3.4118,0.0,False,False
9,591,828879,1,turn_left,-0.1,207.4171,3.8345,2.0549,0.0,False,False
9,592,926291406,4,forward_right,0.1307,207.5478,3.8255,0.9769,0.0,False,False
9,593,1309443777,2,turn_right,0.2008,207.7486,3.8105,1.1527,0.0,False,False
9,594,926291406,4,forward_right,0.2959,208.0445,3.7932,1.1556,0.0,False,False
9,595,926291406,4,forward_right,0.4062,208.4506,3.7703,1.0906,0.0,False,False
9,596,587486767,5,stop,0.1938,208.6444,3.7582,0.9528,0.0,False,False
9,597,1406925816,4,forward_right,0.2225,208.8669,3.7445,1.2714,0.0,False,False
9,598,828879,1,turn_left,0.1338,209.0008,3.7328,1.851,0.0,False,False
9,599,828879,1,turn_left,-0.1,208.9008,3.7329,1.2451,0.0,False,False
9,600,926291406,4,forward_right,0.2255,209.1262,3.7191,1.0361,0.0,False,False
9,601,1166997565,3,forward_left,0.2959,209.4221,3.7018,0.9752,0.0,False,False
9,602,1309443777,2,turn_right,0.1572,209.5793,3.689,1.1998,0.0,False,False
9,603,926291406,4,forward_right,0.1379,209.7172,3.6796,1.0222,0.0,False,False
9,604,587486767,5,stop,0.2723,209.9895,3.6634,1.0268,0.0,False,False
9,605,587486767,5,stop,0.1454,210.1349,3.6537,1.0343,0.0,False,False
9,606,587486767,5,stop,0.0598,210.1948,3.6482,1.0575,0.0,False,False
9,607,587486767,5,stop,-0.05,210.1448,3.6477,0.9847,0.0,False,False
9,608,1406925816,4,forward_right,-0.05,210.0948,3.6462,0.9938,0.0,False,False
9,609,1406925816,4,forward_right,0.1462,210.2409,3.6364,1.0996,0.0,False,False
9,610,587486767,5,stop,0.1152,210.3561,3.6281,1.1498,0.0,False,False
9,611,828879,1,turn_left,0.011,210.367,3.6226,0.9578,0.0,False,False
9,612,1406925816,4,forward_right,0.0969,210.4639,3.6152,1.2162,0.0,False,False
9,613,828879,1,turn_left,0.1729,210.6368,3.6016,1.9148,0.0,False,False
9,614,828879,1,turn_left,-0.1,210.5368,3.6017,1.4764,0.0,False,False
9,615,828879,1,turn_left,-0.1,210.4368,3.602,1.0095,0.0,False,False
9,616,1889449069,4,forward_right,0.0539,210.4907,3.5968,1.0095,0.0,False,False
9,617,1889449069,4,forward_right,0.4192,210.9099,3.5733,2.1985,0.0,False,False
9,618,926291406,4,forward_right,0.3346,211.2444,3.5541,3.349,0.0,False,False
9,619,828879,1,turn_left,0.1168,211.3612,3.5433,3.3467,0.0,False,False
9,620,828879,1,turn_left,-0.1,211.2612,3.5433,2.6562,0.0,False,False
9,621,926291406,4,forward_right,0.0548,211.316,3.538,1.6785,0.0,False,False
9,622,926291406,4,forward_right,0.3497,211.6657,3.518,1.8196,0.0,False,False
9,623,926291406,4,forward_right,0.3453,212.0109,3.4983,1.6906,0.0,False,False
9,624,2095099663,0,forward,0.269,212.2799,3.4823,1.2163,0.0,False,False
9,625,2095099663,0,forward,0.2539,212.5338,3.4671,0.978,0.0,False,False
9,626,1341840061,1,turn_left,0.4158,212.9496,3.4413,1.6783,0.0,False,False
9,627,2095099663,0,forward,0.2212,213.1707,3.4278,2.2416,0.0,False,False
9,628,2095099663,0,forward,0.326,213.4967,3.409,2.9264,0.0,False,False
9,629,2095099663,0,forward,0.4629,213.9596,3.3833,3.3551,0.0,False,False
9,630,2095099663,0,forward,0.5129,214.4725,3.3552,3.3551,0.0,False,False
9,631,2095099663,0,forward,0.5223,214.9948,3.3266,3.358,0.0,False,False
9,632,2095099663,0,forward,0.5215,215.5163,3.298,3.358,0.0,False,False
9,633,2095099663,0,forward,0.6351,216.1514,3.2637,3.3507,0.0,False,False
9,634,2095099663,0,forward,0.1782,216.3296,3.2523,3.3507,0.0,False,False
9,635,2095099663,0,forward,0.748,217.0777,3.2124,3.3514,0.0,False,False
9,636,2095099663,0,forward,0.5195,217.5972,3.184,3.0445,0.0,False,False
9,637,2095099663,0,forward,0.5193,218.1165,3.1555,1.9235,0.0,False,False
9,638,2095099663,0,forward,0.4528,218.5692,3.1304,1.0293,0.0,False,False
9,639,1086056247,1,turn_left,0.3597,218.9289,3.1074,1.5092,0.0,False,False
9,640,2095099663,0,forward,0.337,219.2659,3.088,1.5092,0.0,False,False
9,641,2095099663,0,forward,0.4648,219.7307,3.0623,1.8803,0.0,False,False
9,642,2095099663,0,forward,0.525,220.2557,3.0335,3.3628,0.0,False,False
9,643,2095099663,0,forward,0.5246,220.7803,3.0048,3.3628,0.0,False,False
9,644,2095099663,0,forward,0.5227,221.303,2.9762,3.3533,0.0,False,False
9,645,2095099663,0,forward,0.409,221.712,2.9532,3.3533,0.0,False,False
9,646,2095099663,0,forward,0.6378,222.3498,2.9188,3.3701,0.0,False,False
9,647,2095099663,0,forward,0.5225,222.8723,2.8902,3.3691,0.0,False,False
9,648,2095099663,0,forward,0.522,223.3943,2.8616,3.3734,0.0,False,False
9,649,2095099663,0,forward,0.5214,223.9157,2.833,2.2928,0.0,False,False
9,650,2095099663,0,forward,0.5211,224.4367,2.8045,2.2928,0.0,False,False
9,651,2095099663,0,forward,0.5213,224.958,2.7759,1.4916,0.0,False,False
9,652,2095099663,0,forward,0.4294,225.3874,2.752,0.9485,0.0,False,False
9,653,1341840061,1,turn_left,0.3982,225.7856,2.727,2.3203,0.0,False,False
9,654,2095099663,0,forward,0.3332,226.1188,2.7079,2.3203,0.0,False,False
9,655,2095099663,0,forward,0.4362,226.555,2.6836,2.9737,0.0,False,False
9,656,2095099663,0,forward,0.526,227.081,2.6548,3.3945,0.0,False,False
9,657,2095099663,0,forward,0.5207,227.6017,2.6262,3.3947,0.0,False,False
9,658,2095099663,0,forward,0.5249,228.1265,2.5975,3.3992,0.0,False,False
9,659,2095099663,0,forward,0.5243,228.6508,2.5688,3.4032,0.0,False,False
9,660,2095099663,0,forward,0.5237,229.1745,2.5401,3.4108,0.0,False,False
9,661,2095099663,0,forward,0.523,229.6975,2.5114,3.4131,0.0,False,False
9,662,2095099663,0,forward,0.6369,230.3344,2.4771,2.2583,0.0,False,False
9,663,2095099663,0,forward,0.4076,230.742,2.4542,2.2583,0.0,False,False
9,664,2095099663,0,forward,0.4077,231.1497,2.4313,1.4761,0.0,False,False
9,665,2095099663,0,forward,0.5581,231.7078,2.4009,0.9445,0.0,False,False
9,666,1341840061,1,turn_left,0.3965,232.1043,2.3761,1.5683,0.0,False,False
9,667,2095099663,0,forward,0.3622,232.4665,2.3555,2.4513,0.0,False,False
9,668,2095099663,0,forward,0.4902,232.9567,2.3285,3.3301,0.0,False,False
9,669,2095099663,0,forward,0.6365,233.5932,2.2942,3.4387,0.0,False,False
9,670,2095099663,0,forward,0.4096,234.0027,2.2712,3.4387,0.0,False,False
9,671,2095099663,0,forward,0.409,234.4117,2.2482,3.4521,0.0,False,False
9,672,2095099663,0,forward,0.6376,235.0493,2.2139,3.4586,0.0,False,False
9,673,2095099663,0,forward,0.5222,235.5715,2.1852,3.4602,0.0,False,False
9,674,2095099663,0,forward,0.5214,236.0929,2.1567,3.4655,0.0,False,False
9,675,2095099663,0,forward,0.5207,236.6137,2.1281,1.9429,0.0,False,False
9,676,2095099663,0,forward,0.5203,237.134,2.0996,1.9429,0.0,False,False
9,677,2095099663,0,forward,0.4576,237.5916,2.0742,1.2131,0.0,False,False
9,678,2095099663,0,forward,0.4986,238.0902,2.0468,1.0556,0.0,False,False
9,679,1263078535,3,forward_left,0.4398,238.5299,2.0223,1.9425,0.0,False,False
9,680,2095099663,0,forward,0.4174,238.9473,1.999,3.3142,0.0,False,False
9,681,2095099663,0,forward,0.5125,239.4598,1.9708,3.4865,0.0,False,False
9,682,2095099663,0,forward,0.5219,239.9818,1.9422,3.502,0.0,False,False
9,683,2095099663,0,forward,0.5206,240.5024,1.9137,3.4967,0.0,False,False
9,684,2095099663,0,forward,0.5197,241.0221,1.8852,3.5175,0.0,False,False
9,685,2095099663,0,forward,0.5187,241.5408,1.8568,3.5185,0.0,False,False
9,686,2095099663,0,forward,0.5177,242.0585,1.8284,3.5282,0.0,False,False
9,687,2095099663,0,forward,0.5168,242.5752,1.8001,2.7569,0.0,False,False
9,688,2095099663,0,forward,0.5161,243.0913,1.7718,1.7473,0.0,False,False
9,689,2095099663,0,forward,0.4114,243.5027,1.7487,1.1084,0.0,False,False
9,690,2095099663,0,forward,0.5052,244.0079,1.7209,1.2026,0.0,False,False
9,691,2095099663,0,forward,0.512,244.5199,1.6928,2.9911,0.0,False,False
9,692,2095099663,0,forward,0.4751,244.995,1.6666,3.5456,0.0,False,False
9,693,2095099663,0,forward,0.5093,245.5043,1.6386,3.5527,0.0,False,False
9,694,2095099663,0,forward,0.5078,246.0121,1.6107,3.5686,0.0,False,False
9,695,2095099663,0,forward,0.5062,246.5183,1.5829,3.5753,0.0,False,False
9,696,2095099663,0,forward,0.5046,247.0229,1.5552,3.5663,0.0,False,False
9,697,2095099663,0,forward,0.6133,247.6362,1.522,3.5867,0.0,False,False
9,698,2095099663,0,forward,0.3909,248.0271,1.5,2.2859,0.0,False,False
9,699,2095099663,0,forward,0.2801,248.3072,1.4835,1.4663,0.0,False,False
9,700,2095099663,0,forward,0.7159,249.0231,1.4452,0.9464,0.0,False,False
9,701,1341840061,1,turn_left,0.2987,249.3218,1.4252,1.5835,0.0,False,False
9,702,2095099663,0,forward,0.4625,249.7843,1.3996,3.6028,0.0,False,False
9,703,2095099663,0,forward,0.3538,250.1381,1.3794,3.6232,0.0,False,False
9,704,2095099663,0,forward,0.4971,250.6352,1.3521,3.6233,0.0,False,False
9,705,2095099663,0,forward,0.4947,251.1299,1.3248,3.6275,0.0,False,False
9,706,1508107506,3,forward_left,0.3873,251.5171,1.303,3.6359,0.0,False,False
9,707,2095099663,0,forward,0.399,251.9161,1.2805,2.9863,0.0,False,False
9,708,2095099663,0,forward,0.4991,252.4152,1.2531,1.9553,0.0,False,False
9,709,2095099663,0,forward,500.0,752.4152,1.2257,1.3573,0.0,True,False
10,1,964610217,0,forward,0.1901,0.1901,15.988,0.9623,0.0,False,False
10,2,964610217,0,forward,0.4871,0.6773,15.9612,1.5659,0.0,False,False
10,3,1548021558,0,forward,0.6083,1.2855,15.9283,4.0172,0.0,False,False
10,4,1548021558,0,forward,0.4306,1.7161,15.9042,3.9911,0.0,False,False
10,5,1548021558,0,forward,0.55,2.2661,15.8742,3.9491,0.0,False,False
10,6,1548021558,0,forward,0.7899,3.056,15.8322,3.8982,0.0,False,False
10,7,1548021558,0,forward,0.4299,3.486,15.8082,3.8982,0.0,False,False
10,8,1548021558,0,forward,0.5499,4.0359,15.7782,3.8703,0.0,False,False
10,9,1548021558,0,forward,0.55,4.5859,15.7482,2.9438,0.0,False,False
10,10,1548021558,0,forward,0.5504,5.1364,15.7182,1.8573,0.0,False,False
10,11,1548021558,0,forward,0.3108,5.4472,15.7002,1.1927,0.0,False,False
10,12,1548021558,0,forward,0.7134,6.1606,15.662,1.1474,0.0,False,False
10,13,1548021558,0,forward,0.4294,6.59,15.638,2.1451,0.0,False,False
10,14,1548021558,0,forward,0.5498,7.1399,15.608,3.731,0.0,False,False
10,15,1548021558,0,forward,0.542,7.6818,15.5784,3.7102,0.0,False,False
10,16,1548021558,0,forward,0.55,8.2318,15.5484,3.6803,0.0,False,False
10,17,1548021558,0,forward,0.6699,8.9018,15.5124,3.6397,0.0,False,False
10,18,1548021558,0,forward,0.5499,9.4517,15.4824,3.6346,0.0,False,False
10,19,1548021558,0,forward,0.4299,9.8816,15.4585,3.6109,0.0,False,False
10,20,1548021558,0,forward,0.55,10.4316,15.4285,3.1526,0.0,False,False
10,21,1548021558,0,forward,0.6703,11.1019,15.3924,1.99,0.0,False,False
10,22,1548021558,0,forward,0.4309,11.5327,15.3684,1.2658,0.0,False,False
10,23,1548021558,0,forward,0.5853,12.1181,15.3366,0.9862,0.0,False,False
10,24,964610217,0,forward,0.669,12.7871,15.3007,1.7778,0.0,False,False
10,25,1548021558,0,forward,0.3099,13.0969,15.2827,3.4552,0.0,False,False
10,26,1548021558,0,forward,0.5333,13.6302,15.2535,3.4382,0.0,False,False
10,27,1548021558,0,forward,0.5506,14.1808,15.2235,3.4191,0.0,False,False
10,28,1548021558,0,forward,0.55,14.7308,15.1935,3.3862,0.0,False,False
10,29,1548021558,0,forward,0.43,15.1608,15.1695,3.3767,0.0,False,False
10,30,1548021558,0,forward,0.6699,15.8307,15.1335,3.3467,0.0,False,False
10,31,1548021558,0,forward,0.5499,16.3807,15.1035,3.3148,0.0,False,False
10,32,1548021558,0,forward,0.55,16.9307,15.0735,2.7533,0.0,False,False
10,33,1548021558,0,forward,0.5503,17.481,15.0435,1.6772,0.0,False,False
10,34,1548021558,0,forward,0.7169,18.1979,15.0051,1.0726,0.0,False,False
10,35,1904234423,4,forward_right,0.3086,18.5065,14.9872,1.2125,0.0,False,False
10,36,1548021558,0,forward,0.4832,18.9897,14.9605,2.0039,0.0,False,False
10,37,1548021558,0,forward,0.5496,19.5393,14.9306,3.182,0.0,False,False
10,38,1548021558,0,forward,0.6595,20.1988,14.8951,3.1572,0.0,False,False
10,39,1548021558,0,forward,0.43,20.6288,14.8711,3.1219,0.0,False,False
10,40,1548021558,0,forward,0.7897,21.4185,14.8291,3.1094,0.0,False,False
10,41,1548021558,0,forward,0.4298,21.8483,14.8051,3.0973,0.0,False,False
10,42,1548021558,0,forward,0.4298,22.2781,14.7811,3.0622,0.0,False,False
10,43,1548021558,0,forward,0.6697,22.9479,14.7451,3.0378,0.0,False,False
10,44,1548021558,0,forward,0.5499,23.4978,14.7151,2.2158,0.0,False,False
10,45,1548021558,0,forward,0.4303,23.9281,14.6911,1.3775,0.0,False,False
10,46,1548021558,0,forward,0.4797,24.4078,14.6646,0.9518,0.0,False,False
10,47,964610217,0,forward,0.5465,24.9543,14.6348,1.6516,0.0,False,False
10,48,1548021558,0,forward,0.6692,25.6235,14.5989,2.9124,0.0,False,False
10,49,1548021558,0,forward,0.5369,26.1604,14.5695,2.909,0.0,False,False
10,50,1548021558,0,forward,0.5501,26.7105,14.5395,2.8657,0.0,False,False
10,51,1548021558,0,forward,0.5498,27.2603,14.5095,2.861,0.0,False,False
10,52,1548021558,0,forward,0.4298,27.6902,14.4855,2.861,0.0,False,False
10,53,1548021558,0,forward,0.6697,28.3599,14.4495,2.8232,0.0,False,False
10,54,1548021558,0,forward,0.5498,28.9097,14.4195,2.7851,0.0,False,False
10,55,1548021558,0,forward,0.4299,29.3396,14.3956,2.2138,0.0,False,False
10,56,1548021558,0,forward,0.5502,29.8897,14.3655,1.4404,0.0,False,False
10,57,1548021558,0,forward,0.5385,30.4282,14.3361,0.9446,0.0,False,False
10,58,964610217,0,forward,0.6076,31.0359,14.3032,0.9446,0.0,False,False
10,59,964610217,0,forward,0.5492,31.5851,14.2733,2.6975,0.0,False,False
10,60,1548021558,0,forward,0.5497,32.1348,14.2433,2.6506,0.0,False,False
10,61,1548021558,0,forward,0.4183,32.5531,14.2199,2.6561,0.0,False,False
10,62,1548021558,0,forward,0.5499,33.103,14.1899,2.6374,0.0,False,False
10,63,1548021558,0,forward,0.5498,33.6528,14.1599,2.6221,0.0,False,False
10,64,1548021558,0,forward,0.5498,34.2026,14.1299,2.5822,0.0,False,False
10,65,1548021558,0,forward,0.5498,34.7524,14.0999,2.5655,0.0,False,False
10,66,1548021558,0,forward,0.6698,35.4222,14.0639,2.5516,0.0,False,False
10,67,1548021558,0,forward,0.5501,35.9723,14.0339,1.6151,0.0,False,False
10,68,1548021558,0,forward,0.4307,36.403,14.0099,1.0473,0.0,False,False
10,69,1904234423,4,forward_right,0.4628,36.8658,13.9842,1.2556,0.0,False,False
10,70,1548021558,0,forward,0.4398,37.3056,13.9598,1.823,0.0,False,False
10,71,1548021558,0,forward,0.6634,37.969,13.9241,2.4652,0.0,False,False
10,72,1548021558,0,forward,0.4299,38.3989,13.9001,2.4514,0.0,False,False
10,73,1548021558,0,forward,0.6662,39.0651,13.8643,2.4393,0.0,False,False
10,74,1548021558,0,forward,0.43,39.495,13.8403,2.4123,0.0,False,False
10,75,1548021558,0,forward,0.6699,40.165,13.8043,2.4123,0.0,False,False
10,76,1548021558,0,forward,0.5499,40.7149,13.7743,2.377,0.0,False,False
10,77,1548021558,0,forward,0.5499,41.2648,13.7443,2.3605,0.0,False,False
10,78,1548021558,0,forward,0.43,41.6948,13.7203,2.3216,0.0,False,False
10,79,1548021558,0,forward,0.6702,42.365,13.6843,1.5398,0.0,False,False
10,80,1548021558,0,forward,0.5511,42.9161,13.6542,1.5398,0.0,False,False
10,81,1548021558,0,forward,0.3551,43.2713,13.634,0.9706,0.0,False,False
10,82,964610217,0,forward,0.6685,43.9398,13.598,1.3976,0.0,False,False
10,83,1548021558,0,forward,0.5497,44.4895,13.5681,2.2644,0.0,False,False
10,84,1548021558,0,forward,0.5342,45.0237,13.5388,2.2565,0.0,False,False
10,85,1548021558,0,forward,0.4302,45.4539,13.5148,2.2463,0.0,False,False
10,86,1548021558,0,forward,0.67,46.1238,13.4788,2.2277,0.0,False,False
10,87,1548021558,0,forward,0.5499,46.6738,13.4488,2.1903,0.0,False,False
10,88,1548021558,0,forward,0.5499,47.2237,13.4188,2.1789,0.0,False,False
10,89,1548021558,0,forward,0.4299,47.6536,13.3949,2.1849,0.0,False,False
10,90,1548021558,0,forward,0.6701,48.3237,13.3588,2.1694,0.0,False,False
10,91,1548021558,0,forward,0.5507,48.8744,13.3288,1.6161,0.0,False,False
10,92,1548021558,0,forward,0.4955,49.37,13.3015,1.056,0.0,False,False
10,93,1548021558,0,forward,0.4288,49.7988,13.2776,1.1624,0.0,False,False
10,94,1548021558,0,forward,0.5493,50.3481,13.2476,1.5582,0.0,False,False
10,95,1548021558,0,forward,0.5496,50.8977,13.2176,1.846,0.0,False,False
10,96,1548021558,0,forward,0.6698,51.5675,13.1817,1.9339,0.0,False,False
10,97,1548021558,0,forward,0.5501,52.1176,13.1517,1.7373,0.0,False,False
10,98,1548021558,0,forward,0.3103,52.4278,13.1336,1.3453,0.0,False,False
10,99,1548021558,0,forward,0.7508,53.1787,13.0936,0.9815,0.0,False,False
10,100,964610217,0,forward,0.5488,53.7275,13.0637,1.2593,0.0,False,False
10,101,1548021558,0,forward,0.4295,54.1571,13.0397,1.7959,0.0,False,False
10,102,1548021558,0,forward,0.5497,54.7067,13.0097,2.006,0.0,False,False
10,103,1548021558,0,forward,0.5498,55.2565,12.9797,1.9878,0.0,False,False
10,104,1548021558,0,forward,0.5498,55.8063,12.9497,1.9943,0.0,False,False
10,105,1548021558,0,forward,0.5499,56.3563,12.9197,1.9929,0.0,False,False
10,106,1548021558,0,forward,0.6704,57.0267,12.8837,1.6434,0.0,False,False
10,107,1548021558,0,forward,0.4161,57.4428,12.8604,1.1327,0.0,False,False
10,108,1548021558,0,forward,0.6107,58.0536,12.8274,1.12,0.0,False,False
10,109,1548021558,0,forward,0.4294,58.483,12.8034,1.9514,0.0,False,False
10,110,1548021558,0,forward,0.6626,59.1456,12.7678,1.9406,0.0,False,False
10,111,1548021558,0,forward,0.5345,59.68,12.7385,1.9262,0.0,False,False
10,112,1548021558,0,forward,0.43,60.11,12.7145,1.9387,0.0,False,False
10,113,1548021558,0,forward,0.6699,60.78,12.6785,1.924,0.0,False,False
10,114,1548021558,0,forward,0.31,61.0899,12.6605,1.9105,0.0,False,False
10,115,1548021558,0,forward,0.6699,61.7598,12.6245,1.9092,0.0,False,False
10,116,1548021558,0,forward,0.5499,62.3097,12.5945,1.8978,0.0,False,False
10,117,1548021558,0,forward,0.6702,62.98,12.5585,1.8955,0.0,False,False
10,118,1548021558,0,forward,0.5512,63.5311,12.5285,1.2942,0.0,False,False
10,119,1548021558,0,forward,0.3539,63.8851,12.5083,0.9562,0.0,False,False
10,120,964610217,0,forward,0.6685,64.5536,12.4724,1.7459,0.0,False,False
10,121,1548021558,0,forward,0.5497,65.1033,12.4424,1.774,0.0,False,False
10,122,1548021558,0,forward,0.5341,65.6374,12.4132,1.7701,0.0,False,False
10,123,1548021558,0,forward,0.4302,66.0676,12.3892,1.7287,0.0,False,False
10,124,1548021558,0,forward,0.67,66.7376,12.3532,1.7152,0.0,False,False
10,125,1548021558,0,forward,0.4299,67.1675,12.3292,1.6805,0.0,False,False
10,126,1548021558,0,forward,0.5499,67.7174,12.2992,1.6561,0.0,False,False
10,127,1548021558,0,forward,0.5499,68.2674,12.2692,1.6163,0.0,False,False
10,128,1548021558,0,forward,0.55,68.8174,12.2392,1.5887,0.0,False,False
10,129,1548021558,0,forward,0.5505,69.3679,12.2091,1.4477,0.0,False,False
10,130,1548021558,0,forward,0.4957,69.8636,12.1819,0.9514,0.0,False,False
10,131,964610217,0,forward,0.5485,70.4122,12.1519,1.2347,0.0,False,False
10,132,1548021558,0,forward,0.5493,70.9615,12.122,1.4956,0.0,False,False
10,133,1548021558,0,forward,0.5496,71.5111,12.092,1.4646,0.0,False,False
10,134,1548021558,0,forward,0.5498,72.0609,12.062,1.445,0.0,False,False
10,135,1548021558,0,forward,0.67,72.7309,12.026,1.4209,0.0,False,False
10,136,1548021558,0,forward,0.5507,73.2816,11.996,1.2377,0.0,False,False
10,137,1548021558,0,forward,0.3788,73.6605,11.9745,0.9522,0.0,False,False
10,138,964610217,0,forward,0.6684,74.3289,11.9386,1.3508,0.0,False,False
10,139,1548021558,0,forward,0.4295,74.7584,11.9146,1.3204,0.0,False,False
10,140,1548021558,0,forward,0.6696,75.428,11.8786,1.3144,0.0,False,False
10,141,1548021558,0,forward,0.5498,75.9778,11.8486,1.2959,0.0,False,False
10,142,1548021558,0,forward,0.4299,76.4077,11.8246,1.2781,0.0,False,False
10,143,1548021558,0,forward,0.55,76.9577,11.7946,1.2381,0.0,False,False
10,144,1548021558,0,forward,0.6707,77.6284,11.7586,1.2284,0.0,False,False
10,145,1548021558,0,forward,0.497,78.1253,11.7313,0.9466,0.0,False,False
10,146,964610217,0,forward,0.4288,78.5541,11.7073,1.1714,0.0,False,False
10,147,1548021558,0,forward,0.5493,79.1034,11.6774,1.1331,0.0,False,False
10,148,1548021558,0,forward,0.5496,79.653,11.6474,1.1439,0.0,False,False
10,149,1548021558,0,forward,0.5498,80.2028,11.6174,1.1063,0.0,False,False
10,150,1548021558,0,forward,0.3099,80.5127,11.5994,1.1022,0.0,False,False
10,151,1548021558,0,forward,0.7901,81.3028,11.5574,1.0767,0.0,False,False
10,152,1971047854,3,forward_left,0.5353,81.8381,11.5281,1.0505,0.0,False,False
10,153,224357922,1,turn_left,0.2948,82.1329,11.5084,1.0455,0.0,False,False
10,154,1971047854,3,forward_left,0.3524,82.4853,11.4883,1.0452,0.0,False,False
10,155,1971047854,3,forward_left,0.3089,82.7942,11.4703,1.0373,0.0,False,False
10,156,1971047854,3,forward_left,0.3685,83.1627,11.4494,1.0397,0.0,False,False
10,157,851696946,3,forward_left,0.2836,83.4463,11.4327,1.0292,0.0,False,False
10,158,851696946,3,forward_left,0.4483,83.8946,11.4078,1.0093,0.0,False,False
10,159,909969137,0,forward,0.2864,84.181,11.391,1.0212,0.0,False,False
10,160,909969137,0,forward,0.4908,84.6718,11.3639,1.0152,0.0,False,False
10,161,909969137,0,forward,0.6547,85.3265,11.3287,1.0051,0.0,False,False
10,162,909969137,0,forward,0.537,85.8634,11.2994,0.9893,0.0,False,False
10,163,909969137,0,forward,0.4195,86.2829,11.2759,0.9869,0.0,False,False
10,164,909969137,0,forward,0.6542,86.9371,11.2407,0.9973,0.0,False,False
10,165,909969137,0,forward,0.4194,87.3565,11.2172,0.9648,0.0,False,False
10,166,909969137,0,forward,0.6541,88.0106,11.182,0.9755,0.0,False,False
10,167,909969137,0,forward,0.5371,88.5477,11.1526,0.9761,0.0,False,False
10,168,909969137,0,forward,0.3941,88.9418,11.1304,0.9497,0.0,False,False
10,169,555146084,3,forward_left,0.4398,89.3817,11.1059,0.9667,0.0,False,False
10,170,909969137,0,forward,0.4257,89.8074,11.0822,0.9627,0.0,False,False
10,171,909969137,0,forward,0.5,90.3074,11.0547,0.973,0.0,False,False
10,172,909969137,0,forward,0.6493,90.9567,11.0197,0.9646,0.0,False,False
10,173,909969137,0,forward,0.5326,91.4893,10.9906,0.9752,0.0,False,False
10,174,909969137,0,forward,0.416,91.9052,10.9673,0.9626,0.0,False,False
10,175,909969137,0,forward,0.6488,92.5541,10.9323,0.9852,0.0,False,False
10,176,909969137,0,forward,0.5324,93.0864,10.9032,0.979,0.0,False,False
10,177,909969137,0,forward,0.4161,93.5025,10.8799,0.9998,0.0,False,False
10,178,909969137,0,forward,0.5078,94.0103,10.852,0.9434,0.0,False,False
10,179,555146084,3,forward_left,0.4204,94.4306,10.8285,1.0067,0.0,False,False
10,180,909969137,0,forward,0.4931,94.9237,10.8013,1.0202,0.0,False,False
10,181,909969137,0,forward,0.4103,95.3341,10.7783,1.0187,0.0,False,False
10,182,909969137,0,forward,0.6283,95.9624,10.7444,1.0238,0.0,False,False
10,183,909969137,0,forward,0.5254,96.4878,10.7156,1.036,0.0,False,False
10,184,909969137,0,forward,0.41,96.8978,10.6926,1.0405,0.0,False,False
10,185,909969137,0,forward,0.5248,97.4226,10.6639,1.0598,0.0,False,False
10,186,909969137,0,forward,0.6396,98.0621,10.6294,1.0637,0.0,False,False
10,187,909969137,0,forward,0.5245,98.5866,10.6007,1.0757,0.0,False,False
10,188,909969137,0,forward,0.5245,99.1111,10.572,1.0831,0.0,False,False
10,189,909969137,0,forward,0.5248,99.6359,10.5432,1.089,0.0,False,False
10,190,909969137,0,forward,0.3517,99.9876,10.5232,0.9307,0.0,False,False
10,191,964610217,0,forward,0.5533,100.5409,10.493,1.1058,0.0,False,False
10,192,1548021558,0,forward,0.4418,100.9828,10.4684,1.0984,0.0,False,False
10,193,909969137,0,forward,0.4919,101.4747,10.4413,1.1087,0.0,False,False
10,194,1548021558,0,forward,0.4072,101.882,10.4184,1.1152,0.0,False,False
10,195,1548021558,0,forward,0.5214,102.4033,10.3899,1.1375,0.0,False,False
10,196,1548021558,0,forward,0.6354,103.0387,10.3556,1.1421,0.0,False,False
10,197,1548021558,0,forward,0.521,103.5596,10.3271,1.1365,0.0,False,False
10,198,1548021558,0,forward,0.5208,104.0804,10.2985,1.1529,0.0,False,False
10,199,1548021558,0,forward,0.4066,104.4871,10.2757,1.1651,0.0,False,False
10,200,1548021558,0,forward,0.6355,105.1226,10.2414,1.1769,0.0,False,False
10,201,1548021558,0,forward,0.373,105.4956,10.2203,0.9972,0.0,False,False
10,202,964610217,0,forward,0.3947,105.8903,10.198,1.1811,0.0,False,False
10,203,1548021558,0,forward,0.5814,106.4717,10.1664,1.1942,0.0,False,False
10,204,1548021558,0,forward,0.3998,106.8716,10.144,1.1831,0.0,False,False
10,205,1548021558,0,forward,0.5183,107.3899,10.1155,1.2014,0.0,False,False
10,206,1548021558,0,forward,0.5181,107.908,10.0871,1.221,0.0,False,False
10,207,1548021558,0,forward,0.5179,108.4259,10.0587,1.2271,0.0,False,False
10,208,1548021558,0,forward,0.5177,108.9436,10.0304,1.226,0.0,False,False
10,209,1548021558,0,forward,0.6311,109.5747,9.9963,1.2424,0.0,False,False
10,210,1548021558,0,forward,0.404,109.9787,9.9736,1.2512,0.0,False,False
10,211,1548021558,0,forward,0.5181,110.4968,9.9452,1.0063,0.0,False,False
10,212,964610217,0,forward,0.4914,110.9882,9.9181,1.2751,0.0,False,False
10,213,1548021558,0,forward,0.4023,111.3905,9.8955,1.2712,0.0,False,False
10,214,1548021558,0,forward,0.4761,111.8666,9.8692,1.2712,0.0,False,False
10,215,1548021558,0,forward,0.6299,112.4965,9.8352,1.2951,0.0,False,False
10,216,1548021558,0,forward,0.403,112.8995,9.8126,1.2951,0.0,False,False
10,217,1548021558,0,forward,0.516,113.4155,9.7843,1.3135,0.0,False,False
10,218,1548021558,0,forward,0.6289,114.0444,9.7503,1.3096,0.0,False,False
10,219,1548021558,0,forward,0.5156,114.56,9.722,1.3234,0.0,False,False
10,220,1548021558,0,forward,0.4025,114.9625,9.6994,1.3391,0.0,False,False
10,221,1548021558,0,forward,0.5162,115.4787,9.6711,0.9923,0.0,False,False
10,222,964610217,0,forward,0.3787,115.8574,9.6497,1.3584,0.0,False,False
10,223,1548021558,0,forward,0.6265,116.4839,9.6158,1.351,0.0,False,False
10,224,1548021558,0,forward,0.3562,116.8401,9.5955,1.3588,0.0,False,False
10,225,1548021558,0,forward,0.6259,117.466,9.5617,1.3723,0.0,False,False
10,226,1548021558,0,forward,0.4009,117.8669,9.5392,1.3733,0.0,False,False
10,227,1548021558,0,forward,0.6261,118.493,9.5054,1.3733,0.0,False,False
10,228,1548021558,0,forward,0.4005,118.8936,9.4829,1.405,0.0,False,False
10,229,1548021558,0,forward,0.513,119.4065,9.4547,1.405,0.0,False,False
10,230,1548021558,0,forward,0.5128,119.9193,9.4266,1.4138,0.0,False,False
10,231,1548021558,0,forward,0.5127,120.4319,9.3984,1.4138,0.0,False,False
10,232,1548021558,0,forward,0.6258,121.0577,9.3646,1.0614,0.0,False,False
10,233,1904234423,4,forward_right,0.234,121.2918,9.3504,1.0614,0.0,False,False
10,234,1548021558,0,forward,0.5109,121.8026,9.3224,1.4269,0.0,False,False
10,235,1548021558,0,forward,0.4035,122.2061,9.2997,1.4406,0.0,False,False
10,236,1548021558,0,forward,0.5887,122.7948,9.2678,1.4406,0.0,False,False
10,237,1548021558,0,forward,0.5166,123.3115,9.2395,1.4669,0.0,False,False
10,238,1548021558,0,forward,0.5164,123.8279,9.2111,1.4669,0.0,False,False
10,239,1548021558,0,forward,0.403,124.2308,9.1885,1.4407,0.0,False,False
10,240,1548021558,0,forward,0.6292,124.86,9.1545,1.4868,0.0,False,False
10,241,1548021558,0,forward,0.4026,125.2626,9.1319,1.4945,0.0,False,False
10,242,1548021558,0,forward,0.6288,125.8914,9.098,1.5,0.0,False,False
10,243,1548021558,0,forward,0.516,126.4074,9.0697,1.1823,0.0,False,False
10,244,1548021558,0,forward,0.3042,126.7116,9.052,1.0531,0.0,False,False
10,245,1904234423,4,forward_right,0.508,127.2195,9.0241,1.5095,0.0,False,False
10,246,1548021558,0,forward,0.4768,127.6963,8.9977,1.5258,0.0,False,False
10,247,1548021558,0,forward,0.4866,128.1829,8.9709,1.5179,0.0,False,False
10,248,1548021558,0,forward,0.4053,128.5882,8.9481,1.5295,0.0,False,False
10,249,1548021558,0,forward,0.5189,129.1071,8.9197,1.5295,0.0,False,False
10,250,1548021558,0,forward,0.5187,129.6258,8.8912,1.5313,0.0,False,False
10,251,1548021558,0,forward,0.6321,130.258,8.8571,1.5534,0.0,False,False
10,252,1548021558,0,forward,0.5182,130.7762,8.8287,1.5715,0.0,False,False
10,253,1548021558,0,forward,0.5182,131.2944,8.8003,1.5824,0.0,False,False
10,254,1548021558,0,forward,0.4049,131.6993,8.7776,1.5824,0.0,False,False
10,255,1548021558,0,forward,0.4149,132.1142,8.7543,1.0517,0.0,False,False
10,256,1904234423,4,forward_right,0.4758,132.5901,8.728,1.2471,0.0,False,False
10,257,1548021558,0,forward,0.4419,133.032,8.7034,1.5818,0.0,False,False
10,258,1548021558,0,forward,0.5813,133.6133,8.6719,1.5952,0.0,False,False
10,259,1548021558,0,forward,0.4058,134.0191,8.6491,1.5952,0.0,False,False
10,260,1548021558,0,forward,0.6334,134.6525,8.6149,1.6028,0.0,False,False
10,261,1548021558,0,forward,0.4054,135.0579,8.5921,1.6028,0.0,False,False
10,262,1548021558,0,forward,0.6329,135.6908,8.558,1.622,0.0,False,False
10,263,1548021558,0,forward,0.4051,136.0959,8.5352,1.6334,0.0,False,False
10,264,1548021558,0,forward,0.6325,136.7284,8.5011,1.662,0.0,False,False
10,265,1548021558,0,forward,0.5191,137.2475,8.4727,1.662,0.0,False,False
10,266,1548021558,0,forward,0.4177,137.6652,8.4493,1.1499,0.0,False,False
10,267,1548021558,0,forward,0.5159,138.1811,8.421,1.1209,0.0,False,False
10,268,1548021558,0,forward,0.4976,138.6787,8.3936,1.767,0.0,False,False
10,269,1548021558,0,forward,0.3836,139.0623,8.3719,1.767,0.0,False,False
10,270,1548021558,0,forward,0.5173,139.5796,8.3436,1.7359,0.0,False,False
10,271,1548021558,0,forward,0.517,140.0967,8.3152,1.6989,0.0,False,False
10,272,1548021558,0,forward,0.5168,140.6134,8.2869,1.6692,0.0,False,False
10,273,1548021558,0,forward,0.5165,141.1299,8.2585,1.6408,0.0,False,False
10,274,1548021558,0,forward,0.6296,141.7595,8.2246,1.6089,0.0,False,False
10,275,1548021558,0,forward,0.403,142.1625,8.2019,1.5709,0.0,False,False
10,276,1548021558,0,forward,0.5167,142.6792,8.1736,1.4925,0.0,False,False
10,277,1548021558,0,forward,0.4117,143.0909,8.1505,0.9625,0.0,False,False
10,278,1548021558,0,forward,0.627,143.718,8.1166,1.4864,0.0,False,False
10,279,1548021558,0,forward,0.4778,144.1958,8.0902,1.4667,0.0,False,False
10,280,1548021558,0,forward,0.4022,144.598,8.0676,1.4405,0.0,False,False
10,281,1548021558,0,forward,0.5147,145.1127,8.0394,1.4033,0.0,False,False
10,282,1548021558,0,forward,0.5144,145.6271,8.0112,1.374,0.0,False,False
10,283,1548021558,0,forward,0.5141,146.1412,7.983,1.3474,0.0,False,False
10,284,926291406,4,forward_right,0.4996,146.6409,7.9555,1.3152,0.0,False,False
10,285,926291406,4,forward_right,0.4234,147.0643,7.9318,1.2773,0.0,False,False
10,286,926291406,4,forward_right,0.2366,147.3009,7.9175,1.1836,0.0,False,False
10,287,926291406,4,forward_right,0.269,147.5699,7.9015,1.0679,0.0,False,False
10,288,1166997565,3,forward_left,0.3986,147.9685,7.8791,1.2316,0.0,False,False
10,289,926291406,4,forward_right,0.5096,148.4781,7.8511,1.2079,0.0,False,False
10,290,926291406,4,forward_right,0.111,148.5891,7.8431,1.2007,0.0,False,False
10,291,926291406,4,forward_right,0.5207,149.1099,7.8145,1.1662,0.0,False,False
10,292,926291406,4,forward_right,0.2785,149.3884,7.7981,1.1278,0.0,False,False
10,293,926291406,4,forward_right,0.363,149.7514,7.7775,1.1007,0.0,False,False
10,294,926291406,4,forward_right,0.3602,150.1116,7.757,1.076,0.0,False,False
10,295,1166997565,3,forward_left,0.3858,150.4974,7.7352,1.0719,0.0,False,False
10,296,1166997565,3,forward_left,0.3651,150.8626,7.7144,1.0554,0.0,False,False
10,297,1166997565,3,forward_left,0.2804,151.143,7.6979,1.0487,0.0,False,False
10,298,1166997565,3,forward_left,0.4356,151.5786,7.6736,1.0335,0.0,False,False
10,299,1166997565,3,forward_left,0.3567,151.9352,7.6533,1.0083,0.0,False,False
10,300,1166997565,3,forward_left,0.2728,152.208,7.6371,0.9879,0.0,False,False
10,301,1166997565,3,forward_left,0.4295,152.6376,7.6132,0.9622,0.0,False,False
10,302,1166997565,3,forward_left,0.3451,152.9826,7.5934,0.939,0.0,False,False
10,303,1166997565,3,forward_left,0.263,153.2456,7.5778,0.9059,0.0,False,False
10,304,1166997565,3,forward_left,0.4147,153.6603,7.5545,0.8972,0.0,False,False
10,305,1517621770,2,turn_right,0.2379,153.8982,7.5376,0.8735,0.0,False,False
10,306,1517621770,2,turn_right,0.1608,154.0589,7.5246,0.8544,0.0,False,False
10,307,1517621770,2,turn_right,0.0768,154.1358,7.5157,0.8408,0.0,False,False
10,308,1889449069,4,forward_right,0.1316,154.2674,7.5067,0.8396,0.0,False,False
10,309,1309443777,2,turn_right,0.2047,154.4721,7.4914,0.8135,0.0,False,False
10,310,1309443777,2,turn_right,-0.1,154.3721,7.4919,0.8088,0.0,False,False
10,311,1937774032,3,forward_left,0.0685,154.4406,7.4859,0.8038,0.0,False,False
10,312,1937774032,3,forward_left,0.3597,154.8003,7.4654,0.7897,0.0,False,False
10,313,1937774032,3,forward_left,0.2525,155.0529,7.4503,0.768,0.0,False,False
10,314,1309443777,2,turn_right,0.1287,155.1816,7.4389,0.7522,0.0,False,False
10,315,1937774032,3,forward_left,0.2285,155.4101,7.425,0.7395,0.0,False,False
10,316,1309443777,2,turn_right,0.1387,155.5488,7.413,0.724,0.0,False,False
10,317,1937774032,3,forward_left,0.1513,155.7001,7.403,0.7241,0.0,False,False
10,318,1937774032,3,forward_left,0.3551,156.0552,7.3827,0.7008,0.0,False,False
10,319,1937774032,3,forward_left,0.4305,156.4856,7.3587,0.6871,0.0,False,False
10,320,1937774032,3,forward_left,0.2652,156.7509,7.3429,0.6917,0.0,False,False
10,321,1309443777,2,turn_right,0.1309,156.8818,7.3314,0.6673,0.0,False,False
10,322,1309443777,2,turn_right,-0.1,156.7818,7.3319,0.6322,0.0,False,False
10,323,1309443777,2,turn_right,-0.0552,156.7265,7.3297,0.623,0.0,False,False
10,324,1309443777,2,turn_right,-0.0366,156.69,7.3265,0.6178,0.0,False,False
10,325,1937774032,3,forward_left,0.1447,156.8347,7.3168,0.6272,0.0,False,False
10,326,1309443777,2,turn_right,0.0491,156.8838,7.3093,0.6169,0.0,False,False
10,327,1937774032,3,forward_left,-1.4222,155.4616,7.3029,0.5948,0.0,False,False
10,328,1309443777,2,turn_right,-1.2841,154.1776,7.2871,0.5861,0.0,False,False
10,329,1937774032,3,forward_left,-1.3532,152.8244,7.2773,0.5852,0.0,False,False
10,330,1937774032,3,forward_left,-1.0479,151.7765,7.2522,0.5737,0.0,False,False
10,331,1937774032,3,forward_left,-1.1327,150.6438,7.2313,0.5545,0.0,False,False
10,332,1937774032,3,forward_left,-1.3004,149.3435,7.2188,0.5248,0.0,False,False
10,333,800498958,2,turn_right,-1.1989,148.1446,7.1988,0.5038,0.0,False,False
10,334,1092683537,2,turn_right,-1.6,146.5446,7.1981,0.491,0.0,False,False
10,335,1092683537,2,turn_right,-1.6,144.9446,7.1985,0.4885,0.0,False,False
10,336,1092683537,2,turn_right,-1.6,143.3446,7.1984,0.4879,0.0,False,False
10,337,1220008555,0,forward,-1.55,141.7946,7.1986,0.4691,0.0,False,False
10,338,1220008555,0,forward,-1.3216,140.4729,7.1872,0.4859,0.0,False,False
10,339,2018924930,2,turn_right,-1.1405,139.3324,7.1642,0.4824,0.0,False,False
10,340,2018924930,2,turn_right,-1.3725,137.96,7.1529,0.4618,0.0,False,False
10,341,2018924930,2,turn_right,-1.6,136.36,7.1523,0.4744,0.0,False,False
10,342,2018924930,2,turn_right,-0.1,136.26,7.152,0.4681,0.0,False,False
10,343,326162201,4,forward_right,0.1056,136.3656,7.1442,0.4554,0.0,False,False
10,344,208371896,3,forward_left,0.3124,136.6779,7.1261,0.4651,0.0,False,False
10,345,326162201,4,forward_right,0.312,136.99,7.108,0.4478,0.0,False,False
10,346,2046112992,2,turn_right,0.2169,137.2069,7.0922,0.4474,0.0,False,False
10,347,2046112992,2,turn_right,-0.1,137.1069,7.0916,0.4377,0.0,False,False
10,348,2046112992,2,turn_right,-0.1,137.0069,7.0914,0.4303,0.0,False,False
10,349,1212430525,4,forward_right,-0.05,136.9569,7.0894,0.4347,0.0,False,False
10,350,1212430525,4,forward_right,0.2579,137.2147,7.074,0.4387,0.0,False,False
10,351,1372204316,5,stop,0.2344,137.4491,7.0598,0.4332,0.0,False,False
10,352,1212430525,4,forward_right,0.1041,137.5533,7.052,0.4407,0.0,False,False
10,353,1212430525,4,forward_right,0.1571,137.7104,7.0417,0.4441,0.0,False,False
10,354,1212430525,4,forward_right,0.2568,137.9672,7.0264,0.4293,0.0,False,False
10,355,1212430525,4,forward_right,0.2899,138.2571,7.0094,0.4273,0.0,False,False
10,356,1212430525,4,forward_right,0.2814,138.5385,6.9928,0.4097,0.0,False,False
10,357,1212430525,4,forward_right,0.2089,138.7474,6.9798,0.4075,0.0,False,False
10,358,124275310,2,turn_right,0.1506,138.898,6.9673,0.4172,0.0,False,False
10,359,124275310,2,turn_right,-0.1,138.798,6.9667,0.4101,0.0,False,False
10,360,1940035026,2,turn_right,-0.0313,138.7667,6.9632,0.4127,0.0,False,False
10,361,1688873553,0,forward,0.0204,138.7872,6.9597,0.4338,0.0,False,False
10,362,1940035026,2,turn_right,0.0513,138.8385,6.9521,0.4408,0.0,False,False
10,363,1940035026,2,turn_right,-0.0381,138.8004,6.9491,0.4258,0.0,False,False
10,364,1940035026,2,turn_right,-0.1,138.7004,6.949,0.4524,0.0,False,False
10,365,1940035026,2,turn_right,-0.1,138.6004,6.9487,0.466,0.0,False,False
10,366,1940035026,2,turn_right,-0.1,138.5004,6.9484,0.4846,0.0,False,False
10,367,1940035026,2,turn_right,-0.1,138.4004,6.9481,0.5155,0.0,False,False
10,368,1940035026,2,turn_right,-0.1,138.3004,6.9473,0.6327,0.0,False,False
10,369,1440968876,0,forward,-0.05,138.2504,6.9458,0.8006,0.0,False,False
10,370,1440968876,0,forward,0.0268,138.2772,6.942,0.8803,0.0,False,False
10,371,1775452818,1,turn_left,0.0114,138.2886,6.9364,0.9962,0.0,False,False
10,372,1775452818,1,turn_left,-0.0308,138.2579,6.9329,0.9836,0.0,False,False
10,373,1406925816,4,forward_right,-0.05,138.2079,6.9309,1.0296,0.0,False,False
10,374,587486767,5,stop,0.0097,138.2175,6.928,1.091,0.0,False,False
10,375,587486767,5,stop,-0.0096,138.208,6.9259,1.0167,0.0,False,False
10,376,867743375,3,forward_left,-0.05,138.158,6.9253,1.116,0.0,False,False
10,377,828879,1,turn_left,-0.1,138.058,6.9246,1.0462,0.0,False,False
10,378,587486767,5,stop,-0.05,138.008,6.9244,1.0054,0.0,False,False
10,379,1406925816,4,forward_right,-0.05,137.958,6.924,1.0567,0.0,False,False
10,380,587486767,5,stop,-0.05,137.908,6.923,1.0941,0.0,False,False
10,381,587486767,5,stop,-0.05,137.858,6.9232,0.9729,0.0,False,False
10,382,1406925816,4,forward_right,-0.05,137.808,6.9225,0.9846,0.0,False,False
10,383,1406925816,4,forward_right,0.0105,137.8185,6.9195,1.0808,0.0,False,False
10,384,587486767,5,stop,-0.0049,137.8136,6.9172,1.3537,0.0,False,False
10,385,828879,1,turn_left,-0.1,137.7136,6.9172,0.994,0.0,False,False
10,386,1406925816,4,forward_right,-0.0012,137.7124,6.9148,1.1822,0.0,False,False
10,387,828879,1,turn_left,-0.1,137.6124,6.9139,1.3539,0.0,False,False
10,388,828879,1,turn_left,-0.1,137.5124,6.9146,1.0684,0.0,False,False
10,389,1440968876,0,forward,-0.05,137.4624,6.9137,0.9825,0.0,False,False
10,390,1440968876,0,forward,0.0313,137.4937,6.9097,0.9014,0.0,False,False
10,391,1440968876,0,forward,0.0584,137.5521,6.9042,0.8631,0.0,False,False
10,392,1440968876,0,forward,0.2371,137.7891,6.8899,0.8652,0.0,False,False
10,393,1440968876,0,forward,0.2031,137.9922,6.8772,0.9102,0.0,False,False
10,394,1440968876,0,forward,0.1509,138.1431,6.8672,0.9411,0.0,False,False
10,395,1440968876,0,forward,0.1992,138.3424,6.8547,0.9852,0.0,False,False
10,396,1440968876,0,forward,0.1971,138.5395,6.8424,1.0376,0.0,False,False
10,397,1440968876,0,forward,0.1949,138.7344,6.8301,1.0975,0.0,False,False
10,398,1440968876,0,forward,0.241,138.9754,6.8156,1.1307,0.0,False,False
10,399,828879,1,turn_left,0.0576,139.033,6.8077,1.1819,0.0,False,False
10,400,828879,1,turn_left,0.0394,139.0724,6.8007,1.1971,0.0,False,False
10,401,828879,1,turn_left,-0.1,138.9724,6.8006,0.9951,0.0,False,False
10,402,1406925816,4,forward_right,-0.003,138.9694,6.7983,1.0599,0.0,False,False
10,403,1440968876,0,forward,0.0935,139.0629,6.7911,1.0537,0.0,False,False
10,404,1440968876,0,forward,0.1268,139.1897,6.7823,0.9917,0.0,False,False
10,405,1440968876,0,forward,0.2226,139.4123,6.7686,0.9709,0.0,False,False
10,406,1440968876,0,forward,0.2334,139.6457,6.7545,0.9773,0.0,False,False
10,407,1440968876,0,forward,0.3728,140.0185,6.7333,1.0341,0.0,False,False
10,408,1440968876,0,forward,0.3004,140.3189,6.7158,1.0679,0.0,False,False
10,409,1440968876,0,forward,0.229,140.548,6.7019,1.0972,0.0,False,False
10,410,1440968876,0,forward,0.3664,140.9144,6.681,1.1168,0.0,False,False
10,411,828879,1,turn_left,0.1762,141.0906,6.6672,1.1797,0.0,False,False
10,412,828879,1,turn_left,0.1378,141.2284,6.6553,1.1953,0.0,False,False
10,413,828879,1,turn_left,-0.0177,141.2107,6.6512,0.9551,0.0,False,False
10,414,1406925816,4,forward_right,0.0237,141.2344,6.6475,1.1169,0.0,False,False
10,415,828879,1,turn_left,0.1212,141.3556,6.6365,1.1319,0.0,False,False
10,416,828879,1,turn_left,-0.1,141.2556,6.6365,1.0577,0.0,False,False
10,417,1440968876,0,forward,0.023,141.2786,6.6329,1.0218,0.0,False,False
10,418,1440968876,0,forward,0.1512,141.4299,6.6228,1.0101,0.0,False,False
10,419,1440968876,0,forward,0.2579,141.6878,6.6074,1.0122,0.0,False,False
10,420,1440968876,0,forward,0.4126,142.1004,6.5843,1.0142,0.0,False,False
10,421,1440968876,0,forward,0.4192,142.5195,6.5608,1.0302,0.0,False,False
10,422,1440968876,0,forward,0.4181,142.9376,6.5374,1.0533,0.0,False,False
10,423,1440968876,0,forward,0.5102,143.4479,6.5094,1.082,0.0,False,False
10,424,1440968876,0,forward,0.5087,143.9565,6.4815,1.0876,0.0,False,False
10,425,1440968876,0,forward,0.3216,144.2781,6.4629,1.0876,0.0,False,False
10,426,1440968876,0,forward,0.4137,144.6918,6.4397,1.1337,0.0,False,False
10,427,828879,1,turn_left,0.1672,144.859,6.4263,0.9874,0.0,False,False
10,428,1406925816,4,forward_right,0.0494,144.9084,6.4214,1.1646,0.0,False,False
10,429,828879,1,turn_left,0.1331,145.0415,6.4097,1.1301,0.0,False,False
10,430,828879,1,turn_left,-0.0278,145.0137,6.4061,1.1171,0.0,False,False
10,431,828879,1,turn_left,-0.1,144.9137,6.4061,1.0606,0.0,False,False
10,432,1440968876,0,forward,0.0689,144.9826,6.4002,1.03,0.0,False,False
10,433,1440968876,0,forward,0.262,145.2446,6.3846,1.0597,0.0,False,False
10,434,1440968876,0,forward,0.3773,145.6219,6.3632,1.0406,0.0,False,False
10,435,1440968876,0,forward,0.6011,146.2231,6.3307,1.0749,0.0,False,False
10,436,1440968876,0,forward,0.384,146.6071,6.309,1.0904,0.0,False,False
10,437,1440968876,0,forward,0.492,147.0991,6.2819,1.0904,0.0,False,False
10,438,828879,1,turn_left,0.3741,147.4732,6.2581,1.1158,0.0,False,False
10,439,926291406,4,forward_right,0.3906,147.8638,6.2361,1.1253,0.0,False,False
10,440,926291406,4,forward_right,0.235,148.0987,6.2219,0.9241,0.0,False,False
10,441,1406925816,4,forward_right,0.1699,148.2687,6.2109,0.9241,0.0,False,False
10,442,1406925816,4,forward_right,0.3222,148.5909,6.1923,1.1665,0.0,False,False
10,443,828879,1,turn_left,-0.0045,148.5864,6.1875,1.1665,0.0,False,False
10,444,828879,1,turn_left,-0.1,148.4864,6.1876,1.1474,0.0,False,False
10,445,926291406,4,forward_right,0.0692,148.5556,6.1817,1.0903,0.0,False,False
10,446,1166997565,3,forward_left,0.2674,148.823,6.1658,0.9614,0.0,False,False
10,447,1309443777,2,turn_right,0.3286,149.1516,6.1444,1.1231,0.0,False,False
10,448,926291406,4,forward_right,0.1369,149.2885,6.135,0.9596,0.0,False,False
10,449,1309443777,2,turn_right,0.167,149.4556,6.1217,0.9596,0.0,False,False
10,450,1309443777,2,turn_right,0.036,149.4916,6.1149,0.9725,0.0,False,False
10,451,1309443777,2,turn_right,-0.1,149.3916,6.1143,0.9665,0.0,False,False
10,452,1406925816,4,forward_right,0.0598,149.4515,6.1088,1.0695,0.0,False,False
10,453,587486767,5,stop,0.1823,149.6337,6.0972,1.2385,0.0,False,False
10,454,828879,1,turn_left,0.0052,149.639,6.0919,1.2385,0.0,False,False
10,455,828879,1,turn_left,-0.0192,149.6197,6.0879,1.2369,0.0,False,False
10,456,828879,1,turn_left,-0.1,149.5197,6.0878,0.9676,0.0,False,False
10,457,1309443777,2,turn_right,-0.0261,149.4936,6.0841,0.9676,0.0,False,False
10,458,1309443777,2,turn_right,0.0381,149.5318,6.0772,1.0437,0.0,False,False
10,459,1166997565,3,forward_left,0.1859,149.7176,6.0654,1.078,0.0,False,False
10,460,1166997565,3,forward_left,0.3351,150.0527,6.0462,1.1849,0.0,False,False
10,461,926291406,4,forward_right,0.1937,150.2464,6.034,1.1849,0.0,False,False
10,462,926291406,4,forward_right,0.2328,150.4792,6.0198,0.9583,0.0,False,False
10,463,926291406,4,forward_right,0.2532,150.7324,6.0047,1.2039,0.0,False,False
10,464,926291406,4,forward_right,0.4041,151.1365,5.982,1.2263,0.0,False,False
10,465,828879,1,turn_left,0.237,151.3735,5.9651,1.2618,0.0,False,False
10,466,828879,1,turn_left,-0.1,151.2735,5.9631,1.2618,0.0,False,False
10,467,828879,1,turn_left,-0.1,151.1735,5.9634,1.2403,0.0,False,False
10,468,926291406,4,forward_right,0.0714,151.2449,5.9573,0.9332,0.0,False,False
10,469,1309443777,2,turn_right,0.2891,151.534,5.9379,1.2204,0.0,False,False
10,470,926291406,4,forward_right,0.2381,151.7722,5.9234,1.2292,0.0,False,False
10,471,828879,1,turn_left,0.2628,152.035,5.9053,1.2326,0.0,False,False
10,472,828879,1,turn_left,-0.1,151.935,5.9036,1.2547,0.0,False,False
10,473,926291406,4,forward_right,0.2228,152.1578,5.89,1.2232,0.0,False,False
10,474,926291406,4,forward_right,0.2619,152.4196,5.8744,1.2044,0.0,False,False
10,475,926291406,4,forward_right,0.3011,152.7208,5.8569,0.9483,0.0,False,False
10,476,1406925816,4,forward_right,0.2509,152.9717,5.8418,1.2949,0.0,False,False
10,477,828879,1,turn_left,0.2638,153.2355,5.8236,1.2992,0.0,False,False
10,478,828879,1,turn_left,0.0362,153.2717,5.8168,1.3217,0.0,False,False
10,479,828879,1,turn_left,-0.1,153.1717,5.817,1.2933,0.0,False,False
10,480,926291406,4,forward_right,-0.05,153.1217,5.8151,1.2707,0.0,False,False
10,481,926291406,4,forward_right,0.4206,153.5424,5.7916,1.2323,0.0,False,False
10,482,926291406,4,forward_right,0.253,153.7954,5.7764,1.0583,0.0,False,False
10,483,1166997565,3,forward_left,0.3119,154.1073,5.7583,1.1099,0.0,False,False
10,484,828879,1,turn_left,0.1526,154.2599,5.7457,1.3164,0.0,False,False
10,485,828879,1,turn_left,0.1029,154.3627,5.7356,1.314,0.0,False,False
10,486,926291406,4,forward_right,0.2189,154.5817,5.7221,1.3056,0.0,False,False
10,487,926291406,4,forward_right,0.3337,154.9154,5.7029,1.3028,0.0,False,False
10,488,828879,1,turn_left,0.1192,155.0346,5.692,1.3223,0.0,False,False
10,489,926291406,4,forward_right,0.0638,155.0984,5.6863,1.3185,0.0,False,False
10,490,926291406,4,forward_right,0.335,155.4334,5.667,1.3395,0.0,False,False
10,491,926291406,4,forward_right,0.3286,155.762,5.6481,1.3423,0.0,False,False
10,492,828879,1,turn_left,0.1159,155.8779,5.6373,1.3577,0.0,False,False
10,493,828879,1,turn_left,-0.1,155.7779,5.6374,1.3267,0.0,False,False
10,494,926291406,4,forward_right,0.0492,155.8271,5.6325,1.064,0.0,False,False
10,495,1166997565,3,forward_left,0.2393,156.0664,5.618,1.1358,0.0,False,False
10,496,926291406,4,forward_right,0.3375,156.4039,5.5986,1.3351,0.0,False,False
10,497,926291406,4,forward_right,0.254,156.6579,5.5834,1.3488,0.0,False,False
10,498,926291406,4,forward_right,0.3436,157.0015,5.5637,1.3454,0.0,False,False
10,499,926291406,4,forward_right,0.3387,157.3402,5.5443,1.3753,0.0,False,False
10,500,926291406,4,forward_right,0.2576,157.5978,5.5289,1.3194,0.0,False,False
10,501,828879,1,turn_left,0.2663,157.8641,5.5106,0.9487,0.0,False,False
10,502,1406925816,4,forward_right,0.1436,158.0077,5.5009,1.1251,0.0,False,False
10,503,828879,1,turn_left,0.0595,158.0672,5.493,1.4107,0.0,False,False
10,504,828879,1,turn_left,-0.1,157.9672,5.4932,1.3786,0.0,False,False
10,505,926291406,4,forward_right,0.0689,158.0361,5.4873,1.3744,0.0,False,False
10,506,926291406,4,forward_right,0.3461,158.3821,5.4675,1.382,0.0,False,False
10,507,926291406,4,forward_right,0.4077,158.7898,5.4446,1.3896,0.0,False,False
10,508,926291406,4,forward_right,0.3332,159.1231,5.4254,1.4106,0.0,False,False
10,509,828879,1,turn_left,0.1352,159.2583,5.4137,1.428,0.0,False,False
10,510,926291406,4,forward_right,0.2161,159.4744,5.4004,1.4144,0.0,False,False
10,511,926291406,4,forward_right,0.2552,159.7296,5.3851,1.449,0.0,False,False
10,512,828879,1,turn_left,0.1343,159.8639,5.3734,1.3061,0.0,False,False
10,513,828879,1,turn_left,-0.005,159.8589,5.3686,1.1018,0.0,False,False
10,514,926291406,4,forward_right,0.172,160.0309,5.3575,1.4382,0.0,False,False
10,515,926291406,4,forward_right,0.2574,160.2883,5.3422,1.4479,0.0,False,False
10,516,828879,1,turn_left,0.1312,160.4195,5.3306,1.4594,0.0,False,False
10,517,926291406,4,forward_right,-0.05,160.3695,5.3287,1.4515,0.0,False,False
10,518,926291406,4,forward_right,0.491,160.8605,5.3017,1.3214,0.0,False,False
10,519,828879,1,turn_left,0.0225,160.883,5.2956,0.9459,0.0,False,False
10,520,1406925816,4,forward_right,0.2226,161.1055,5.2819,1.4856,0.0,False,False
10,521,828879,1,turn_left,0.1289,161.2344,5.2705,1.4868,0.0,False,False
10,522,828879,1,turn_left,-0.1,161.1344,5.2703,1.4617,0.0,False,False
10,523,926291406,4,forward_right,-0.05,161.0844,5.2703,1.4387,0.0,False,False
10,524,926291406,4,forward_right,0.3372,161.4216,5.2509,1.4463,0.0,False,False
10,525,926291406,4,forward_right,0.4191,161.8407,5.2275,1.4598,0.0,False,False
10,526,926291406,4,forward_right,0.2585,162.0992,5.212,1.4898,0.0,False,False
10,527,926291406,4,forward_right,0.4061,162.5053,5.1892,1.4952,0.0,False,False
10,528,828879,1,turn_left,0.0537,162.559,5.1816,1.5112,0.0,False,False
10,529,926291406,4,forward_right,0.1473,162.7063,5.1717,1.0885,0.0,False,False
10,530,1166997565,3,forward_left,0.1692,162.8755,5.1607,1.0755,0.0,False,False
10,531,1166997565,3,forward_left,0.2974,163.1729,5.1434,1.4994,0.0,False,False
10,532,926291406,4,forward_right,0.3641,163.537,5.1227,1.4793,0.0,False,False
10,533,926291406,4,forward_right,0.2416,163.7786,5.1081,1.4828,0.0,False,False
10,534,926291406,4,forward_right,0.4085,164.187,5.0851,1.5228,0.0,False,False
10,535,828879,1,turn_left,0.1818,164.3689,5.0711,1.5391,0.0,False,False
10,536,828879,1,turn_left,-0.1,164.2689,5.0701,1.5402,0.0,False,False
10,537,926291406,4,forward_right,0.0267,164.2956,5.0663,0.9425,0.0,False,False
10,538,1309443777,2,turn_right,0.1407,164.4363,5.0543,1.5303,0.0,False,False
10,539,926291406,4,forward_right,0.2501,164.6863,5.0393,1.5418,0.0,False,False
10,540,926291406,4,forward_right,0.2266,164.9129,5.0254,1.5431,0.0,False,False
10,541,828879,1,turn_left,0.0196,164.9325,5.0195,1.5527,0.0,False,False
10,542,926291406,4,forward_right,0.2142,165.1467,5.0063,1.5395,0.0,False,False
10,543,926291406,4,forward_right,0.2589,165.4056,4.9908,1.5616,0.0,False,False
10,544,926291406,4,forward_right,0.3318,165.7373,4.9717,1.3365,0.0,False,False
10,545,828879,1,turn_left,0.1723,165.9096,4.9581,0.9282,0.0,False,False
10,546,1406925816,4,forward_right,0.246,166.1556,4.9433,1.5574,0.0,False,False
10,547,828879,1,turn_left,0.0551,166.2107,4.9356,1.6041,0.0,False,False
10,548,828879,1,turn_left,-0.1,166.1107,4.9352,1.5823,0.0,False,False
10,549,926291406,4,forward_right,0.1444,166.2552,4.9255,1.5575,0.0,False,False
10,550,926291406,4,forward_right,0.2276,166.4828,4.9116,1.5875,0.0,False,False
10,551,926291406,4,forward_right,0.4847,166.9675,4.8848,1.5966,0.0,False,False
10,552,828879,1,turn_left,0.1065,167.074,4.8745,1.6148,0.0,False,False
10,553,828879,1,turn_left,-0.1,166.974,4.8736,1.5968,0.0,False,False
10,554,926291406,4,forward_right,0.1322,167.1062,4.8645,0.9846,0.0,False,False
10,555,1309443777,2,turn_right,0.2085,167.3147,4.8491,0.96,0.0,False,False
10,556,1309443777,2,turn_right,-0.1,167.2147,4.8476,0.9828,0.0,False,False
10,557,1406925816,4,forward_right,0.1025,167.3172,4.8399,1.1713,0.0,False,False
10,558,828879,1,turn_left,0.1928,167.51,4.8253,1.6438,0.0,False,False
10,559,828879,1,turn_left,-0.1,167.41,4.8255,1.2863,0.0,False,False
10,560,828879,1,turn_left,-0.1,167.31,4.8255,0.9625,0.0,False,False
10,561,1309443777,2,turn_right,0.0899,167.3999,4.816,1.3394,0.0,False,False
10,562,926291406,4,forward_right,0.0492,167.4492,4.8111,1.3665,0.0,False,False
10,563,926291406,4,forward_right,0.3921,167.8413,4.789,1.6321,0.0,False,False
10,564,828879,1,turn_left,0.1267,167.968,4.7776,1.6321,0.0,False,False
10,565,828879,1,turn_left,-0.0267,167.9413,4.774,1.5659,0.0,False,False
10,566,926291406,4,forward_right,0.1493,168.0906,4.764,1.039,0.0,False,False
10,567,1166997565,3,forward_left,0.2161,168.3067,4.7507,1.039,0.0,False,False
10,568,1309443777,2,turn_right,0.2064,168.5131,4.7354,1.1215,0.0,False,False
10,569,926291406,4,forward_right,0.0077,168.5208,4.7325,1.1215,0.0,False,False
10,570,1166997565,3,forward_left,0.3378,168.8587,4.7131,1.641,0.0,False,False
10,571,828879,1,turn_left,0.1439,169.0025,4.7009,1.6571,0.0,False,False
10,572,926291406,4,forward_right,0.0678,169.0704,4.695,1.6423,0.0,False,False
10,573,926291406,4,forward_right,0.2621,169.3325,4.6794,1.6498,0.0,False,False
10,574,926291406,4,forward_right,0.3348,169.6672,4.6602,1.6648,0.0,False,False
10,575,828879,1,turn_left,0.2558,169.923,4.6424,1.6832,0.0,False,False
10,576,828879,1,turn_left,-0.1,169.823,4.6417,1.4817,0.0,False,False
10,577,926291406,4,forward_right,0.0398,169.8628,4.6372,0.9672,0.0,False,False
10,578,1309443777,2,turn_right,0.2031,170.066,4.6221,1.6552,0.0,False,False
10,579,926291406,4,forward_right,0.0426,170.1085,4.6175,1.6566,0.0,False,False
10,580,926291406,4,forward_right,0.3762,170.4847,4.5962,1.675,0.0,False,False
10,581,828879,1,turn_left,0.1709,170.6556,4.5826,1.675,0.0,False,False
10,582,828879,1,turn_left,-0.1,170.5556,4.5815,1.6532,0.0,False,False
10,583,926291406,4,forward_right,0.1501,170.7058,4.5715,1.1738,0.0,False,False
10,584,926291406,4,forward_right,0.3606,171.0664,4.5509,1.0132,0.0,False,False
10,585,1309443777,2,turn_right,0.1583,171.2247,4.538,1.6139,0.0,False,False
10,586,926291406,4,forward_right,0.0879,171.3126,4.5311,1.6139,0.0,False,False
10,587,828879,1,turn_left,0.259,171.5715,4.5132,2.3345,0.0,False,False
10,588,828879,1,turn_left,-0.1,171.4715,4.5134,1.3461,0.0,False,False
10,589,926291406,4,forward_right,0.1455,171.6171,4.5036,1.0658,0.0,False,False
10,590,1166997565,3,forward_left,0.2226,171.8397,4.49,1.0658,0.0,False,False
10,591,1166997565,3,forward_left,0.4134,172.2531,4.4668,0.9695,0.0,False,False
10,592,1309443777,2,turn_right,0.0725,172.3256,4.4582,0.9608,0.0,False,False
10,593,1309443777,2,turn_right,-0.1,172.2256,4.4578,0.9608,0.0,False,False
10,594,1406925816,4,forward_right,-0.05,172.1756,4.4574,0.9898,0.0,False,False
10,595,1406925816,4,forward_right,0.1785,172.3541,4.446,0.9723,0.0,False,False
10,596,1406925816,4,forward_right,0.3805,172.7346,4.4245,2.6509,0.0,False,False
10,597,828879,1,turn_left,0.1124,172.847,4.4138,2.6509,0.0,False,False
10,598,828879,1,turn_left,-0.1,172.747,4.4141,3.2155,0.0,False,False
10,599,828879,1,turn_left,-0.1,172.647,4.4145,1.022,0.0,False,False
10,600,587486767,5,stop,0.0856,172.7326,4.4077,1.185,0.0,False,False
10,601,926291406,4,forward_right,0.0859,172.8185,4.4009,1.185,0.0,False,False
10,602,926291406,4,forward_right,0.152,172.9706,4.3908,1.4461,0.0,False,False
10,603,828879,1,turn_left,0.1626,173.1332,4.3777,1.7023,0.0,False,False
10,604,926291406,4,forward_right,0.1425,173.2757,4.368,1.568,0.0,False,False
10,605,926291406,4,forward_right,0.2581,173.5338,4.3526,1.3644,0.0,False,False
10,606,828879,1,turn_left,0.2151,173.7489,4.3369,1.3397,0.0,False,False
10,607,828879,1,turn_left,-0.1,173.6489,4.3371,0.9557,0.0,False,False
10,608,1309443777,2,turn_right,-0.0074,173.6415,4.3324,1.09,0.0,False,False
10,609,1166997565,3,forward_left,0.1675,173.809,4.3216,1.5002,0.0,False,False
10,610,926291406,4,forward_right,0.4056,174.2146,4.2988,2.2186,0.0,False,False
10,611,926291406,4,forward_right,0.1522,174.3668,4.2887,1.9405,0.0,False,False
10,612,926291406,4,forward_right,0.2852,174.6521,4.2719,3.7681,0.0,False,False
10,613,926291406,4,forward_right,0.4104,175.0625,4.2489,3.7355,0.0,False,False
10,614,828879,1,turn_left,0.1555,175.218,4.2361,3.7409,0.0,False,False
10,615,828879,1,turn_left,-0.1,175.118,4.2358,3.3754,0.0,False,False
10,616,926291406,4,forward_right,0.1432,175.2612,4.2261,1.1792,0.0,False,False
10,617,926291406,4,forward_right,0.4699,175.7311,4.2001,1.0928,0.0,False,False
10,618,926291406,4,forward_right,0.181,175.9121,4.1886,1.7006,0.0,False,False
10,619,926291406,4,forward_right,0.3298,176.2419,4.1696,2.7965,0.0,False,False
10,620,828879,1,turn_left,0.2254,176.4673,4.1533,3.6798,0.0,False,False
10,621,828879,1,turn_left,-0.1,176.3673,4.1535,3.3068,0.0,False,False
10,622,926291406,4,forward_right,0.0659,176.4333,4.1477,1.4296,0.0,False,False
10,623,926291406,4,forward_right,0.3424,176.7757,4.1281,1.1391,0.0,False,False
10,624,926291406,4,forward_right,0.3718,177.1475,4.107,0.9515,0.0,False,False
10,625,1406925816,4,forward_right,0.2529,177.4004,4.0918,1.4134,0.0,False,False
10,626,828879,1,turn_left,0.224,177.6245,4.0756,2.5662,0.0,False,False
10,627,828879,1,turn_left,-0.1,177.5245,4.0759,2.2546,0.0,False,False
10,628,926291406,4,forward_right,0.1438,177.6682,4.0662,1.2508,0.0,False,False
10,629,926291406,4,forward_right,0.3399,178.0081,4.0467,1.1529,0.0,False,False
10,630,926291406,4,forward_right,0.3036,178.3117,4.029,1.0011,0.0,False,False
10,631,1406925816,4,forward_right,0.2494,178.561,4.014,1.174,0.0,False,False
10,632,828879,1,turn_left,0.2244,178.7855,3.9978,1.6222,0.0,False,False
10,633,828879,1,turn_left,-0.1,178.6855,3.998,1.1538,0.0,False,False
10,634,926291406,4,forward_right,0.2215,178.907,3.9845,1.1953,0.0,False,False
10,635,828879,1,turn_left,0.1476,179.0545,3.9721,2.3024,0.0,False,False
10,636,926291406,4,forward_right,0.0697,179.1242,3.9661,1.9851,0.0,False,False
10,637,926291406,4,forward_right,0.4102,179.5344,3.9431,3.4077,0.0,False,False
10,638,828879,1,turn_left,0.0722,179.6066,3.9345,3.6018,0.0,False,False
10,639,926291406,4,forward_right,0.2196,179.8261,3.921,3.5641,0.0,False,False
10,640,926291406,4,forward_right,0.3297,180.1558,3.902,3.5806,0.0,False,False
10,641,828879,1,turn_left,0.1449,180.3008,3.8898,3.5463,0.0,False,False
10,642,828879,1,turn_left,-0.1,180.2008,3.8899,2.8148,0.0,False,False
10,643,926291406,4,forward_right,0.1504,180.3511,3.8799,1.2316,0.0,False,False
10,644,926291406,4,forward_right,0.2644,180.6156,3.8642,1.0706,0.0,False,False
10,645,1166997565,3,forward_left,0.351,180.9666,3.8442,1.1239,0.0,False,False
10,646,926291406,4,forward_right,0.2206,181.1872,3.8306,1.6146,0.0,False,False
10,647,926291406,4,forward_right,0.3676,181.5548,3.8097,2.2154,0.0,False,False
10,648,926291406,4,forward_right,0.2548,181.8095,3.7945,3.1349,0.0,False,False
10,649,828879,1,turn_left,0.2203,182.0298,3.7785,3.5302,0.0,False,False
10,650,828879,1,turn_left,-0.1,181.9298,3.7784,1.4609,0.0,False,False
10,651,926291406,4,forward_right,0.0793,182.0092,3.7719,0.9822,0.0,False,False
10,652,1309443777,2,turn_right,0.1593,182.1684,3.759,1.8395,0.0,False,False
10,653,926291406,4,forward_right,0.1839,182.3523,3.7473,2.8904,0.0,False,False
10,654,926291406,4,forward_right,0.2718,182.6241,3.7312,3.5068,0.0,False,False
10,655,828879,1,turn_left,0.2846,182.9087,3.7119,3.5108,0.0,False,False
10,656,828879,1,turn_left,-0.1,182.8087,3.7118,2.7871,0.0,False,False
10,657,926291406,4,forward_right,0.2292,183.038,3.6978,1.3086,0.0,False,False
10,658,926291406,4,forward_right,0.2626,183.3005,3.6822,1.0144,0.0,False,False
10,659,1309443777,2,turn_right,0.2661,183.5666,3.6639,1.1643,0.0,False,False
10,660,828879,1,turn_left,0.0834,183.6501,3.6547,1.2667,0.0,False,False
10,661,828879,1,turn_left,0.0064,183.6565,3.6494,0.9527,0.0,False,False
10,662,1309443777,2,turn_right,-0.0163,183.6402,3.6452,0.9527,0.0,False,False
10,663,1166997565,3,forward_left,-0.0019,183.6383,3.6428,0.9728,0.0,False,False
10,664,1406925816,4,forward_right,0.3201,183.9584,3.6243,1.1302,0.0,False,False
10,665,828879,1,turn_left,0.214,184.1724,3.6086,1.2131,0.0,False,False
10,666,828879,1,turn_left,-0.1,184.0724,3.6087,1.0024,0.0,False,False
10,667,1889449069,4,forward_right,0.1434,184.2158,3.599,1.2629,0.0,False,False
10,668,926291406,4,forward_right,0.3362,184.552,3.5797,2.677,0.0,False,False
10,669,828879,1,turn_left,0.2624,184.8144,3.5616,3.4725,0.0,False,False
10,670,828879,1,turn_left,-0.1,184.7144,3.56,3.4627,0.0,False,False
10,671,926291406,4,forward_right,0.0707,184.7852,3.5539,3.4821,0.0,False,False
10,672,926291406,4,forward_right,0.3286,185.1137,3.535,3.4572,0.0,False,False
10,673,926291406,4,forward_right,0.4844,185.5982,3.5083,3.4539,0.0,False,False
10,674,828879,1,turn_left,0.1381,185.7363,3.4964,3.4358,0.0,False,False
10,675,1508107506,3,forward_left,0.0575,185.7938,3.491,2.3971,0.0,False,False
10,676,1508107506,3,forward_left,0.3665,186.1603,3.4702,1.6297,0.0,False,False
10,677,2095099663,0,forward,0.2447,186.405,3.4554,1.1235,0.0,False,False
10,678,2095099663,0,forward,0.3246,186.7296,3.4367,1.0732,0.0,False,False
10,679,1263078535,3,forward_left,0.5376,187.2672,3.4073,1.8827,0.0,False,False
10,680,2095099663,0,forward,0.3376,187.6048,3.3879,2.9475,0.0,False,False
10,681,2095099663,0,forward,0.5088,188.1136,3.36,3.4308,0.0,False,False
10,682,2095099663,0,forward,0.4942,188.6078,3.3328,3.4329,0.0,False,False
10,683,2095099663,0,forward,0.5074,189.1152,3.3049,3.4359,0.0,False,False
10,684,2095099663,0,forward,0.5066,189.6218,3.2771,3.4285,0.0,False,False
10,685,2095099663,0,forward,0.5058,190.1276,3.2493,3.4203,0.0,False,False
10,686,2095099663,0,forward,0.505,190.6326,3.2216,3.4243,0.0,False,False
10,687,2095099663,0,forward,0.6149,191.2475,3.1883,3.3125,0.0,False,False
10,688,2095099663,0,forward,0.5033,191.7508,3.1606,2.14,0.0,False,False
10,689,2095099663,0,forward,0.5029,192.2537,3.133,1.3313,0.0,False,False
10,690,2095099663,0,forward,0.4351,192.6888,3.1087,0.9518,0.0,False,False
10,691,1341840061,1,turn_left,0.2852,192.9741,3.0895,1.4703,0.0,False,False
10,692,2095099663,0,forward,0.3706,193.3446,3.0684,2.0594,0.0,False,False
10,693,2095099663,0,forward,0.4805,193.8251,3.0419,3.3986,0.0,False,False
10,694,2095099663,0,forward,0.5048,194.3299,3.0142,3.4065,0.0,False,False
10,695,2095099663,0,forward,0.4992,194.8292,2.9867,3.4031,0.0,False,False
10,696,2095099663,0,forward,0.6137,195.4428,2.9535,3.4005,0.0,False,False
10,697,2095099663,0,forward,0.502,195.9448,2.9259,3.4024,0.0,False,False
10,698,2095099663,0,forward,0.3909,196.3357,2.9039,3.4029,0.0,False,False
10,699,2095099663,0,forward,0.6101,196.9458,2.8709,3.3947,0.0,False,False
10,700,2095099663,0,forward,0.3893,197.3351,2.8489,2.7539,0.0,False,False
10,701,2095099663,0,forward,0.4983,197.8334,2.8215,1.7624,0.0,False,False
10,702,2095099663,0,forward,0.6074,198.4408,2.7886,1.1115,0.0,False,False
10,703,2095099663,0,forward,0.4297,198.8705,2.7647,1.1784,0.0,False,False
10,704,2095099663,0,forward,0.4938,199.3643,2.7375,2.1535,0.0,False,False
10,705,2095099663,0,forward,0.3849,199.7492,2.7157,3.3706,0.0,False,False
10,706,1508107506,3,forward_left,0.5351,200.2843,2.6865,3.3762,0.0,False,False
10,707,2095099663,0,forward,0.439,200.7233,2.662,3.382,0.0,False,False
10,708,2095099663,0,forward,0.3875,201.1108,2.6401,3.3844,0.0,False,False
10,709,2095099663,0,forward,0.4955,201.6063,2.6129,3.3882,0.0,False,False
10,710,2095099663,0,forward,0.4942,202.1005,2.5857,3.3916,0.0,False,False
10,711,1508107506,3,forward_left,0.4609,202.5614,2.5601,3.395,0.0,False,False
10,712,1508107506,3,forward_left,0.3317,202.893,2.541,1.7823,0.0,False,False
10,713,2095099663,0,forward,0.4116,203.3047,2.5179,1.1152,0.0,False,False
10,714,2095099663,0,forward,0.4535,203.7582,2.4928,1.069,0.0,False,False
10,715,1263078535,3,forward_left,0.5454,204.3036,2.463,1.4032,0.0,False,False
10,716,2095099663,0,forward,0.3801,204.6837,2.4415,1.3424,0.0,False,False
10,717,2095099663,0,forward,0.3968,205.0805,2.4192,1.4021,0.0,False,False
10,718,2095099663,0,forward,0.508,205.5886,2.3913,1.2641,0.0,False,False
10,719,2095099663,0,forward,0.5075,206.0961,2.3634,1.2641,0.0,False,False
10,720,1341840061,1,turn_left,0.4731,206.5691,2.3347,1.1349,0.0,False,False
10,721,2095099663,0,forward,0.2812,206.8504,2.3182,1.2189,0.0,False,False
10,722,2095099663,0,forward,0.4645,207.3149,2.2924,1.2189,0.0,False,False
10,723,2095099663,0,forward,0.5087,207.8236,2.2645,1.2999,0.0,False,False
10,724,2095099663,0,forward,0.508,208.3316,2.2366,1.1094,0.0,False,False
10,725,2095099663,0,forward,0.48,208.8116,2.2101,1.1094,0.0,False,False
10,726,1263078535,3,forward_left,0.4715,209.2831,2.184,1.209,0.0,False,False
10,727,2095099663,0,forward,0.5268,209.8099,2.1552,1.209,0.0,False,False
10,728,2095099663,0,forward,0.3969,210.2068,2.1328,1.1648,0.0,False,False
10,729,2095099663,0,forward,0.4903,210.6971,2.1058,1.0708,0.0,False,False
10,730,1263078535,3,forward_left,0.5166,211.2137,2.0775,1.0428,0.0,False,False
10,731,1263078535,3,forward_left,0.222,211.4358,2.0639,1.0428,0.0,False,False
10,732,2095099663,0,forward,0.4981,211.9339,2.0365,1.6098,0.0,False,False
10,733,2095099663,0,forward,0.404,212.338,2.0138,1.6098,0.0,False,False
10,734,2095099663,0,forward,0.5171,212.855,1.9854,3.4627,0.0,False,False
10,735,2095099663,0,forward,0.5131,213.3681,1.9573,3.4589,0.0,False,False
10,736,2095099663,0,forward,0.6285,213.9967,1.9233,3.4705,0.0,False,False
10,737,2095099663,0,forward,0.4013,214.398,1.9008,3.4705,0.0,False,False
10,738,2095099663,0,forward,0.5131,214.9111,1.8726,3.4803,0.0,False,False
10,739,2095099663,0,forward,0.6242,215.5352,1.8389,3.4919,0.0,False,False
10,740,2095099663,0,forward,0.5105,216.0457,1.8109,2.8923,0.0,False,False
10,741,2095099663,0,forward,0.3976,216.4433,1.7885,1.8297,0.0,False,False
10,742,2095099663,0,forward,0.6204,217.0637,1.755,1.1119,0.0,False,False
10,743,2095099663,0,forward,0.3929,217.4566,1.7329,1.1119,0.0,False,False
10,744,2095099663,0,forward,0.4998,217.9564,1.7054,1.1456,0.0,False,False
10,745,2095099663,0,forward,0.3937,218.3501,1.6832,2.6912,0.0,False,False
10,746,2095099663,0,forward,0.4679,218.818,1.6573,3.5205,0.0,False,False
10,747,2095099663,0,forward,0.5017,219.3197,1.6297,3.5254,0.0,False,False
10,748,2095099663,0,forward,0.4999,219.8196,1.6022,3.5254,0.0,False,False
10,749,2095099663,0,forward,0.498,220.3176,1.5748,3.5325,0.0,False,False
10,750,2095099663,0,forward,0.4961,220.8137,1.5475,3.5362,0.0,False,False
10,751,2095099663,0,forward,0.6027,221.4164,1.5149,3.5374,0.0,False,False
10,752,1508107506,3,forward_left,0.437,221.8534,1.4905,2.3963,0.0,False,False
10,753,1508107506,3,forward_left,0.1828,222.0363,1.4789,1.3328,0.0,False,False
10,754,2095099663,0,forward,0.3928,222.429,1.4567,0.9516,0.0,False,False
10,755,1341840061,1,turn_left,0.4504,222.8794,1.4292,3.0281,0.0,False,False
10,756,2095099663,0,forward,0.2373,223.1167,1.4148,3.5647,0.0,False,False
10,757,2095099663,0,forward,0.4924,223.6091,1.3877,3.5847,0.0,False,False
10,758,2095099663,0,forward,0.4952,224.1043,1.3605,3.5882,0.0,False,False
10,759,2095099663,0,forward,0.6011,224.7054,1.3279,3.5846,0.0,False,False
10,760,1508107506,3,forward_left,0.4354,225.1408,1.3036,3.6147,0.0,False,False
10,761,1508107506,3,forward_left,0.3295,225.4703,1.2847,3.6147,0.0,False,False
10,762,2095099663,0,forward,0.4161,225.8864,1.2614,2.0251,0.0,False,False
10,763,2095099663,0,forward,500.0,725.8864,1.235,1.2896,0.0,True,False
